participant_id,retailer,letter_group,arrears_amount,concession_holder,region,letter_sent_date,sought_assistance_30d,days_to_contact,letter_status
P10000,Harbour Energy,Redesigned letter,1108.72,No,Metropolitan,2025-02-10,0,,Delivered
P10001,Kestrel Power,Standard letter,247.15,No,Metropolitan,2025-02-05,1,12,Delivered
P10002,Summit Energy,Standard letter,1264.01,No,Metropolitan,2025-02-05,0,,Delivered
P10003,Harbour Energy,Standard letter,972.54,Yes,Metropolitan,2025-02-14,0,,Delivered
P10004,Everly Energy,Redesigned letter,210.53,Yes,Regional,2025-02-07,0,,Delivered
P10005,Everly Energy,Standard letter,1520.05,Yes,Metropolitan,2025-02-12,0,,Delivered
P10006,Everly Energy,Redesigned letter,1460.36,No,Metropolitan,2025-02-13,0,,Delivered
P10007,Harbour Energy,Standard letter,680.73,No,Metropolitan,2025-02-12,1,1,Delivered
P10008,Harbour Energy,Standard letter,787.99,No,Metropolitan,2025-02-05,1,16,Delivered
P10009,Everly Energy,Redesigned letter,1245.68,No,Metropolitan,2025-02-07,0,,Delivered
P10010,Summit Energy,Redesigned letter,1453.97,No,Metropolitan,2025-02-07,0,,Delivered
P10011,Kestrel Power,Redesigned letter,1500.53,No,Metropolitan,2025-02-12,0,,Delivered
P10012,Everly Energy,Standard letter,340.11,No,Metropolitan,2025-02-04,0,,Delivered
P10013,Everly Energy,Redesigned letter,837.64,No,Metropolitan,2025-02-06,0,,Delivered
P10014,Harbour Energy,Redesigned letter,1153.46,Yes,Regional,2025-02-07,1,17,Delivered
P10015,Summit Energy,Redesigned letter,5392.74,No,Regional,2025-02-11,0,,Delivered
P10016,Lumen Energy,Standard letter,1210.12,Yes,Regional,2025-02-07,0,,Delivered
P10017,Lumen Energy,Redesigned letter,1604.83,No,Metropolitan,2025-02-12,0,,Delivered
P10018,Summit Energy,Standard letter,1210.46,No,Metropolitan,2025-02-14,0,,Delivered
P10019,Summit Energy,Standard letter,487.59,Yes,Regional,2025-02-11,1,8,Delivered
P10020,Harbour Energy,Standard letter,520.06,Yes,Metropolitan,2025-02-06,1,25,Delivered
P10021,Lumen Energy,Standard letter,624.09,No,Regional,2025-02-03,0,,Delivered
P10022,Everly Energy,Redesigned letter,821.3,No,Regional,2025-02-03,1,2,Delivered
P10023,Summit Energy,Redesigned letter,1856.17,Yes,Regional,2025-02-03,0,,Delivered
P10024,Everly Energy,Standard letter,3348.69,No,Metropolitan,2025-02-03,0,,Delivered
P10025,Everly Energy,Standard letter,907.99,No,Metropolitan,2025-02-10,0,,Delivered
P10026,Lumen Energy,Redesigned letter,715.01,No,Metropolitan,2025-02-08,0,,Delivered
P10027,Harbour Energy,Redesigned letter,1998.72,Yes,Metropolitan,2025-02-10,0,,Delivered
P10028,Harbour Energy,Standard letter,702.18,No,Regional,2025-02-05,0,,Delivered
P10029,Lumen Energy,Standard letter,460.46,No,Metropolitan,2025-02-13,0,,Delivered
P10030,Harbour Energy,Redesigned letter,659.04,No,Regional,2025-02-14,0,,Delivered
P10031,Lumen Energy,Redesigned letter,892.14,Yes,Regional,2025-02-04,1,19,Delivered
P10032,Summit Energy,Redesigned letter,1088.56,No,Metropolitan,2025-02-10,0,,Delivered
P10033,Harbour Energy,Redesigned letter,632.62,Yes,Metropolitan,2025-02-06,0,,Delivered
P10034,Solace Power,Standard letter,2349.76,No,Metropolitan,2025-02-03,0,,Delivered
P10035,Solace Power,Standard letter,694.4,No,Metropolitan,2025-02-03,0,,Delivered
P10036,Harbour Energy,Redesigned letter,940.19,Yes,Metropolitan,2025-02-12,0,,Delivered
P10037,Harbour Energy,Redesigned letter,1195.64,No,Regional,2025-02-06,1,4,Delivered
P10038,Kestrel Power,Redesigned letter,1035.95,Yes,Metropolitan,2025-02-08,0,,Delivered
P10039,Harbour Energy,Redesigned letter,1699.37,No,Metropolitan,2025-02-08,0,,Delivered
P10040,Kestrel Power,Standard letter,473.16,No,Regional,2025-02-08,0,,Delivered
P10041,Harbour Energy,Standard letter,254.98,No,Regional,2025-02-05,0,,Delivered
P10042,Everly Energy,Redesigned letter,597.29,No,Regional,2025-02-09,0,,Delivered
P10043,Harbour Energy,Redesigned letter,777.35,No,Metropolitan,2025-02-05,0,,Delivered
P10044,Everly Energy,Redesigned letter,315.02,No,Metropolitan,2025-02-12,0,,Delivered
P10045,Everly Energy,Standard letter,951.89,No,Regional,2025-02-13,0,,Delivered
P10046,Everly Energy,Redesigned letter,1385.3,No,Metropolitan,2025-02-12,0,,Delivered
P10047,Everly Energy,Standard letter,989.0,No,Regional,2025-02-03,0,,Delivered
P10048,Lumen Energy,Standard letter,1314.75,No,Metropolitan,2025-02-08,0,,Delivered
P10049,Summit Energy,Redesigned letter,535.86,No,Regional,2025-02-11,1,16,Delivered
P10050,Kestrel Power,Redesigned letter,1632.61,No,Metropolitan,2025-02-04,1,17,Delivered
P10051,Kestrel Power,Standard letter,1237.33,No,Metropolitan,2025-02-03,1,27,Delivered
P10052,Everly Energy,Redesigned letter,1159.79,No,Metropolitan,2025-02-09,0,,Delivered
P10053,Harbour Energy,Redesigned letter,1020.25,Yes,Metropolitan,2025-02-12,0,,Delivered
P10054,Everly Energy,Redesigned letter,261.38,No,Regional,2025-02-06,0,,Delivered
P10055,Harbour Energy,Redesigned letter,472.45,No,Metropolitan,2025-02-06,1,28,Delivered
P10056,Harbour Energy,Standard letter,321.03,No,Metropolitan,2025-02-08,0,,Delivered
P10057,Harbour Energy,Redesigned letter,947.59,Yes,Metropolitan,2025-02-14,0,,Delivered
P10058,Solace Power,Standard letter,1175.89,No,Metropolitan,2025-02-13,1,18,Delivered
P10059,Harbour Energy,Redesigned letter,847.56,No,Metropolitan,2025-02-10,1,2,Delivered
P10060,Summit Energy,Redesigned letter,1235.02,No,Metropolitan,2025-02-08,1,14,Delivered
P10061,Everly Energy,Redesigned letter,2603.69,No,Regional,2025-02-11,1,12,Delivered
P10062,Harbour Energy,Redesigned letter,774.04,No,Metropolitan,2025-02-05,0,,Delivered
P10063,Kestrel Power,Redesigned letter,833.98,No,Metropolitan,2025-02-12,1,1,Delivered
P10064,Harbour Energy,Redesigned letter,487.07,No,Regional,2025-02-07,0,,Delivered
P10065,Everly Energy,Standard letter,954.19,No,Metropolitan,2025-02-04,0,,Delivered
P10066,Everly Energy,Standard letter,940.05,No,Regional,2025-02-06,0,,Delivered
P10067,Harbour Energy,Redesigned letter,324.48,No,Regional,2025-02-10,0,,Delivered
P10068,Kestrel Power,Standard letter,3223.02,No,Metropolitan,2025-02-07,0,,Delivered
P10069,Everly Energy,Redesigned letter,672.84,No,Metropolitan,2025-02-11,0,,Delivered
P10070,Summit Energy,Standard letter,725.74,No,Metropolitan,2025-02-10,0,,Delivered
P10071,Lumen Energy,Redesigned letter,322.04,No,Metropolitan,2025-02-04,0,,Delivered
P10072,Kestrel Power,Redesigned letter,1044.56,No,Metropolitan,2025-02-13,0,,Delivered
P10073,Everly Energy,Standard letter,453.59,No,Regional,2025-02-09,0,,Delivered
P10074,Solace Power,Redesigned letter,975.56,No,Metropolitan,2025-02-12,0,,Delivered
P10075,Harbour Energy,Redesigned letter,1609.47,Yes,Metropolitan,2025-02-12,1,15,Delivered
P10076,Everly Energy,Standard letter,1147.39,Yes,Metropolitan,2025-02-08,0,,Delivered
P10077,Everly Energy,Standard letter,3239.28,No,Metropolitan,2025-02-03,0,,Delivered
P10078,Harbour Energy,Standard letter,1472.7,Yes,Metropolitan,2025-02-12,0,,Delivered
P10079,Everly Energy,Standard letter,1206.38,No,Metropolitan,2025-02-12,0,,Delivered
P10080,Lumen Energy,Standard letter,527.39,Yes,Regional,2025-02-14,1,21,Delivered
P10081,Harbour Energy,Standard letter,422.73,No,Metropolitan,2025-02-03,0,,Delivered
P10082,Kestrel Power,Redesigned letter,1308.49,Yes,Metropolitan,2025-02-12,,,Returned undeliverable
P10083,Harbour Energy,Standard letter,696.19,No,Metropolitan,2025-02-09,1,24,Delivered
P10084,Everly Energy,Standard letter,671.85,No,Metropolitan,2025-02-08,0,,Delivered
P10085,Everly Energy,Redesigned letter,971.43,Yes,Regional,2025-02-09,0,,Delivered
P10086,Harbour Energy,Standard letter,1586.49,No,Metropolitan,2025-02-12,0,,Delivered
P10087,Everly Energy,Standard letter,691.05,No,Regional,2025-02-10,1,30,Delivered
P10088,Lumen Energy,Standard letter,816.26,No,Metropolitan,2025-02-10,0,,Delivered
P10089,Everly Energy,Standard letter,505.65,Yes,Regional,2025-02-09,0,,Delivered
P10090,Solace Power,Standard letter,770.69,No,Regional,2025-02-13,0,,Delivered
P10091,Everly Energy,Redesigned letter,1058.22,No,Regional,2025-02-05,0,,Delivered
P10092,Kestrel Power,Redesigned letter,1590.01,No,Regional,2025-02-03,0,,Delivered
P10093,Everly Energy,Redesigned letter,1035.29,No,Metropolitan,2025-02-03,0,,Delivered
P10094,Everly Energy,Standard letter,1037.2,No,Metropolitan,2025-02-09,0,,Delivered
P10095,Everly Energy,Redesigned letter,1177.36,No,Regional,2025-02-05,1,19,Delivered
P10096,Harbour Energy,Standard letter,1395.44,No,Metropolitan,2025-02-04,0,,Delivered
P10097,Summit Energy,Standard letter,1245.3,Yes,Regional,2025-02-09,0,,Delivered
P10098,Solace Power,Redesigned letter,2441.88,Yes,Metropolitan,2025-02-05,0,,Delivered
P10099,Kestrel Power,Standard letter,1277.69,No,Metropolitan,2025-02-11,0,,Delivered
P10100,Harbour Energy,Redesigned letter,3922.93,No,Metropolitan,2025-02-09,1,2,Delivered
P10101,Summit Energy,Standard letter,709.04,Yes,Metropolitan,2025-02-12,0,,Delivered
P10102,Solace Power,Redesigned letter,1477.03,No,Metropolitan,2025-02-13,0,,Delivered
P10103,Everly Energy,Redesigned letter,1082.19,Yes,Metropolitan,2025-02-06,1,6,Delivered
P10104,Summit Energy,Standard letter,406.63,No,Regional,2025-02-03,0,,Delivered
P10105,Summit Energy,Redesigned letter,2052.45,No,Regional,2025-02-11,0,,Delivered
P10106,Everly Energy,Redesigned letter,625.74,No,Metropolitan,2025-02-07,0,,Delivered
P10107,Summit Energy,Standard letter,382.25,No,Regional,2025-02-14,0,,Delivered
P10108,Everly Energy,Standard letter,1231.62,No,Metropolitan,2025-02-14,0,,Delivered
P10109,Lumen Energy,Standard letter,1021.91,Yes,Metropolitan,2025-02-14,0,,Delivered
P10110,Everly Energy,Redesigned letter,1898.7,No,Metropolitan,2025-02-10,0,,Delivered
P10111,Everly Energy,Redesigned letter,785.74,No,Regional,2025-02-14,0,,Delivered
P10112,Summit Energy,Redesigned letter,635.86,Yes,Metropolitan,2025-02-09,0,,Delivered
P10113,Everly Energy,Redesigned letter,602.33,Yes,Regional,2025-02-10,,,Returned undeliverable
P10114,Solace Power,Standard letter,867.37,No,Metropolitan,2025-02-04,0,,Delivered
P10115,Summit Energy,Standard letter,860.71,Yes,Metropolitan,2025-02-07,0,,Delivered
P10116,Everly Energy,Redesigned letter,793.87,No,Regional,2025-02-13,1,9,Delivered
P10117,Kestrel Power,Redesigned letter,472.5,No,Metropolitan,2025-02-06,0,,Delivered
P10118,Everly Energy,Standard letter,1170.7,No,Metropolitan,2025-02-06,0,,Delivered
P10119,Everly Energy,Redesigned letter,2187.25,No,Regional,2025-02-10,1,9,Delivered
P10120,Harbour Energy,Standard letter,1468.57,No,Regional,2025-02-06,0,,Delivered
P10121,Everly Energy,Standard letter,335.02,No,Metropolitan,2025-02-13,0,,Delivered
P10122,Everly Energy,Standard letter,656.64,No,Metropolitan,2025-02-03,0,,Delivered
P10123,Lumen Energy,Redesigned letter,2543.77,No,Regional,2025-02-10,0,,Delivered
P10124,Harbour Energy,Redesigned letter,1798.18,No,Metropolitan,2025-02-05,0,,Delivered
P10125,Harbour Energy,Standard letter,1633.22,Yes,Regional,2025-02-03,0,,Delivered
P10126,Harbour Energy,Redesigned letter,1030.03,No,Metropolitan,2025-02-03,0,,Delivered
P10127,Kestrel Power,Standard letter,707.72,No,Regional,2025-02-03,0,,Delivered
P10128,Summit Energy,Redesigned letter,774.87,No,Metropolitan,2025-02-12,0,,Delivered
P10129,Everly Energy,Redesigned letter,880.57,No,Regional,2025-02-13,0,,Delivered
P10130,Lumen Energy,Standard letter,1216.22,No,Metropolitan,2025-02-13,0,,Delivered
P10131,Harbour Energy,Redesigned letter,854.54,No,Regional,2025-02-07,0,,Delivered
P10132,Everly Energy,Redesigned letter,1135.79,Yes,Metropolitan,2025-02-05,1,22,Delivered
P10133,Harbour Energy,Standard letter,606.0,Yes,Metropolitan,2025-02-04,0,,Delivered
P10134,Harbour Energy,Standard letter,1150.35,Yes,Regional,2025-02-06,0,,Delivered
P10135,Everly Energy,Redesigned letter,990.69,No,Regional,2025-02-14,0,,Delivered
P10136,Everly Energy,Standard letter,1074.74,Yes,Regional,2025-02-08,,,Returned undeliverable
P10137,Lumen Energy,Standard letter,470.75,Yes,Metropolitan,2025-02-14,0,,Delivered
P10138,Summit Energy,Redesigned letter,1947.18,No,Metropolitan,2025-02-13,0,,Delivered
P10139,Harbour Energy,Standard letter,1349.12,No,Metropolitan,2025-02-08,0,,Delivered
P10140,Kestrel Power,Standard letter,1369.96,No,Regional,2025-02-11,0,,Delivered
P10141,Kestrel Power,Redesigned letter,2345.83,No,Metropolitan,2025-02-12,0,,Delivered
P10142,Everly Energy,Standard letter,553.59,No,Metropolitan,2025-02-05,0,,Delivered
P10143,Harbour Energy,Standard letter,700.01,Yes,Metropolitan,2025-02-11,0,,Delivered
P10144,Harbour Energy,Standard letter,696.12,No,Regional,2025-02-13,0,,Delivered
P10145,Harbour Energy,Standard letter,565.0,No,Metropolitan,2025-02-09,0,,Delivered
P10146,Kestrel Power,Standard letter,1793.53,No,Metropolitan,2025-02-10,1,24,Delivered
P10147,Everly Energy,Redesigned letter,1644.95,No,Regional,2025-02-07,0,,Delivered
P10148,Harbour Energy,Standard letter,2392.6,No,Metropolitan,2025-02-06,0,,Delivered
P10149,Harbour Energy,Standard letter,1567.23,No,Regional,2025-02-05,0,,Delivered
P10150,Lumen Energy,Redesigned letter,513.79,No,Regional,2025-02-03,0,,Delivered
P10151,Lumen Energy,Standard letter,774.27,No,Metropolitan,2025-02-05,0,,Delivered
P10152,Harbour Energy,Redesigned letter,1844.28,Yes,Regional,2025-02-11,0,,Delivered
P10153,Solace Power,Redesigned letter,1773.64,No,Metropolitan,2025-02-08,0,,Delivered
P10154,Everly Energy,Standard letter,336.44,No,Regional,2025-02-10,0,,Delivered
P10155,Summit Energy,Standard letter,2236.83,No,Metropolitan,2025-02-04,0,,Delivered
P10156,Everly Energy,Standard letter,753.68,Yes,Regional,2025-02-11,0,,Delivered
P10157,Everly Energy,Redesigned letter,854.48,No,Regional,2025-02-07,,,Returned undeliverable
P10158,Kestrel Power,Redesigned letter,1229.25,Yes,Metropolitan,2025-02-09,0,,Delivered
P10159,Everly Energy,Standard letter,710.73,No,Metropolitan,2025-02-07,0,,Delivered
P10160,Summit Energy,Standard letter,526.64,No,Metropolitan,2025-02-14,0,,Delivered
P10161,Lumen Energy,Standard letter,1269.0,No,Metropolitan,2025-02-07,0,,Delivered
P10162,Everly Energy,Standard letter,2505.58,No,Metropolitan,2025-02-08,0,,Delivered
P10163,Everly Energy,Redesigned letter,904.17,No,Metropolitan,2025-02-04,0,,Delivered
P10164,Harbour Energy,Redesigned letter,1184.5,Yes,Metropolitan,2025-02-13,0,,Delivered
P10165,Summit Energy,Standard letter,990.73,Yes,Regional,2025-02-13,0,,Delivered
P10166,Harbour Energy,Redesigned letter,2376.42,No,Regional,2025-02-13,0,,Delivered
P10167,Harbour Energy,Redesigned letter,832.83,No,Metropolitan,2025-02-11,1,17,Delivered
P10168,Summit Energy,Redesigned letter,1658.42,No,Metropolitan,2025-02-03,0,,Delivered
P10169,Lumen Energy,Redesigned letter,591.04,No,Metropolitan,2025-02-09,0,,Delivered
P10170,Kestrel Power,Standard letter,1367.45,Yes,Metropolitan,2025-02-10,0,,Delivered
P10171,Harbour Energy,Redesigned letter,1104.08,No,Regional,2025-02-13,0,,Delivered
P10172,Harbour Energy,Redesigned letter,1146.01,No,Metropolitan,2025-02-09,0,,Delivered
P10173,Harbour Energy,Standard letter,762.47,No,Regional,2025-02-12,0,,Delivered
P10174,Lumen Energy,Standard letter,910.86,Yes,Regional,2025-02-07,1,20,Delivered
P10175,Summit Energy,Redesigned letter,2542.77,Yes,Metropolitan,2025-02-13,0,,Delivered
P10176,Kestrel Power,Redesigned letter,425.86,No,Regional,2025-02-05,1,22,Delivered
P10177,Kestrel Power,Redesigned letter,382.5,No,Regional,2025-02-07,0,,Delivered
P10178,Summit Energy,Redesigned letter,1619.84,No,Regional,2025-02-09,0,,Delivered
P10179,Harbour Energy,Standard letter,676.95,No,Regional,2025-02-11,1,2,Delivered
P10180,Summit Energy,Redesigned letter,993.87,Yes,Regional,2025-02-12,0,,Delivered
P10181,Kestrel Power,Redesigned letter,871.51,No,Metropolitan,2025-02-09,,,Returned undeliverable
P10182,Everly Energy,Standard letter,642.87,No,Metropolitan,2025-02-14,0,,Delivered
P10183,Everly Energy,Redesigned letter,665.28,No,Regional,2025-02-08,1,30,Delivered
P10184,Harbour Energy,Standard letter,925.93,No,Metropolitan,2025-02-08,0,,Delivered
P10185,Solace Power,Redesigned letter,335.3,Yes,Metropolitan,2025-02-03,0,,Delivered
P10186,Kestrel Power,Redesigned letter,525.34,Yes,Metropolitan,2025-02-12,1,24,Delivered
P10187,Solace Power,Standard letter,641.54,No,Metropolitan,2025-02-07,,,Returned undeliverable
P10188,Harbour Energy,Redesigned letter,1600.46,No,Metropolitan,2025-02-03,0,,Delivered
P10189,Everly Energy,Redesigned letter,619.17,No,Regional,2025-02-11,0,,Delivered
P10190,Everly Energy,Standard letter,958.09,No,Metropolitan,2025-02-09,0,,Delivered
P10191,Kestrel Power,Redesigned letter,1144.35,No,Metropolitan,2025-02-08,0,,Delivered
P10192,Everly Energy,Redesigned letter,362.52,No,Metropolitan,2025-02-09,0,,Delivered
P10193,Lumen Energy,Standard letter,1687.77,Yes,Metropolitan,2025-02-07,0,,Delivered
P10194,Everly Energy,Standard letter,1225.97,No,Regional,2025-02-06,0,,Delivered
P10195,Lumen Energy,Redesigned letter,1669.3,No,Metropolitan,2025-02-14,0,,Delivered
P10196,Summit Energy,Redesigned letter,265.27,No,Regional,2025-02-03,1,25,Delivered
P10197,Harbour Energy,Standard letter,915.32,Yes,Metropolitan,2025-02-07,0,,Delivered
P10198,Lumen Energy,Standard letter,417.87,No,Metropolitan,2025-02-08,0,,Delivered
P10199,Everly Energy,Standard letter,597.34,Yes,Regional,2025-02-11,0,,Delivered
P10200,Harbour Energy,Redesigned letter,355.89,No,Metropolitan,2025-02-03,1,11,Delivered
P10201,Everly Energy,Standard letter,1065.17,No,Regional,2025-02-06,1,3,Delivered
P10202,Summit Energy,Standard letter,566.11,No,Metropolitan,2025-02-06,0,,Delivered
P10203,Lumen Energy,Redesigned letter,925.14,Yes,Regional,2025-02-10,1,2,Delivered
P10204,Harbour Energy,Standard letter,1436.29,No,Metropolitan,2025-02-04,0,,Delivered
P10205,Harbour Energy,Redesigned letter,312.7,No,Metropolitan,2025-02-12,0,,Delivered
P10206,Everly Energy,Standard letter,850.77,No,Metropolitan,2025-02-05,0,,Delivered
P10207,Harbour Energy,Redesigned letter,562.15,No,Regional,2025-02-05,0,,Delivered
P10208,Harbour Energy,Standard letter,2663.81,No,Metropolitan,2025-02-07,0,,Delivered
P10209,Lumen Energy,Standard letter,1356.27,No,Metropolitan,2025-02-07,0,,Delivered
P10210,Everly Energy,Redesigned letter,608.83,Yes,Metropolitan,2025-02-04,0,,Delivered
P10211,Everly Energy,Standard letter,785.09,No,Metropolitan,2025-02-03,0,,Delivered
P10212,Everly Energy,Redesigned letter,857.3,No,Regional,2025-02-04,0,,Delivered
P10213,Solace Power,Standard letter,460.71,No,Metropolitan,2025-02-05,0,,Delivered
P10214,Everly Energy,Redesigned letter,1690.57,No,Regional,2025-02-11,1,25,Delivered
P10215,Solace Power,Standard letter,759.46,No,Metropolitan,2025-02-10,0,,Delivered
P10216,Everly Energy,Standard letter,413.31,No,Metropolitan,2025-02-10,0,,Delivered
P10217,Harbour Energy,Redesigned letter,737.64,No,Regional,2025-02-05,1,8,Delivered
P10218,Everly Energy,Redesigned letter,2525.96,No,Regional,2025-02-14,0,,Delivered
P10219,Harbour Energy,Standard letter,863.34,No,Regional,2025-02-11,1,14,Delivered
P10220,Kestrel Power,Redesigned letter,1138.83,No,Metropolitan,2025-02-06,1,20,Delivered
P10221,Harbour Energy,Standard letter,1570.59,No,Metropolitan,2025-02-13,0,,Delivered
P10222,Everly Energy,Standard letter,2181.96,Yes,Metropolitan,2025-02-09,0,,Delivered
P10223,Kestrel Power,Redesigned letter,723.86,No,Metropolitan,2025-02-06,0,,Delivered
P10224,Harbour Energy,Redesigned letter,502.94,No,Regional,2025-02-08,0,,Delivered
P10225,Solace Power,Redesigned letter,1500.22,No,Metropolitan,2025-02-07,1,10,Delivered
P10226,Everly Energy,Redesigned letter,768.3,Yes,Metropolitan,2025-02-09,0,,Delivered
P10227,Harbour Energy,Standard letter,496.65,No,Metropolitan,2025-02-12,0,,Delivered
P10228,Kestrel Power,Redesigned letter,722.62,Yes,Metropolitan,2025-02-13,0,,Delivered
P10229,Harbour Energy,Redesigned letter,749.45,No,Metropolitan,2025-02-10,0,,Delivered
P10230,Kestrel Power,Standard letter,1224.95,Yes,Metropolitan,2025-02-14,1,30,Delivered
P10231,Lumen Energy,Redesigned letter,540.16,No,Metropolitan,2025-02-10,0,,Delivered
P10232,Harbour Energy,Standard letter,621.16,No,Metropolitan,2025-02-09,0,,Delivered
P10233,Lumen Energy,Redesigned letter,1798.44,No,Metropolitan,2025-02-07,1,5,Delivered
P10234,Everly Energy,Standard letter,314.02,Yes,Metropolitan,2025-02-12,0,,Delivered
P10235,Summit Energy,Redesigned letter,156.72,No,Regional,2025-02-14,0,,Delivered
P10236,Lumen Energy,Redesigned letter,1278.92,Yes,Regional,2025-02-04,0,,Delivered
P10237,Summit Energy,Redesigned letter,1423.78,No,Metropolitan,2025-02-11,1,2,Delivered
P10238,Everly Energy,Standard letter,350.53,No,Metropolitan,2025-02-11,0,,Delivered
P10239,Harbour Energy,Redesigned letter,2325.82,Yes,Metropolitan,2025-02-13,,,Returned undeliverable
P10240,Summit Energy,Redesigned letter,881.5,Yes,Metropolitan,2025-02-10,0,,Delivered
P10241,Lumen Energy,Redesigned letter,408.5,No,Metropolitan,2025-02-06,0,,Delivered
P10242,Harbour Energy,Redesigned letter,329.07,No,Regional,2025-02-04,0,,Delivered
P10243,Kestrel Power,Standard letter,726.54,No,Metropolitan,2025-02-13,1,12,Delivered
P10244,Everly Energy,Standard letter,429.73,No,Regional,2025-02-11,0,,Delivered
P10245,Harbour Energy,Standard letter,2278.13,Yes,Metropolitan,2025-02-03,0,,Delivered
P10246,Harbour Energy,Standard letter,794.86,No,Metropolitan,2025-02-08,0,,Delivered
P10247,Harbour Energy,Redesigned letter,410.05,No,Metropolitan,2025-02-06,0,,Delivered
P10248,Lumen Energy,Standard letter,693.8,Yes,Metropolitan,2025-02-04,1,15,Delivered
P10249,Harbour Energy,Standard letter,833.81,No,Metropolitan,2025-02-05,0,,Delivered
P10250,Everly Energy,Redesigned letter,1772.42,No,Regional,2025-02-09,0,,Delivered
P10251,Everly Energy,Redesigned letter,1104.55,No,Regional,2025-02-12,1,15,Delivered
P10252,Harbour Energy,Redesigned letter,671.42,Yes,Regional,2025-02-11,0,,Delivered
P10253,Harbour Energy,Redesigned letter,1161.47,Yes,Regional,2025-02-09,1,7,Delivered
P10254,Everly Energy,Standard letter,330.45,Yes,Regional,2025-02-12,0,,Delivered
P10255,Everly Energy,Redesigned letter,753.13,Yes,Metropolitan,2025-02-12,1,9,Delivered
P10256,Everly Energy,Redesigned letter,901.36,No,Regional,2025-02-10,0,,Delivered
P10257,Everly Energy,Standard letter,600.22,Yes,Regional,2025-02-13,0,,Delivered
P10258,Everly Energy,Redesigned letter,990.1,No,Regional,2025-02-13,0,,Delivered
P10259,Summit Energy,Standard letter,415.58,Yes,Regional,2025-02-12,0,,Delivered
P10260,Everly Energy,Redesigned letter,1831.43,No,Metropolitan,2025-02-05,0,,Delivered
P10261,Kestrel Power,Standard letter,755.62,No,Metropolitan,2025-02-04,0,,Delivered
P10262,Everly Energy,Standard letter,1731.55,No,Metropolitan,2025-02-03,1,19,Delivered
P10263,Everly Energy,Standard letter,640.9,Yes,Metropolitan,2025-02-03,0,,Delivered
P10264,Everly Energy,Standard letter,378.99,Yes,Metropolitan,2025-02-10,1,24,Delivered
P10265,Kestrel Power,Redesigned letter,2518.9,No,Regional,2025-02-12,0,,Delivered
P10266,Everly Energy,Standard letter,550.63,No,Regional,2025-02-09,0,,Delivered
P10267,Kestrel Power,Redesigned letter,971.99,Yes,Metropolitan,2025-02-08,0,,Delivered
P10268,Summit Energy,Standard letter,755.74,No,Metropolitan,2025-02-06,0,,Delivered
P10269,Everly Energy,Standard letter,435.16,No,Metropolitan,2025-02-05,,,Returned undeliverable
P10270,Summit Energy,Standard letter,973.74,No,Metropolitan,2025-02-05,0,,Delivered
P10271,Summit Energy,Redesigned letter,355.79,No,Metropolitan,2025-02-12,0,,Delivered
P10272,Everly Energy,Redesigned letter,1908.73,No,Metropolitan,2025-02-10,0,,Delivered
P10273,Lumen Energy,Redesigned letter,1407.1,No,Metropolitan,2025-02-05,1,14,Delivered
P10274,Everly Energy,Redesigned letter,1141.52,No,Regional,2025-02-05,0,,Delivered
P10275,Kestrel Power,Standard letter,881.51,No,Regional,2025-02-04,0,,Delivered
P10276,Harbour Energy,Redesigned letter,860.81,No,Metropolitan,2025-02-09,0,,Delivered
P10277,Everly Energy,Standard letter,1407.5,No,Metropolitan,2025-02-07,1,30,Delivered
P10278,Kestrel Power,Redesigned letter,2318.23,Yes,Regional,2025-02-12,0,,Delivered
P10279,Summit Energy,Redesigned letter,1082.38,No,Metropolitan,2025-02-04,1,5,Delivered
P10280,Everly Energy,Redesigned letter,631.21,No,Regional,2025-02-08,0,,Delivered
P10281,Summit Energy,Standard letter,694.55,No,Regional,2025-02-13,1,29,Delivered
P10282,Harbour Energy,Standard letter,361.45,No,Regional,2025-02-12,0,,Delivered
P10283,Everly Energy,Standard letter,1689.16,No,Regional,2025-02-03,1,10,Delivered
P10284,Summit Energy,Standard letter,1791.29,No,Metropolitan,2025-02-07,0,,Delivered
P10285,Kestrel Power,Redesigned letter,534.56,Yes,Regional,2025-02-05,0,,Delivered
P10286,Everly Energy,Standard letter,855.86,No,Metropolitan,2025-02-05,0,,Delivered
P10287,Harbour Energy,Redesigned letter,1386.21,No,Regional,2025-02-05,0,,Delivered
P10288,Harbour Energy,Redesigned letter,659.43,No,Regional,2025-02-06,0,,Delivered
P10289,Harbour Energy,Standard letter,543.53,No,Metropolitan,2025-02-11,0,,Delivered
P10290,Everly Energy,Redesigned letter,598.87,Yes,Regional,2025-02-13,0,,Delivered
P10291,Harbour Energy,Redesigned letter,563.2,No,Metropolitan,2025-02-05,0,,Delivered
P10292,Harbour Energy,Redesigned letter,838.32,No,Metropolitan,2025-02-09,0,,Delivered
P10293,Solace Power,Redesigned letter,803.92,No,Regional,2025-02-14,0,,Delivered
P10294,Everly Energy,Standard letter,2969.95,No,Regional,2025-02-03,0,,Delivered
P10295,Everly Energy,Redesigned letter,371.45,No,Metropolitan,2025-02-11,0,,Delivered
P10296,Everly Energy,Redesigned letter,1227.28,Yes,Metropolitan,2025-02-09,0,,Delivered
P10297,Kestrel Power,Standard letter,659.44,No,Metropolitan,2025-02-12,0,,Delivered
P10298,Harbour Energy,Standard letter,577.82,No,Metropolitan,2025-02-11,0,,Delivered
P10299,Solace Power,Redesigned letter,666.06,Yes,Regional,2025-02-11,0,,Delivered
P10300,Harbour Energy,Standard letter,413.42,Yes,Regional,2025-02-03,0,,Delivered
P10301,Everly Energy,Standard letter,449.16,No,Metropolitan,2025-02-09,0,,Delivered
P10302,Harbour Energy,Standard letter,2113.67,No,Metropolitan,2025-02-07,0,,Delivered
P10303,Harbour Energy,Standard letter,800.99,No,Regional,2025-02-12,0,,Delivered
P10304,Everly Energy,Standard letter,1394.36,Yes,Metropolitan,2025-02-11,1,7,Delivered
P10305,Summit Energy,Redesigned letter,3248.63,No,Metropolitan,2025-02-12,0,,Delivered
P10306,Harbour Energy,Standard letter,625.58,No,Regional,2025-02-08,1,22,Delivered
P10307,Kestrel Power,Standard letter,513.49,No,Metropolitan,2025-02-13,0,,Delivered
P10308,Lumen Energy,Redesigned letter,932.71,Yes,Metropolitan,2025-02-14,0,,Delivered
P10309,Everly Energy,Redesigned letter,623.09,No,Metropolitan,2025-02-09,0,,Delivered
P10310,Harbour Energy,Redesigned letter,755.61,No,Metropolitan,2025-02-04,0,,Delivered
P10311,Solace Power,Standard letter,588.3,No,Metropolitan,2025-02-14,1,15,Delivered
P10312,Everly Energy,Standard letter,1433.62,No,Metropolitan,2025-02-03,0,,Delivered
P10313,Everly Energy,Standard letter,769.79,No,Metropolitan,2025-02-03,0,,Delivered
P10314,Kestrel Power,Standard letter,1032.46,Yes,Regional,2025-02-14,0,,Delivered
P10315,Harbour Energy,Redesigned letter,450.72,Yes,Metropolitan,2025-02-10,1,23,Delivered
P10316,Harbour Energy,Redesigned letter,730.56,No,Regional,2025-02-05,1,12,Delivered
P10317,Solace Power,Redesigned letter,2343.5,No,Metropolitan,2025-02-09,1,20,Delivered
P10318,Summit Energy,Standard letter,1852.7,No,Metropolitan,2025-02-13,0,,Delivered
P10319,Summit Energy,Standard letter,1104.12,No,Regional,2025-02-13,0,,Delivered
P10320,Summit Energy,Redesigned letter,518.25,No,Metropolitan,2025-02-04,0,,Delivered
P10321,Harbour Energy,Standard letter,866.04,Yes,Regional,2025-02-04,0,,Delivered
P10322,Everly Energy,Standard letter,1184.42,Yes,Regional,2025-02-06,0,,Delivered
P10323,Solace Power,Redesigned letter,749.79,No,Metropolitan,2025-02-13,0,,Delivered
P10324,Harbour Energy,Redesigned letter,258.97,Yes,Regional,2025-02-06,0,,Delivered
P10325,Everly Energy,Redesigned letter,726.2,No,Metropolitan,2025-02-10,0,,Delivered
P10326,Everly Energy,Standard letter,519.45,No,Metropolitan,2025-02-09,0,,Delivered
P10327,Summit Energy,Redesigned letter,771.16,No,Metropolitan,2025-02-07,0,,Delivered
P10328,Kestrel Power,Redesigned letter,696.13,No,Metropolitan,2025-02-09,0,,Delivered
P10329,Kestrel Power,Standard letter,717.6,Yes,Regional,2025-02-09,1,12,Delivered
P10330,Summit Energy,Standard letter,524.96,Yes,Regional,2025-02-14,0,,Delivered
P10331,Everly Energy,Standard letter,1166.66,Yes,Regional,2025-02-10,0,,Delivered
P10332,Harbour Energy,Standard letter,1164.19,No,Metropolitan,2025-02-13,0,,Delivered
P10333,Kestrel Power,Redesigned letter,568.99,No,Metropolitan,2025-02-12,1,22,Delivered
P10334,Everly Energy,Standard letter,1273.96,No,Regional,2025-02-11,1,28,Delivered
P10335,Harbour Energy,Redesigned letter,354.89,No,Metropolitan,2025-02-11,0,,Delivered
P10336,Kestrel Power,Standard letter,661.13,No,Metropolitan,2025-02-04,0,,Delivered
P10337,Kestrel Power,Redesigned letter,636.73,Yes,Metropolitan,2025-02-11,0,,Delivered
P10338,Kestrel Power,Redesigned letter,789.2,No,Metropolitan,2025-02-13,0,,Delivered
P10339,Summit Energy,Redesigned letter,1405.68,Yes,Regional,2025-02-11,1,28,Delivered
P10340,Kestrel Power,Standard letter,833.23,No,Metropolitan,2025-02-12,0,,Delivered
P10341,Everly Energy,Standard letter,933.81,No,Metropolitan,2025-02-12,0,,Delivered
P10342,Everly Energy,Standard letter,491.16,No,Metropolitan,2025-02-10,0,,Delivered
P10343,Summit Energy,Standard letter,576.43,No,Metropolitan,2025-02-05,0,,Delivered
P10344,Harbour Energy,Redesigned letter,1654.73,Yes,Regional,2025-02-10,1,21,Delivered
P10345,Harbour Energy,Redesigned letter,1417.98,Yes,Regional,2025-02-04,1,11,Delivered
P10346,Kestrel Power,Redesigned letter,721.23,No,Metropolitan,2025-02-03,0,,Delivered
P10347,Lumen Energy,Standard letter,286.67,No,Metropolitan,2025-02-11,0,,Delivered
P10348,Harbour Energy,Redesigned letter,1114.2,No,Metropolitan,2025-02-10,0,,Delivered
P10349,Lumen Energy,Standard letter,436.11,No,Metropolitan,2025-02-09,0,,Delivered
P10350,Everly Energy,Standard letter,2084.27,Yes,Metropolitan,2025-02-07,0,,Delivered
P10351,Summit Energy,Redesigned letter,2668.75,No,Regional,2025-02-07,0,,Delivered
P10352,Everly Energy,Standard letter,376.56,No,Metropolitan,2025-02-08,0,,Delivered
P10353,Summit Energy,Redesigned letter,1311.72,No,Regional,2025-02-05,0,,Delivered
P10354,Everly Energy,Standard letter,750.39,Yes,Metropolitan,2025-02-12,0,,Delivered
P10355,Everly Energy,Standard letter,2528.7,No,Metropolitan,2025-02-13,0,,Delivered
P10356,Lumen Energy,Standard letter,418.85,No,Regional,2025-02-12,0,,Delivered
P10357,Everly Energy,Standard letter,3003.96,No,Metropolitan,2025-02-09,0,,Delivered
P10358,Summit Energy,Standard letter,1866.64,No,Regional,2025-02-13,0,,Delivered
P10359,Everly Energy,Standard letter,339.33,Yes,Metropolitan,2025-02-05,,,Returned undeliverable
P10360,Everly Energy,Standard letter,734.59,No,Metropolitan,2025-02-11,0,,Delivered
P10361,Everly Energy,Redesigned letter,1164.95,No,Metropolitan,2025-02-10,,,Returned undeliverable
P10362,Summit Energy,Standard letter,397.4,Yes,Metropolitan,2025-02-08,0,,Delivered
P10363,Kestrel Power,Redesigned letter,638.75,No,Metropolitan,2025-02-08,1,7,Delivered
P10364,Summit Energy,Standard letter,1442.82,No,Metropolitan,2025-02-13,0,,Delivered
P10365,Lumen Energy,Standard letter,225.17,Yes,Metropolitan,2025-02-03,0,,Delivered
P10366,Everly Energy,Standard letter,511.89,No,Metropolitan,2025-02-03,0,,Delivered
P10367,Harbour Energy,Standard letter,645.27,No,Metropolitan,2025-02-08,0,,Delivered
P10368,Everly Energy,Redesigned letter,352.95,Yes,Metropolitan,2025-02-13,0,,Delivered
P10369,Summit Energy,Standard letter,735.19,Yes,Metropolitan,2025-02-10,1,9,Delivered
P10370,Harbour Energy,Redesigned letter,1234.92,No,Metropolitan,2025-02-12,0,,Delivered
P10371,Solace Power,Standard letter,735.72,No,Metropolitan,2025-02-05,0,,Delivered
P10372,Everly Energy,Redesigned letter,555.95,No,Metropolitan,2025-02-11,1,10,Delivered
P10373,Harbour Energy,Redesigned letter,3058.87,No,Regional,2025-02-13,1,19,Delivered
P10374,Everly Energy,Standard letter,714.48,Yes,Regional,2025-02-05,0,,Delivered
P10375,Kestrel Power,Redesigned letter,1383.37,Yes,Metropolitan,2025-02-03,1,4,Delivered
P10376,Everly Energy,Standard letter,892.33,No,Metropolitan,2025-02-06,0,,Delivered
P10377,Kestrel Power,Redesigned letter,693.17,Yes,Metropolitan,2025-02-06,0,,Delivered
P10378,Solace Power,Standard letter,803.42,No,Metropolitan,2025-02-04,0,,Delivered
P10379,Lumen Energy,Redesigned letter,517.1,No,Metropolitan,2025-02-07,0,,Delivered
P10380,Everly Energy,Standard letter,606.81,No,Metropolitan,2025-02-13,0,,Delivered
P10381,Solace Power,Standard letter,433.6,Yes,Regional,2025-02-10,0,,Delivered
P10382,Harbour Energy,Standard letter,1152.95,No,Regional,2025-02-04,1,25,Delivered
P10383,Solace Power,Redesigned letter,430.13,Yes,Regional,2025-02-13,0,,Delivered
P10384,Kestrel Power,Standard letter,714.7,Yes,Metropolitan,2025-02-05,0,,Delivered
P10385,Harbour Energy,Redesigned letter,471.47,No,Metropolitan,2025-02-07,0,,Delivered
P10386,Kestrel Power,Redesigned letter,533.41,No,Regional,2025-02-07,0,,Delivered
P10387,Kestrel Power,Redesigned letter,1081.75,No,Metropolitan,2025-02-13,0,,Delivered
P10388,Kestrel Power,Standard letter,765.58,No,Metropolitan,2025-02-08,0,,Delivered
P10389,Everly Energy,Redesigned letter,381.22,No,Regional,2025-02-12,0,,Delivered
P10390,Harbour Energy,Redesigned letter,589.75,No,Metropolitan,2025-02-06,0,,Delivered
P10391,Summit Energy,Standard letter,607.54,No,Regional,2025-02-04,0,,Delivered
P10392,Everly Energy,Standard letter,1731.65,No,Metropolitan,2025-02-04,0,,Delivered
P10393,Everly Energy,Redesigned letter,345.4,Yes,Regional,2025-02-06,0,,Delivered
P10394,Harbour Energy,Standard letter,1414.32,No,Metropolitan,2025-02-13,0,,Delivered
P10395,Kestrel Power,Redesigned letter,1010.55,No,Metropolitan,2025-02-08,1,13,Delivered
P10396,Summit Energy,Redesigned letter,1301.87,No,Metropolitan,2025-02-06,0,,Delivered
P10397,Kestrel Power,Redesigned letter,1283.29,Yes,Regional,2025-02-04,0,,Delivered
P10398,Lumen Energy,Redesigned letter,1791.35,No,Metropolitan,2025-02-13,0,,Delivered
P10399,Summit Energy,Redesigned letter,3150.5,No,Regional,2025-02-11,0,,Delivered
P10400,Kestrel Power,Redesigned letter,889.05,No,Metropolitan,2025-02-08,0,,Delivered
P10401,Harbour Energy,Redesigned letter,719.57,No,Regional,2025-02-10,0,,Delivered
P10402,Summit Energy,Standard letter,1401.41,No,Metropolitan,2025-02-12,1,30,Delivered
P10403,Solace Power,Standard letter,1091.92,No,Regional,2025-02-11,0,,Delivered
P10404,Everly Energy,Redesigned letter,1574.86,No,Regional,2025-02-06,0,,Delivered
P10405,Harbour Energy,Redesigned letter,657.99,No,Metropolitan,2025-02-11,1,21,Delivered
P10406,Everly Energy,Standard letter,1074.94,No,Metropolitan,2025-02-06,0,,Delivered
P10407,Summit Energy,Standard letter,371.31,No,Metropolitan,2025-02-03,0,,Delivered
P10408,Everly Energy,Redesigned letter,535.18,No,Regional,2025-02-06,0,,Delivered
P10409,Harbour Energy,Redesigned letter,868.02,No,Regional,2025-02-03,0,,Delivered
P10410,Everly Energy,Standard letter,895.71,No,Metropolitan,2025-02-03,0,,Delivered
P10411,Everly Energy,Standard letter,1864.83,No,Metropolitan,2025-02-06,0,,Delivered
P10412,Kestrel Power,Standard letter,840.87,No,Regional,2025-02-12,0,,Delivered
P10413,Summit Energy,Standard letter,1208.77,No,Regional,2025-02-09,1,3,Delivered
P10414,Lumen Energy,Standard letter,3259.23,No,Regional,2025-02-03,0,,Delivered
P10415,Kestrel Power,Redesigned letter,889.0,No,Metropolitan,2025-02-12,0,,Delivered
P10416,Everly Energy,Redesigned letter,1697.22,No,Metropolitan,2025-02-11,1,12,Delivered
P10417,Harbour Energy,Redesigned letter,1852.26,No,Metropolitan,2025-02-06,0,,Delivered
P10418,Kestrel Power,Standard letter,542.98,No,Regional,2025-02-12,0,,Delivered
P10419,Summit Energy,Redesigned letter,281.73,No,Metropolitan,2025-02-11,0,,Delivered
P10420,Kestrel Power,Standard letter,1151.96,No,Metropolitan,2025-02-04,0,,Delivered
P10421,Harbour Energy,Redesigned letter,280.16,No,Metropolitan,2025-02-13,1,5,Delivered
P10422,Everly Energy,Standard letter,1696.4,Yes,Metropolitan,2025-02-14,0,,Delivered
P10423,Everly Energy,Redesigned letter,1229.04,Yes,Metropolitan,2025-02-10,0,,Delivered
P10424,Harbour Energy,Redesigned letter,1294.1,No,Metropolitan,2025-02-04,0,,Delivered
P10425,Summit Energy,Redesigned letter,637.59,No,Regional,2025-02-10,0,,Delivered
P10426,Lumen Energy,Standard letter,1801.46,No,Metropolitan,2025-02-12,0,,Delivered
P10427,Everly Energy,Standard letter,1049.44,No,Regional,2025-02-12,0,,Delivered
P10428,Kestrel Power,Redesigned letter,737.36,No,Metropolitan,2025-02-12,1,3,Delivered
P10429,Everly Energy,Redesigned letter,921.72,No,Metropolitan,2025-02-12,0,,Delivered
P10430,Harbour Energy,Standard letter,3070.56,No,Metropolitan,2025-02-13,0,,Delivered
P10431,Everly Energy,Standard letter,461.14,No,Metropolitan,2025-02-08,0,,Delivered
P10432,Kestrel Power,Standard letter,1037.19,No,Regional,2025-02-13,0,,Delivered
P10433,Kestrel Power,Standard letter,2031.36,No,Metropolitan,2025-02-07,1,14,Delivered
P10434,Harbour Energy,Redesigned letter,666.04,Yes,Metropolitan,2025-02-13,0,,Delivered
P10435,Harbour Energy,Redesigned letter,1859.8,No,Metropolitan,2025-02-13,0,,Delivered
P10436,Solace Power,Standard letter,828.71,No,Regional,2025-02-13,0,,Delivered
P10437,Kestrel Power,Redesigned letter,898.12,Yes,Regional,2025-02-04,0,,Delivered
P10438,Summit Energy,Redesigned letter,1160.28,Yes,Regional,2025-02-03,1,1,Delivered
P10439,Everly Energy,Standard letter,614.36,No,Metropolitan,2025-02-05,1,15,Delivered
P10440,Everly Energy,Standard letter,797.14,No,Regional,2025-02-03,0,,Delivered
P10441,Everly Energy,Standard letter,1376.19,No,Regional,2025-02-05,1,26,Delivered
P10442,Solace Power,Redesigned letter,1035.05,No,Metropolitan,2025-02-13,1,27,Delivered
P10443,Everly Energy,Redesigned letter,705.94,No,Metropolitan,2025-02-08,0,,Delivered
P10444,Everly Energy,Redesigned letter,920.56,No,Regional,2025-02-09,1,29,Delivered
P10445,Kestrel Power,Redesigned letter,858.3,No,Regional,2025-02-12,0,,Delivered
P10446,Summit Energy,Standard letter,748.43,No,Regional,2025-02-09,0,,Delivered
P10447,Everly Energy,Standard letter,636.86,No,Metropolitan,2025-02-13,1,25,Delivered
P10448,Harbour Energy,Redesigned letter,1396.21,No,Metropolitan,2025-02-08,,,Returned undeliverable
P10449,Everly Energy,Redesigned letter,1100.77,No,Regional,2025-02-14,1,1,Delivered
P10450,Solace Power,Redesigned letter,1155.46,No,Metropolitan,2025-02-08,0,,Delivered
P10451,Harbour Energy,Redesigned letter,696.83,No,Metropolitan,2025-02-07,0,,Delivered
P10452,Everly Energy,Redesigned letter,761.23,Yes,Metropolitan,2025-02-07,0,,Delivered
P10453,Kestrel Power,Standard letter,610.38,No,Metropolitan,2025-02-05,1,21,Delivered
P10454,Everly Energy,Redesigned letter,1021.33,No,Metropolitan,2025-02-03,0,,Delivered
P10455,Everly Energy,Standard letter,387.4,No,Metropolitan,2025-02-10,1,1,Delivered
P10456,Harbour Energy,Standard letter,1065.51,No,Metropolitan,2025-02-04,0,,Delivered
P10457,Summit Energy,Standard letter,958.69,No,Metropolitan,2025-02-06,0,,Delivered
P10458,Lumen Energy,Standard letter,1831.9,No,Regional,2025-02-08,0,,Delivered
P10459,Solace Power,Standard letter,1520.78,No,Metropolitan,2025-02-04,0,,Delivered
P10460,Lumen Energy,Standard letter,1047.84,No,Regional,2025-02-11,0,,Delivered
P10461,Everly Energy,Redesigned letter,943.6,No,Regional,2025-02-13,0,,Delivered
P10462,Lumen Energy,Standard letter,363.55,No,Metropolitan,2025-02-03,0,,Delivered
P10463,Harbour Energy,Redesigned letter,1132.25,No,Metropolitan,2025-02-09,,,Returned undeliverable
P10464,Everly Energy,Standard letter,827.96,No,Regional,2025-02-12,0,,Delivered
P10465,Harbour Energy,Standard letter,902.13,No,Metropolitan,2025-02-04,0,,Delivered
P10466,Solace Power,Redesigned letter,1493.5,Yes,Regional,2025-02-05,0,,Delivered
P10467,Harbour Energy,Standard letter,764.37,No,Regional,2025-02-09,0,,Delivered
P10468,Harbour Energy,Redesigned letter,2945.17,Yes,Metropolitan,2025-02-11,0,,Delivered
P10469,Everly Energy,Redesigned letter,1048.13,No,Metropolitan,2025-02-03,0,,Delivered
P10470,Summit Energy,Standard letter,1565.97,No,Metropolitan,2025-02-04,0,,Delivered
P10471,Everly Energy,Redesigned letter,736.63,No,Metropolitan,2025-02-10,0,,Delivered
P10472,Harbour Energy,Redesigned letter,500.75,Yes,Metropolitan,2025-02-13,0,,Delivered
P10473,Everly Energy,Redesigned letter,673.06,No,Metropolitan,2025-02-12,1,7,Delivered
P10474,Everly Energy,Standard letter,491.23,No,Metropolitan,2025-02-10,0,,Delivered
P10475,Lumen Energy,Standard letter,969.99,Yes,Metropolitan,2025-02-09,0,,Delivered
P10476,Everly Energy,Standard letter,660.21,No,Regional,2025-02-10,0,,Delivered
P10477,Kestrel Power,Redesigned letter,702.1,Yes,Regional,2025-02-10,0,,Delivered
P10478,Everly Energy,Standard letter,2696.19,Yes,Regional,2025-02-05,0,,Delivered
P10479,Kestrel Power,Redesigned letter,327.05,No,Regional,2025-02-08,0,,Delivered
P10480,Lumen Energy,Standard letter,684.11,No,Metropolitan,2025-02-09,0,,Delivered
P10481,Everly Energy,Redesigned letter,635.15,No,Metropolitan,2025-02-12,1,26,Delivered
P10482,Lumen Energy,Standard letter,1648.73,No,Regional,2025-02-14,0,,Delivered
P10483,Lumen Energy,Redesigned letter,835.06,No,Metropolitan,2025-02-09,0,,Delivered
P10484,Harbour Energy,Redesigned letter,1352.96,No,Metropolitan,2025-02-10,0,,Delivered
P10485,Harbour Energy,Redesigned letter,1754.3,No,Metropolitan,2025-02-14,0,,Delivered
P10486,Kestrel Power,Redesigned letter,316.95,Yes,Metropolitan,2025-02-10,0,,Delivered
P10487,Lumen Energy,Redesigned letter,482.6,No,Metropolitan,2025-02-14,0,,Delivered
P10488,Harbour Energy,Redesigned letter,716.71,No,Regional,2025-02-14,1,12,Delivered
P10489,Harbour Energy,Standard letter,1182.43,Yes,Metropolitan,2025-02-08,0,,Delivered
P10490,Everly Energy,Standard letter,4184.8,No,Metropolitan,2025-02-14,1,24,Delivered
P10491,Summit Energy,Standard letter,1882.47,No,Regional,2025-02-08,0,,Delivered
P10492,Lumen Energy,Redesigned letter,235.28,No,Metropolitan,2025-02-09,0,,Delivered
P10493,Harbour Energy,Redesigned letter,878.54,Yes,Regional,2025-02-10,1,9,Delivered
P10494,Everly Energy,Redesigned letter,956.45,No,Metropolitan,2025-02-03,0,,Delivered
P10495,Lumen Energy,Standard letter,963.49,Yes,Metropolitan,2025-02-09,0,,Delivered
P10496,Summit Energy,Standard letter,1278.32,No,Metropolitan,2025-02-07,0,,Delivered
P10497,Kestrel Power,Redesigned letter,369.02,No,Metropolitan,2025-02-09,0,,Delivered
P10498,Harbour Energy,Standard letter,889.29,No,Metropolitan,2025-02-11,0,,Delivered
P10499,Harbour Energy,Redesigned letter,1243.85,No,Metropolitan,2025-02-08,1,18,Delivered
P10500,Everly Energy,Redesigned letter,1122.98,No,Regional,2025-02-14,0,,Delivered
P10501,Everly Energy,Standard letter,1435.12,No,Metropolitan,2025-02-09,0,,Delivered
P10502,Kestrel Power,Redesigned letter,1616.77,No,Metropolitan,2025-02-06,0,,Delivered
P10503,Everly Energy,Redesigned letter,1404.06,No,Metropolitan,2025-02-06,0,,Delivered
P10504,Everly Energy,Redesigned letter,978.15,No,Metropolitan,2025-02-14,0,,Delivered
P10505,Harbour Energy,Standard letter,458.94,No,Regional,2025-02-08,0,,Delivered
P10506,Everly Energy,Redesigned letter,689.15,No,Metropolitan,2025-02-14,0,,Delivered
P10507,Summit Energy,Redesigned letter,1933.28,No,Regional,2025-02-03,0,,Delivered
P10508,Summit Energy,Redesigned letter,870.42,Yes,Metropolitan,2025-02-10,0,,Delivered
P10509,Lumen Energy,Standard letter,1065.17,Yes,Metropolitan,2025-02-14,0,,Delivered
P10510,Everly Energy,Redesigned letter,1806.24,Yes,Metropolitan,2025-02-06,0,,Delivered
P10511,Solace Power,Redesigned letter,2834.96,No,Metropolitan,2025-02-11,0,,Delivered
P10512,Harbour Energy,Redesigned letter,808.17,No,Regional,2025-02-07,0,,Delivered
P10513,Harbour Energy,Redesigned letter,437.47,No,Regional,2025-02-14,1,21,Delivered
P10514,Harbour Energy,Redesigned letter,1193.92,Yes,Metropolitan,2025-02-07,1,6,Delivered
P10515,Everly Energy,Standard letter,1700.77,No,Regional,2025-02-11,0,,Delivered
P10516,Everly Energy,Redesigned letter,812.54,Yes,Regional,2025-02-06,0,,Delivered
P10517,Harbour Energy,Standard letter,875.61,No,Regional,2025-02-07,0,,Delivered
P10518,Everly Energy,Redesigned letter,605.31,Yes,Metropolitan,2025-02-12,0,,Delivered
P10519,Everly Energy,Redesigned letter,476.22,No,Regional,2025-02-04,0,,Delivered
P10520,Everly Energy,Standard letter,818.24,No,Metropolitan,2025-02-06,0,,Delivered
P10521,Harbour Energy,Redesigned letter,1800.16,No,Metropolitan,2025-02-04,0,,Delivered
P10522,Everly Energy,Standard letter,1328.12,No,Metropolitan,2025-02-03,0,,Delivered
P10523,Kestrel Power,Standard letter,851.75,No,Metropolitan,2025-02-10,0,,Delivered
P10524,Solace Power,Standard letter,760.36,No,Metropolitan,2025-02-03,0,,Delivered
P10525,Harbour Energy,Standard letter,1107.33,No,Metropolitan,2025-02-08,0,,Delivered
P10526,Harbour Energy,Standard letter,3340.95,No,Metropolitan,2025-02-13,0,,Delivered
P10527,Summit Energy,Redesigned letter,1719.92,No,Metropolitan,2025-02-09,1,26,Delivered
P10528,Harbour Energy,Standard letter,1872.37,No,Metropolitan,2025-02-05,0,,Delivered
P10529,Summit Energy,Standard letter,625.0,No,Regional,2025-02-12,0,,Delivered
P10530,Summit Energy,Redesigned letter,529.88,Yes,Metropolitan,2025-02-06,0,,Delivered
P10531,Harbour Energy,Redesigned letter,1637.73,No,Regional,2025-02-11,0,,Delivered
P10532,Harbour Energy,Standard letter,1430.5,No,Metropolitan,2025-02-09,0,,Delivered
P10533,Lumen Energy,Standard letter,466.92,No,Metropolitan,2025-02-03,0,,Delivered
P10534,Everly Energy,Standard letter,612.2,No,Regional,2025-02-03,0,,Delivered
P10535,Kestrel Power,Redesigned letter,5259.57,Yes,Regional,2025-02-03,0,,Delivered
P10536,Summit Energy,Redesigned letter,1529.96,No,Metropolitan,2025-02-12,0,,Delivered
P10537,Kestrel Power,Redesigned letter,1571.93,No,Metropolitan,2025-02-12,0,,Delivered
P10538,Kestrel Power,Standard letter,759.01,No,Regional,2025-02-03,0,,Delivered
P10539,Harbour Energy,Standard letter,868.62,Yes,Metropolitan,2025-02-12,0,,Delivered
P10540,Harbour Energy,Standard letter,1938.28,No,Metropolitan,2025-02-12,1,10,Delivered
P10541,Harbour Energy,Standard letter,849.78,Yes,Metropolitan,2025-02-09,0,,Delivered
P10542,Lumen Energy,Redesigned letter,2294.37,No,Metropolitan,2025-02-07,0,,Delivered
P10543,Kestrel Power,Redesigned letter,2902.47,Yes,Metropolitan,2025-02-04,0,,Delivered
P10544,Lumen Energy,Redesigned letter,2053.4,No,Regional,2025-02-09,0,,Delivered
P10545,Summit Energy,Standard letter,1233.3,No,Regional,2025-02-06,0,,Delivered
P10546,Everly Energy,Redesigned letter,528.29,Yes,Metropolitan,2025-02-12,0,,Delivered
P10547,Everly Energy,Redesigned letter,1431.63,Yes,Metropolitan,2025-02-04,0,,Delivered
P10548,Harbour Energy,Redesigned letter,587.74,Yes,Metropolitan,2025-02-14,1,20,Delivered
P10549,Harbour Energy,Redesigned letter,278.29,No,Metropolitan,2025-02-05,1,15,Delivered
P10550,Everly Energy,Redesigned letter,2151.27,No,Metropolitan,2025-02-05,0,,Delivered
P10551,Summit Energy,Redesigned letter,311.79,No,Metropolitan,2025-02-13,0,,Delivered
P10552,Everly Energy,Redesigned letter,1136.03,No,Metropolitan,2025-02-10,1,28,Delivered
P10553,Lumen Energy,Standard letter,789.48,No,Regional,2025-02-09,0,,Delivered
P10554,Everly Energy,Standard letter,430.81,No,Regional,2025-02-13,0,,Delivered
P10555,Kestrel Power,Standard letter,355.36,No,Regional,2025-02-05,0,,Delivered
P10556,Lumen Energy,Redesigned letter,845.58,No,Regional,2025-02-08,1,10,Delivered
P10557,Solace Power,Standard letter,1181.05,No,Metropolitan,2025-02-12,0,,Delivered
P10558,Everly Energy,Redesigned letter,472.38,No,Metropolitan,2025-02-03,0,,Delivered
P10559,Summit Energy,Standard letter,470.44,No,Metropolitan,2025-02-14,1,8,Delivered
P10560,Harbour Energy,Redesigned letter,292.06,No,Metropolitan,2025-02-11,0,,Delivered
P10561,Everly Energy,Redesigned letter,613.61,No,Metropolitan,2025-02-08,0,,Delivered
P10562,Harbour Energy,Standard letter,427.91,No,Regional,2025-02-12,0,,Delivered
P10563,Harbour Energy,Standard letter,962.28,Yes,Metropolitan,2025-02-13,0,,Delivered
P10564,Summit Energy,Standard letter,701.93,No,Regional,2025-02-14,0,,Delivered
P10565,Solace Power,Redesigned letter,1061.26,No,Metropolitan,2025-02-10,0,,Delivered
P10566,Kestrel Power,Standard letter,602.13,No,Metropolitan,2025-02-05,0,,Delivered
P10567,Everly Energy,Redesigned letter,744.01,No,Regional,2025-02-14,1,17,Delivered
P10568,Kestrel Power,Standard letter,958.57,No,Metropolitan,2025-02-04,0,,Delivered
P10569,Everly Energy,Standard letter,434.47,No,Metropolitan,2025-02-06,0,,Delivered
P10570,Summit Energy,Standard letter,650.24,No,Metropolitan,2025-02-06,0,,Delivered
P10571,Harbour Energy,Redesigned letter,480.67,Yes,Metropolitan,2025-02-06,1,20,Delivered
P10572,Lumen Energy,Redesigned letter,769.67,Yes,Regional,2025-02-04,,,Returned undeliverable
P10573,Harbour Energy,Redesigned letter,1420.83,No,Metropolitan,2025-02-10,0,,Delivered
P10574,Harbour Energy,Redesigned letter,1435.8,No,Regional,2025-02-04,1,4,Delivered
P10575,Harbour Energy,Standard letter,1243.84,No,Regional,2025-02-12,0,,Delivered
P10576,Summit Energy,Standard letter,901.61,No,Regional,2025-02-04,0,,Delivered
P10577,Everly Energy,Redesigned letter,883.95,No,Regional,2025-02-11,0,,Delivered
P10578,Everly Energy,Standard letter,396.45,Yes,Regional,2025-02-10,0,,Delivered
P10579,Kestrel Power,Redesigned letter,702.15,Yes,Metropolitan,2025-02-05,,,Returned undeliverable
P10580,Everly Energy,Redesigned letter,1253.97,Yes,Metropolitan,2025-02-06,1,14,Delivered
P10581,Harbour Energy,Redesigned letter,1837.36,No,Regional,2025-02-07,0,,Delivered
P10582,Kestrel Power,Standard letter,1248.75,No,Metropolitan,2025-02-13,1,6,Delivered
P10583,Everly Energy,Redesigned letter,257.68,No,Metropolitan,2025-02-11,1,22,Delivered
P10584,Everly Energy,Redesigned letter,575.34,No,Metropolitan,2025-02-07,0,,Delivered
P10585,Kestrel Power,Redesigned letter,894.76,No,Metropolitan,2025-02-03,0,,Delivered
P10586,Everly Energy,Standard letter,691.16,No,Metropolitan,2025-02-04,1,24,Delivered
P10587,Everly Energy,Standard letter,372.75,No,Regional,2025-02-11,0,,Delivered
P10588,Kestrel Power,Standard letter,975.26,No,Regional,2025-02-06,0,,Delivered
P10589,Harbour Energy,Standard letter,447.23,Yes,Metropolitan,2025-02-13,0,,Delivered
P10590,Summit Energy,Redesigned letter,1398.59,No,Regional,2025-02-09,0,,Delivered
P10591,Lumen Energy,Redesigned letter,1793.59,No,Metropolitan,2025-02-13,0,,Delivered
P10592,Everly Energy,Redesigned letter,3517.02,No,Regional,2025-02-14,0,,Delivered
P10593,Harbour Energy,Standard letter,2086.78,No,Metropolitan,2025-02-05,,,Returned undeliverable
P10594,Summit Energy,Standard letter,734.65,No,Metropolitan,2025-02-05,0,,Delivered
P10595,Lumen Energy,Standard letter,1201.93,No,Metropolitan,2025-02-03,0,,Delivered
P10596,Lumen Energy,Redesigned letter,217.02,No,Metropolitan,2025-02-12,0,,Delivered
P10597,Harbour Energy,Redesigned letter,855.48,No,Regional,2025-02-06,0,,Delivered
P10598,Everly Energy,Redesigned letter,1304.51,No,Metropolitan,2025-02-14,1,14,Delivered
P10599,Harbour Energy,Redesigned letter,287.43,No,Metropolitan,2025-02-12,0,,Delivered
P10600,Lumen Energy,Standard letter,694.43,No,Regional,2025-02-08,0,,Delivered
P10601,Harbour Energy,Redesigned letter,1582.25,No,Regional,2025-02-10,0,,Delivered
P10602,Everly Energy,Standard letter,683.55,No,Regional,2025-02-11,0,,Delivered
P10603,Lumen Energy,Redesigned letter,950.36,No,Metropolitan,2025-02-03,0,,Delivered
P10604,Summit Energy,Standard letter,544.23,No,Regional,2025-02-14,0,,Delivered
P10605,Harbour Energy,Redesigned letter,455.79,Yes,Metropolitan,2025-02-09,0,,Delivered
P10606,Kestrel Power,Redesigned letter,1147.92,Yes,Regional,2025-02-14,1,26,Delivered
P10607,Lumen Energy,Standard letter,680.55,No,Regional,2025-02-12,0,,Delivered
P10608,Harbour Energy,Standard letter,841.08,Yes,Metropolitan,2025-02-11,0,,Delivered
P10609,Everly Energy,Redesigned letter,449.3,No,Metropolitan,2025-02-09,0,,Delivered
P10610,Harbour Energy,Redesigned letter,1152.85,Yes,Regional,2025-02-11,1,1,Delivered
P10611,Summit Energy,Standard letter,933.69,Yes,Regional,2025-02-10,0,,Delivered
P10612,Solace Power,Standard letter,346.83,No,Metropolitan,2025-02-04,0,,Delivered
P10613,Harbour Energy,Redesigned letter,694.69,No,Regional,2025-02-09,1,3,Delivered
P10614,Everly Energy,Standard letter,1091.53,Yes,Regional,2025-02-06,1,13,Delivered
P10615,Harbour Energy,Standard letter,2252.9,Yes,Metropolitan,2025-02-08,0,,Delivered
P10616,Summit Energy,Standard letter,730.17,No,Regional,2025-02-07,0,,Delivered
P10617,Summit Energy,Redesigned letter,364.3,No,Metropolitan,2025-02-07,0,,Delivered
P10618,Harbour Energy,Redesigned letter,1332.87,Yes,Metropolitan,2025-02-11,,,Returned undeliverable
P10619,Everly Energy,Standard letter,1352.12,No,Metropolitan,2025-02-12,0,,Delivered
P10620,Lumen Energy,Redesigned letter,1152.91,Yes,Metropolitan,2025-02-14,0,,Delivered
P10621,Harbour Energy,Standard letter,907.48,No,Metropolitan,2025-02-11,0,,Delivered
P10622,Lumen Energy,Redesigned letter,535.74,No,Metropolitan,2025-02-12,0,,Delivered
P10623,Kestrel Power,Standard letter,608.19,No,Metropolitan,2025-02-03,0,,Delivered
P10624,Lumen Energy,Redesigned letter,1935.85,Yes,Regional,2025-02-11,0,,Delivered
P10625,Kestrel Power,Standard letter,910.17,No,Metropolitan,2025-02-10,0,,Delivered
P10626,Harbour Energy,Standard letter,2588.79,No,Regional,2025-02-10,0,,Delivered
P10627,Harbour Energy,Redesigned letter,1642.35,No,Regional,2025-02-04,0,,Delivered
P10628,Lumen Energy,Redesigned letter,656.3,No,Metropolitan,2025-02-04,0,,Delivered
P10629,Solace Power,Redesigned letter,1795.63,No,Metropolitan,2025-02-03,1,5,Delivered
P10630,Everly Energy,Redesigned letter,1473.34,No,Regional,2025-02-12,0,,Delivered
P10631,Everly Energy,Standard letter,1854.91,No,Metropolitan,2025-02-07,1,26,Delivered
P10632,Solace Power,Redesigned letter,515.65,No,Regional,2025-02-14,0,,Delivered
P10633,Solace Power,Redesigned letter,1615.2,No,Regional,2025-02-05,0,,Delivered
P10634,Kestrel Power,Standard letter,4660.86,Yes,Metropolitan,2025-02-07,1,17,Delivered
P10635,Summit Energy,Standard letter,1807.15,No,Metropolitan,2025-02-13,0,,Delivered
P10636,Harbour Energy,Standard letter,717.86,No,Regional,2025-02-09,,,Returned undeliverable
P10637,Summit Energy,Redesigned letter,668.42,No,Metropolitan,2025-02-09,0,,Delivered
P10638,Harbour Energy,Standard letter,1063.77,No,Metropolitan,2025-02-04,0,,Delivered
P10639,Everly Energy,Standard letter,529.91,No,Metropolitan,2025-02-08,0,,Delivered
P10640,Lumen Energy,Redesigned letter,744.11,Yes,Metropolitan,2025-02-06,0,,Delivered
P10641,Everly Energy,Redesigned letter,505.5,No,Metropolitan,2025-02-07,0,,Delivered
P10642,Everly Energy,Standard letter,526.12,Yes,Metropolitan,2025-02-10,0,,Delivered
P10643,Harbour Energy,Redesigned letter,719.95,Yes,Metropolitan,2025-02-11,,,Returned undeliverable
P10644,Summit Energy,Redesigned letter,3356.45,Yes,Metropolitan,2025-02-09,0,,Delivered
P10645,Summit Energy,Redesigned letter,456.84,No,Regional,2025-02-07,0,,Delivered
P10646,Everly Energy,Redesigned letter,1497.4,No,Metropolitan,2025-02-06,0,,Delivered
P10647,Harbour Energy,Standard letter,2068.25,No,Metropolitan,2025-02-11,0,,Delivered
P10648,Kestrel Power,Standard letter,1433.82,No,Metropolitan,2025-02-09,0,,Delivered
P10649,Harbour Energy,Standard letter,679.36,No,Regional,2025-02-04,0,,Delivered
P10650,Summit Energy,Redesigned letter,465.75,Yes,Metropolitan,2025-02-09,0,,Delivered
P10651,Everly Energy,Standard letter,1031.85,No,Regional,2025-02-06,0,,Delivered
P10652,Harbour Energy,Redesigned letter,1715.25,No,Metropolitan,2025-02-03,0,,Delivered
P10653,Kestrel Power,Redesigned letter,925.53,No,Metropolitan,2025-02-14,1,12,Delivered
P10654,Summit Energy,Standard letter,889.72,No,Metropolitan,2025-02-03,0,,Delivered
P10655,Kestrel Power,Standard letter,1749.78,No,Metropolitan,2025-02-03,0,,Delivered
P10656,Harbour Energy,Standard letter,725.1,Yes,Metropolitan,2025-02-06,0,,Delivered
P10657,Summit Energy,Redesigned letter,490.84,No,Regional,2025-02-03,0,,Delivered
P10658,Everly Energy,Standard letter,408.58,No,Metropolitan,2025-02-10,0,,Delivered
P10659,Everly Energy,Standard letter,2185.03,No,Regional,2025-02-10,0,,Delivered
P10660,Lumen Energy,Standard letter,1002.14,No,Metropolitan,2025-02-08,0,,Delivered
P10661,Harbour Energy,Standard letter,904.73,Yes,Metropolitan,2025-02-13,0,,Delivered
P10662,Solace Power,Redesigned letter,2779.62,No,Metropolitan,2025-02-03,,,Returned undeliverable
P10663,Summit Energy,Standard letter,810.06,No,Metropolitan,2025-02-09,0,,Delivered
P10664,Summit Energy,Standard letter,1786.75,No,Metropolitan,2025-02-07,0,,Delivered
P10665,Lumen Energy,Redesigned letter,324.37,No,Metropolitan,2025-02-05,0,,Delivered
P10666,Harbour Energy,Standard letter,849.03,Yes,Metropolitan,2025-02-04,0,,Delivered
P10667,Everly Energy,Standard letter,2240.49,No,Regional,2025-02-13,0,,Delivered
P10668,Summit Energy,Redesigned letter,1341.22,No,Metropolitan,2025-02-14,1,29,Delivered
P10669,Kestrel Power,Standard letter,757.53,No,Metropolitan,2025-02-09,0,,Delivered
P10670,Summit Energy,Standard letter,953.6,Yes,Metropolitan,2025-02-04,1,25,Delivered
P10671,Harbour Energy,Redesigned letter,1041.24,Yes,Metropolitan,2025-02-14,0,,Delivered
P10672,Solace Power,Redesigned letter,939.31,No,Regional,2025-02-14,0,,Delivered
P10673,Everly Energy,Redesigned letter,664.28,No,Metropolitan,2025-02-14,0,,Delivered
P10674,Harbour Energy,Standard letter,1293.96,Yes,Metropolitan,2025-02-07,0,,Delivered
P10675,Everly Energy,Redesigned letter,1578.1,No,Metropolitan,2025-02-03,0,,Delivered
P10676,Lumen Energy,Redesigned letter,660.28,No,Regional,2025-02-11,0,,Delivered
P10677,Harbour Energy,Redesigned letter,285.18,No,Regional,2025-02-12,0,,Delivered
P10678,Harbour Energy,Redesigned letter,1794.12,No,Regional,2025-02-04,1,5,Delivered
P10679,Harbour Energy,Standard letter,486.09,No,Metropolitan,2025-02-05,0,,Delivered
P10680,Everly Energy,Redesigned letter,657.69,Yes,Metropolitan,2025-02-09,1,15,Delivered
P10681,Summit Energy,Standard letter,1449.47,No,Metropolitan,2025-02-08,0,,Delivered
P10682,Solace Power,Standard letter,490.51,Yes,Metropolitan,2025-02-10,0,,Delivered
P10683,Harbour Energy,Redesigned letter,916.44,No,Regional,2025-02-13,0,,Delivered
P10684,Kestrel Power,Redesigned letter,339.77,No,Metropolitan,2025-02-14,0,,Delivered
P10685,Everly Energy,Redesigned letter,1083.97,No,Metropolitan,2025-02-11,0,,Delivered
P10686,Lumen Energy,Standard letter,1383.86,No,Regional,2025-02-08,0,,Delivered
P10687,Kestrel Power,Redesigned letter,561.14,Yes,Metropolitan,2025-02-08,0,,Delivered
P10688,Lumen Energy,Redesigned letter,1380.44,No,Metropolitan,2025-02-09,0,,Delivered
P10689,Everly Energy,Redesigned letter,842.76,No,Regional,2025-02-07,0,,Delivered
P10690,Lumen Energy,Redesigned letter,1026.74,No,Regional,2025-02-08,0,,Delivered
P10691,Everly Energy,Redesigned letter,775.35,Yes,Regional,2025-02-11,1,13,Delivered
P10692,Kestrel Power,Redesigned letter,643.32,No,Regional,2025-02-12,0,,Delivered
P10693,Solace Power,Redesigned letter,209.79,No,Metropolitan,2025-02-10,0,,Delivered
P10694,Summit Energy,Redesigned letter,1355.6,No,Regional,2025-02-11,0,,Delivered
P10695,Harbour Energy,Redesigned letter,1196.09,No,Metropolitan,2025-02-10,0,,Delivered
P10696,Everly Energy,Redesigned letter,1175.06,Yes,Regional,2025-02-08,0,,Delivered
P10697,Summit Energy,Standard letter,2088.89,No,Metropolitan,2025-02-10,0,,Delivered
P10698,Everly Energy,Standard letter,1207.82,Yes,Metropolitan,2025-02-12,1,7,Delivered
P10699,Harbour Energy,Redesigned letter,515.84,No,Metropolitan,2025-02-14,0,,Delivered
P10700,Harbour Energy,Redesigned letter,808.97,No,Regional,2025-02-13,0,,Delivered
P10701,Everly Energy,Redesigned letter,918.97,No,Metropolitan,2025-02-05,0,,Delivered
P10702,Everly Energy,Standard letter,2385.02,No,Metropolitan,2025-02-04,0,,Delivered
P10703,Harbour Energy,Standard letter,1571.02,Yes,Regional,2025-02-10,0,,Delivered
P10704,Harbour Energy,Standard letter,1772.43,Yes,Metropolitan,2025-02-06,1,8,Delivered
P10705,Everly Energy,Standard letter,2185.51,No,Metropolitan,2025-02-03,0,,Delivered
P10706,Summit Energy,Standard letter,854.5,No,Regional,2025-02-10,0,,Delivered
P10707,Everly Energy,Redesigned letter,1070.6,No,Metropolitan,2025-02-11,0,,Delivered
P10708,Everly Energy,Standard letter,1237.92,Yes,Regional,2025-02-11,0,,Delivered
P10709,Harbour Energy,Standard letter,637.09,No,Regional,2025-02-06,0,,Delivered
P10710,Summit Energy,Standard letter,357.65,No,Metropolitan,2025-02-07,0,,Delivered
P10711,Lumen Energy,Redesigned letter,1697.99,Yes,Metropolitan,2025-02-04,0,,Delivered
P10712,Harbour Energy,Redesigned letter,1057.25,No,Metropolitan,2025-02-10,0,,Delivered
P10713,Summit Energy,Redesigned letter,742.28,No,Metropolitan,2025-02-04,0,,Delivered
P10714,Everly Energy,Redesigned letter,459.0,No,Regional,2025-02-10,0,,Delivered
P10715,Harbour Energy,Standard letter,1136.88,No,Metropolitan,2025-02-07,0,,Delivered
P10716,Solace Power,Redesigned letter,6756.51,Yes,Metropolitan,2025-02-04,0,,Delivered
P10717,Summit Energy,Standard letter,1378.63,No,Metropolitan,2025-02-07,1,7,Delivered
P10718,Kestrel Power,Standard letter,479.41,No,Regional,2025-02-10,0,,Delivered
P10719,Everly Energy,Standard letter,391.39,No,Metropolitan,2025-02-04,0,,Delivered
P10720,Lumen Energy,Standard letter,1705.95,No,Metropolitan,2025-02-07,0,,Delivered
P10721,Harbour Energy,Standard letter,992.86,No,Regional,2025-02-08,0,,Delivered
P10722,Summit Energy,Redesigned letter,1410.57,No,Metropolitan,2025-02-14,1,29,Delivered
P10723,Everly Energy,Standard letter,503.56,No,Metropolitan,2025-02-14,0,,Delivered
P10724,Harbour Energy,Standard letter,726.2,Yes,Metropolitan,2025-02-05,1,6,Delivered
P10725,Harbour Energy,Standard letter,1790.24,No,Regional,2025-02-08,0,,Delivered
P10726,Solace Power,Redesigned letter,1214.45,No,Metropolitan,2025-02-09,0,,Delivered
P10727,Summit Energy,Redesigned letter,1949.36,No,Regional,2025-02-05,0,,Delivered
P10728,Lumen Energy,Standard letter,619.0,No,Metropolitan,2025-02-12,0,,Delivered
P10729,Harbour Energy,Standard letter,552.07,No,Metropolitan,2025-02-10,0,,Delivered
P10730,Everly Energy,Standard letter,1724.09,No,Regional,2025-02-07,0,,Delivered
P10731,Harbour Energy,Standard letter,692.0,Yes,Regional,2025-02-03,0,,Delivered
P10732,Summit Energy,Redesigned letter,845.88,No,Metropolitan,2025-02-03,1,23,Delivered
P10733,Summit Energy,Redesigned letter,1100.99,No,Regional,2025-02-08,0,,Delivered
P10734,Kestrel Power,Standard letter,2160.34,No,Metropolitan,2025-02-03,0,,Delivered
P10735,Harbour Energy,Redesigned letter,904.86,No,Metropolitan,2025-02-08,1,11,Delivered
P10736,Everly Energy,Redesigned letter,3216.74,No,Regional,2025-02-12,0,,Delivered
P10737,Harbour Energy,Standard letter,616.34,No,Metropolitan,2025-02-13,0,,Delivered
P10738,Kestrel Power,Redesigned letter,901.27,No,Metropolitan,2025-02-13,0,,Delivered
P10739,Solace Power,Redesigned letter,451.87,Yes,Metropolitan,2025-02-11,0,,Delivered
P10740,Kestrel Power,Standard letter,477.41,No,Regional,2025-02-06,0,,Delivered
P10741,Harbour Energy,Standard letter,388.59,Yes,Regional,2025-02-10,0,,Delivered
P10742,Kestrel Power,Standard letter,1685.34,No,Metropolitan,2025-02-05,0,,Delivered
P10743,Kestrel Power,Redesigned letter,410.38,Yes,Metropolitan,2025-02-10,0,,Delivered
P10744,Kestrel Power,Redesigned letter,1309.85,No,Regional,2025-02-09,0,,Delivered
P10745,Everly Energy,Redesigned letter,1372.39,No,Metropolitan,2025-02-04,1,21,Delivered
P10746,Lumen Energy,Redesigned letter,2312.27,No,Regional,2025-02-11,0,,Delivered
P10747,Kestrel Power,Redesigned letter,685.16,Yes,Metropolitan,2025-02-07,0,,Delivered
P10748,Everly Energy,Redesigned letter,801.94,No,Regional,2025-02-07,0,,Delivered
P10749,Harbour Energy,Redesigned letter,564.18,Yes,Metropolitan,2025-02-10,0,,Delivered
P10750,Everly Energy,Standard letter,1350.12,No,Regional,2025-02-13,1,17,Delivered
P10751,Kestrel Power,Redesigned letter,1560.29,No,Metropolitan,2025-02-14,0,,Delivered
P10752,Lumen Energy,Standard letter,863.6,No,Regional,2025-02-13,0,,Delivered
P10753,Solace Power,Standard letter,468.78,No,Metropolitan,2025-02-08,0,,Delivered
P10754,Everly Energy,Redesigned letter,980.18,No,Metropolitan,2025-02-14,0,,Delivered
P10755,Harbour Energy,Standard letter,1062.27,No,Metropolitan,2025-02-09,1,25,Delivered
P10756,Harbour Energy,Standard letter,874.51,No,Regional,2025-02-14,0,,Delivered
P10757,Summit Energy,Redesigned letter,1146.71,No,Metropolitan,2025-02-03,,,Returned undeliverable
P10758,Everly Energy,Redesigned letter,223.0,Yes,Regional,2025-02-11,0,,Delivered
P10759,Harbour Energy,Redesigned letter,556.43,No,Regional,2025-02-09,0,,Delivered
P10760,Summit Energy,Standard letter,701.26,No,Metropolitan,2025-02-12,0,,Delivered
P10761,Harbour Energy,Redesigned letter,2329.26,No,Regional,2025-02-07,0,,Delivered
P10762,Everly Energy,Standard letter,2365.71,Yes,Metropolitan,2025-02-14,0,,Delivered
P10763,Lumen Energy,Redesigned letter,884.08,No,Regional,2025-02-05,0,,Delivered
P10764,Everly Energy,Standard letter,913.3,Yes,Metropolitan,2025-02-03,0,,Delivered
P10765,Harbour Energy,Redesigned letter,1385.7,No,Regional,2025-02-05,0,,Delivered
P10766,Everly Energy,Redesigned letter,1179.46,Yes,Metropolitan,2025-02-08,0,,Delivered
P10767,Harbour Energy,Redesigned letter,1483.0,No,Metropolitan,2025-02-05,0,,Delivered
P10768,Kestrel Power,Standard letter,657.48,No,Regional,2025-02-11,0,,Delivered
P10769,Lumen Energy,Standard letter,808.41,No,Metropolitan,2025-02-06,0,,Delivered
P10770,Summit Energy,Standard letter,759.59,Yes,Regional,2025-02-14,0,,Delivered
P10771,Everly Energy,Redesigned letter,1405.07,No,Metropolitan,2025-02-06,0,,Delivered
P10772,Harbour Energy,Standard letter,626.18,No,Regional,2025-02-08,0,,Delivered
P10773,Harbour Energy,Redesigned letter,966.71,Yes,Metropolitan,2025-02-09,0,,Delivered
P10774,Kestrel Power,Standard letter,1431.56,Yes,Regional,2025-02-12,0,,Delivered
P10775,Summit Energy,Standard letter,673.86,Yes,Regional,2025-02-09,0,,Delivered
P10776,Summit Energy,Redesigned letter,470.24,No,Metropolitan,2025-02-06,0,,Delivered
P10777,Summit Energy,Standard letter,1541.49,Yes,Metropolitan,2025-02-03,0,,Delivered
P10778,Harbour Energy,Standard letter,575.41,No,Regional,2025-02-06,0,,Delivered
P10779,Harbour Energy,Standard letter,1464.22,No,Metropolitan,2025-02-14,0,,Delivered
P10780,Harbour Energy,Redesigned letter,695.22,No,Metropolitan,2025-02-07,0,,Delivered
P10781,Harbour Energy,Standard letter,1201.3,No,Metropolitan,2025-02-10,0,,Delivered
P10782,Kestrel Power,Standard letter,957.49,Yes,Regional,2025-02-08,0,,Delivered
P10783,Kestrel Power,Standard letter,1475.82,No,Metropolitan,2025-02-09,0,,Delivered
P10784,Harbour Energy,Standard letter,2042.54,No,Metropolitan,2025-02-06,0,,Delivered
P10785,Harbour Energy,Standard letter,589.6,No,Metropolitan,2025-02-11,0,,Delivered
P10786,Harbour Energy,Redesigned letter,675.46,Yes,Metropolitan,2025-02-12,1,17,Delivered
P10787,Everly Energy,Redesigned letter,172.14,Yes,Regional,2025-02-04,0,,Delivered
P10788,Solace Power,Standard letter,1120.31,No,Regional,2025-02-06,0,,Delivered
P10789,Lumen Energy,Redesigned letter,1418.4,Yes,Metropolitan,2025-02-03,1,27,Delivered
P10790,Kestrel Power,Redesigned letter,2049.74,No,Regional,2025-02-14,0,,Delivered
P10791,Everly Energy,Standard letter,485.14,No,Metropolitan,2025-02-06,1,3,Delivered
P10792,Lumen Energy,Standard letter,1437.88,No,Metropolitan,2025-02-07,1,5,Delivered
P10793,Summit Energy,Standard letter,617.13,No,Metropolitan,2025-02-14,0,,Delivered
P10794,Solace Power,Standard letter,834.68,No,Regional,2025-02-08,0,,Delivered
P10795,Lumen Energy,Redesigned letter,1534.29,No,Metropolitan,2025-02-06,0,,Delivered
P10796,Harbour Energy,Redesigned letter,576.68,Yes,Regional,2025-02-04,0,,Delivered
P10797,Lumen Energy,Standard letter,1100.76,Yes,Metropolitan,2025-02-07,0,,Delivered
P10798,Everly Energy,Standard letter,852.37,No,Metropolitan,2025-02-03,0,,Delivered
P10799,Everly Energy,Redesigned letter,1356.02,No,Metropolitan,2025-02-04,0,,Delivered
P10800,Summit Energy,Redesigned letter,594.5,No,Regional,2025-02-14,1,9,Delivered
P10801,Everly Energy,Redesigned letter,1512.42,No,Metropolitan,2025-02-12,0,,Delivered
P10802,Summit Energy,Redesigned letter,914.78,Yes,Regional,2025-02-03,0,,Delivered
P10803,Harbour Energy,Redesigned letter,992.57,No,Metropolitan,2025-02-10,0,,Delivered
P10804,Everly Energy,Standard letter,2008.1,No,Metropolitan,2025-02-10,0,,Delivered
P10805,Everly Energy,Redesigned letter,784.43,No,Metropolitan,2025-02-13,1,8,Delivered
P10806,Everly Energy,Redesigned letter,680.61,No,Regional,2025-02-08,0,,Delivered
P10807,Harbour Energy,Standard letter,2266.24,No,Metropolitan,2025-02-05,0,,Delivered
P10808,Kestrel Power,Standard letter,1124.88,Yes,Regional,2025-02-04,0,,Delivered
P10809,Harbour Energy,Standard letter,719.24,Yes,Regional,2025-02-13,0,,Delivered
P10810,Harbour Energy,Redesigned letter,1615.36,Yes,Regional,2025-02-14,0,,Delivered
P10811,Everly Energy,Standard letter,862.08,Yes,Metropolitan,2025-02-10,1,19,Delivered
P10812,Everly Energy,Redesigned letter,1173.27,No,Metropolitan,2025-02-13,0,,Delivered
P10813,Solace Power,Standard letter,1260.71,No,Regional,2025-02-05,0,,Delivered
P10814,Harbour Energy,Redesigned letter,1274.17,Yes,Metropolitan,2025-02-07,1,15,Delivered
P10815,Harbour Energy,Redesigned letter,1343.62,No,Metropolitan,2025-02-08,1,21,Delivered
P10816,Lumen Energy,Standard letter,809.8,No,Metropolitan,2025-02-04,0,,Delivered
P10817,Kestrel Power,Redesigned letter,253.74,No,Metropolitan,2025-02-13,0,,Delivered
P10818,Harbour Energy,Standard letter,461.14,No,Metropolitan,2025-02-13,0,,Delivered
P10819,Everly Energy,Redesigned letter,530.58,Yes,Regional,2025-02-14,0,,Delivered
P10820,Everly Energy,Redesigned letter,931.77,Yes,Regional,2025-02-08,1,12,Delivered
P10821,Harbour Energy,Standard letter,1779.6,No,Metropolitan,2025-02-11,0,,Delivered
P10822,Summit Energy,Standard letter,454.44,No,Metropolitan,2025-02-03,0,,Delivered
P10823,Summit Energy,Redesigned letter,1926.69,No,Metropolitan,2025-02-13,0,,Delivered
P10824,Everly Energy,Standard letter,1932.92,Yes,Regional,2025-02-03,0,,Delivered
P10825,Everly Energy,Standard letter,391.34,No,Metropolitan,2025-02-03,0,,Delivered
P10826,Kestrel Power,Redesigned letter,1522.33,No,Regional,2025-02-03,0,,Delivered
P10827,Everly Energy,Redesigned letter,3743.63,Yes,Metropolitan,2025-02-05,0,,Delivered
P10828,Summit Energy,Redesigned letter,1435.99,No,Regional,2025-02-08,0,,Delivered
P10829,Kestrel Power,Standard letter,220.68,No,Regional,2025-02-13,0,,Delivered
P10830,Harbour Energy,Standard letter,1112.38,Yes,Metropolitan,2025-02-07,0,,Delivered
P10831,Solace Power,Redesigned letter,1071.33,No,Metropolitan,2025-02-12,0,,Delivered
P10832,Summit Energy,Redesigned letter,510.34,No,Metropolitan,2025-02-12,0,,Delivered
P10833,Everly Energy,Redesigned letter,749.61,No,Metropolitan,2025-02-03,0,,Delivered
P10834,Everly Energy,Redesigned letter,3102.79,No,Metropolitan,2025-02-05,1,12,Delivered
P10835,Summit Energy,Standard letter,1668.58,No,Metropolitan,2025-02-06,0,,Delivered
P10836,Everly Energy,Standard letter,575.49,No,Metropolitan,2025-02-04,0,,Delivered
P10837,Solace Power,Redesigned letter,1197.66,Yes,Regional,2025-02-05,1,18,Delivered
P10838,Harbour Energy,Redesigned letter,775.39,No,Metropolitan,2025-02-08,0,,Delivered
P10839,Harbour Energy,Redesigned letter,1634.87,No,Metropolitan,2025-02-07,1,20,Delivered
P10840,Everly Energy,Standard letter,1818.97,Yes,Metropolitan,2025-02-08,,,Returned undeliverable
P10841,Lumen Energy,Redesigned letter,2172.88,No,Metropolitan,2025-02-09,0,,Delivered
P10842,Lumen Energy,Redesigned letter,1732.0,No,Regional,2025-02-11,0,,Delivered
P10843,Everly Energy,Redesigned letter,1245.37,Yes,Metropolitan,2025-02-14,0,,Delivered
P10844,Harbour Energy,Standard letter,485.39,No,Metropolitan,2025-02-04,0,,Delivered
P10845,Lumen Energy,Redesigned letter,2053.66,No,Metropolitan,2025-02-10,0,,Delivered
P10846,Kestrel Power,Standard letter,820.52,No,Regional,2025-02-06,0,,Delivered
P10847,Solace Power,Standard letter,681.56,Yes,Regional,2025-02-08,0,,Delivered
P10848,Summit Energy,Redesigned letter,851.02,No,Metropolitan,2025-02-05,0,,Delivered
P10849,Harbour Energy,Redesigned letter,1271.55,No,Metropolitan,2025-02-09,0,,Delivered
P10850,Harbour Energy,Standard letter,1076.94,No,Metropolitan,2025-02-05,0,,Delivered
P10851,Lumen Energy,Redesigned letter,1930.76,No,Regional,2025-02-03,0,,Delivered
P10852,Everly Energy,Standard letter,751.13,No,Regional,2025-02-13,0,,Delivered
P10853,Summit Energy,Standard letter,705.32,No,Metropolitan,2025-02-03,0,,Delivered
P10854,Summit Energy,Redesigned letter,1404.05,No,Regional,2025-02-13,0,,Delivered
P10855,Everly Energy,Standard letter,790.98,No,Regional,2025-02-14,0,,Delivered
P10856,Summit Energy,Redesigned letter,814.23,No,Metropolitan,2025-02-11,0,,Delivered
P10857,Everly Energy,Standard letter,410.7,Yes,Regional,2025-02-09,0,,Delivered
P10858,Solace Power,Redesigned letter,986.24,No,Metropolitan,2025-02-05,0,,Delivered
P10859,Everly Energy,Redesigned letter,440.97,Yes,Metropolitan,2025-02-08,1,18,Delivered
P10860,Harbour Energy,Standard letter,484.79,No,Metropolitan,2025-02-12,1,18,Delivered
P10861,Summit Energy,Redesigned letter,426.67,No,Metropolitan,2025-02-04,1,11,Delivered
P10862,Harbour Energy,Standard letter,821.37,No,Regional,2025-02-07,0,,Delivered
P10863,Everly Energy,Redesigned letter,691.1,No,Metropolitan,2025-02-11,0,,Delivered
P10864,Kestrel Power,Standard letter,857.83,No,Metropolitan,2025-02-03,1,21,Delivered
P10865,Harbour Energy,Redesigned letter,1084.24,No,Metropolitan,2025-02-05,0,,Delivered
P10866,Harbour Energy,Redesigned letter,1129.71,No,Metropolitan,2025-02-13,1,20,Delivered
P10867,Harbour Energy,Standard letter,966.97,No,Metropolitan,2025-02-04,0,,Delivered
P10868,Harbour Energy,Standard letter,1189.57,No,Regional,2025-02-08,0,,Delivered
P10869,Harbour Energy,Redesigned letter,761.79,No,Metropolitan,2025-02-14,0,,Delivered
P10870,Solace Power,Standard letter,799.23,No,Metropolitan,2025-02-04,0,,Delivered
P10871,Solace Power,Standard letter,1138.98,No,Metropolitan,2025-02-08,0,,Delivered
P10872,Everly Energy,Redesigned letter,787.52,No,Regional,2025-02-12,0,,Delivered
P10873,Everly Energy,Redesigned letter,1650.54,No,Regional,2025-02-04,,,Returned undeliverable
P10874,Harbour Energy,Standard letter,1626.41,No,Metropolitan,2025-02-09,0,,Delivered
P10875,Harbour Energy,Redesigned letter,607.04,No,Regional,2025-02-04,0,,Delivered
P10876,Kestrel Power,Redesigned letter,764.56,No,Metropolitan,2025-02-03,0,,Delivered
P10877,Everly Energy,Standard letter,889.04,No,Regional,2025-02-10,0,,Delivered
P10878,Lumen Energy,Standard letter,615.02,No,Metropolitan,2025-02-12,0,,Delivered
P10879,Everly Energy,Standard letter,1251.35,Yes,Metropolitan,2025-02-11,0,,Delivered
P10880,Summit Energy,Standard letter,1041.55,Yes,Metropolitan,2025-02-10,0,,Delivered
P10881,Everly Energy,Redesigned letter,1647.3,No,Metropolitan,2025-02-09,0,,Delivered
P10882,Everly Energy,Redesigned letter,928.44,No,Metropolitan,2025-02-12,0,,Delivered
P10883,Everly Energy,Standard letter,778.86,No,Metropolitan,2025-02-03,0,,Delivered
P10884,Harbour Energy,Standard letter,590.41,No,Metropolitan,2025-02-13,0,,Delivered
P10885,Everly Energy,Standard letter,2265.11,Yes,Metropolitan,2025-02-13,1,19,Delivered
P10886,Harbour Energy,Standard letter,651.33,No,Metropolitan,2025-02-07,1,13,Delivered
P10887,Harbour Energy,Redesigned letter,2283.11,No,Regional,2025-02-05,0,,Delivered
P10888,Harbour Energy,Standard letter,1422.97,No,Metropolitan,2025-02-03,0,,Delivered
P10889,Everly Energy,Redesigned letter,558.11,No,Metropolitan,2025-02-04,1,16,Delivered
P10890,Summit Energy,Standard letter,3223.16,No,Regional,2025-02-11,1,1,Delivered
P10891,Solace Power,Standard letter,983.96,No,Regional,2025-02-14,0,,Delivered
P10892,Harbour Energy,Standard letter,261.61,No,Metropolitan,2025-02-07,0,,Delivered
P10893,Harbour Energy,Standard letter,1388.62,No,Metropolitan,2025-02-11,0,,Delivered
P10894,Everly Energy,Standard letter,2253.38,No,Regional,2025-02-07,0,,Delivered
P10895,Harbour Energy,Redesigned letter,1560.37,No,Regional,2025-02-09,0,,Delivered
P10896,Everly Energy,Redesigned letter,529.89,No,Regional,2025-02-14,0,,Delivered
P10897,Lumen Energy,Redesigned letter,1220.96,No,Metropolitan,2025-02-12,1,22,Delivered
P10898,Everly Energy,Standard letter,1111.05,No,Regional,2025-02-03,0,,Delivered
P10899,Lumen Energy,Redesigned letter,1834.4,No,Regional,2025-02-13,0,,Delivered
P10900,Everly Energy,Standard letter,910.3,No,Metropolitan,2025-02-04,0,,Delivered
P10901,Everly Energy,Standard letter,541.64,No,Metropolitan,2025-02-06,0,,Delivered
P10902,Everly Energy,Redesigned letter,924.48,No,Metropolitan,2025-02-06,1,28,Delivered
P10903,Lumen Energy,Standard letter,3257.78,No,Regional,2025-02-03,0,,Delivered
P10904,Everly Energy,Redesigned letter,863.3,No,Regional,2025-02-12,0,,Delivered
P10905,Harbour Energy,Redesigned letter,626.48,Yes,Regional,2025-02-10,0,,Delivered
P10906,Harbour Energy,Redesigned letter,1901.03,Yes,Metropolitan,2025-02-13,1,6,Delivered
P10907,Harbour Energy,Standard letter,445.27,No,Metropolitan,2025-02-11,0,,Delivered
P10908,Harbour Energy,Redesigned letter,1880.46,Yes,Metropolitan,2025-02-10,0,,Delivered
P10909,Everly Energy,Standard letter,1252.5,Yes,Regional,2025-02-06,1,25,Delivered
P10910,Harbour Energy,Standard letter,1785.8,No,Regional,2025-02-03,0,,Delivered
P10911,Everly Energy,Standard letter,886.52,No,Regional,2025-02-11,0,,Delivered
P10912,Everly Energy,Standard letter,1275.22,No,Metropolitan,2025-02-10,0,,Delivered
P10913,Everly Energy,Redesigned letter,858.04,No,Metropolitan,2025-02-11,0,,Delivered
P10914,Everly Energy,Redesigned letter,1290.08,Yes,Regional,2025-02-07,1,1,Delivered
P10915,Everly Energy,Standard letter,1556.16,No,Regional,2025-02-08,0,,Delivered
P10916,Summit Energy,Standard letter,1099.02,Yes,Regional,2025-02-04,0,,Delivered
P10917,Kestrel Power,Standard letter,393.9,No,Regional,2025-02-07,0,,Delivered
P10918,Kestrel Power,Redesigned letter,1074.52,No,Regional,2025-02-08,0,,Delivered
P10919,Summit Energy,Redesigned letter,1843.03,No,Metropolitan,2025-02-09,0,,Delivered
P10920,Everly Energy,Redesigned letter,995.26,No,Metropolitan,2025-02-09,0,,Delivered
P10921,Everly Energy,Redesigned letter,304.03,Yes,Metropolitan,2025-02-04,0,,Delivered
P10922,Lumen Energy,Standard letter,1143.83,No,Metropolitan,2025-02-12,0,,Delivered
P10923,Harbour Energy,Redesigned letter,534.02,No,Regional,2025-02-11,0,,Delivered
P10924,Everly Energy,Redesigned letter,697.88,No,Metropolitan,2025-02-04,0,,Delivered
P10925,Kestrel Power,Standard letter,1967.1,No,Metropolitan,2025-02-09,0,,Delivered
P10926,Harbour Energy,Redesigned letter,1537.09,No,Metropolitan,2025-02-06,0,,Delivered
P10927,Everly Energy,Standard letter,666.83,Yes,Metropolitan,2025-02-03,0,,Delivered
P10928,Kestrel Power,Standard letter,1756.75,No,Metropolitan,2025-02-07,1,12,Delivered
P10929,Everly Energy,Standard letter,2494.63,No,Metropolitan,2025-02-11,0,,Delivered
P10930,Everly Energy,Redesigned letter,1885.18,No,Regional,2025-02-07,1,3,Delivered
P10931,Harbour Energy,Standard letter,305.39,No,Metropolitan,2025-02-08,0,,Delivered
P10932,Harbour Energy,Redesigned letter,1518.69,No,Metropolitan,2025-02-03,0,,Delivered
P10933,Harbour Energy,Standard letter,1934.63,No,Metropolitan,2025-02-11,0,,Delivered
P10934,Kestrel Power,Redesigned letter,767.73,No,Metropolitan,2025-02-13,0,,Delivered
P10935,Kestrel Power,Redesigned letter,524.66,No,Metropolitan,2025-02-13,0,,Delivered
P10936,Everly Energy,Redesigned letter,1512.82,No,Metropolitan,2025-02-04,0,,Delivered
P10937,Harbour Energy,Redesigned letter,612.43,No,Regional,2025-02-11,0,,Delivered
P10938,Harbour Energy,Redesigned letter,3645.16,Yes,Metropolitan,2025-02-09,0,,Delivered
P10939,Kestrel Power,Redesigned letter,740.57,No,Metropolitan,2025-02-08,0,,Delivered
P10940,Everly Energy,Standard letter,1494.48,No,Metropolitan,2025-02-05,0,,Delivered
P10941,Summit Energy,Redesigned letter,1307.88,No,Metropolitan,2025-02-08,0,,Delivered
P10942,Everly Energy,Redesigned letter,798.73,No,Metropolitan,2025-02-11,1,25,Delivered
P10943,Everly Energy,Redesigned letter,522.15,No,Metropolitan,2025-02-04,0,,Delivered
P10944,Harbour Energy,Redesigned letter,1480.1,No,Regional,2025-02-05,1,28,Delivered
P10945,Solace Power,Redesigned letter,854.71,No,Metropolitan,2025-02-12,0,,Delivered
P10946,Everly Energy,Redesigned letter,1472.46,Yes,Regional,2025-02-10,1,29,Delivered
P10947,Harbour Energy,Redesigned letter,663.84,Yes,Metropolitan,2025-02-14,0,,Delivered
P10948,Lumen Energy,Standard letter,1733.09,Yes,Regional,2025-02-09,1,3,Delivered
P10949,Kestrel Power,Standard letter,2914.49,No,Regional,2025-02-03,0,,Delivered
P10950,Kestrel Power,Standard letter,1206.99,Yes,Metropolitan,2025-02-03,0,,Delivered
P10951,Everly Energy,Standard letter,692.26,No,Metropolitan,2025-02-10,0,,Delivered
P10952,Everly Energy,Standard letter,2280.17,No,Metropolitan,2025-02-09,0,,Delivered
P10953,Summit Energy,Standard letter,401.1,No,Regional,2025-02-08,0,,Delivered
P10954,Lumen Energy,Standard letter,659.0,No,Metropolitan,2025-02-11,0,,Delivered
P10955,Summit Energy,Standard letter,899.07,No,Metropolitan,2025-02-04,0,,Delivered
P10956,Summit Energy,Standard letter,1793.24,Yes,Metropolitan,2025-02-04,0,,Delivered
P10957,Everly Energy,Redesigned letter,1655.02,No,Regional,2025-02-07,0,,Delivered
P10958,Kestrel Power,Standard letter,383.82,Yes,Metropolitan,2025-02-12,0,,Delivered
P10959,Everly Energy,Standard letter,350.5,Yes,Metropolitan,2025-02-09,0,,Delivered
P10960,Everly Energy,Redesigned letter,1261.99,No,Metropolitan,2025-02-06,0,,Delivered
P10961,Lumen Energy,Redesigned letter,846.94,No,Regional,2025-02-14,1,16,Delivered
P10962,Everly Energy,Redesigned letter,328.24,No,Regional,2025-02-06,0,,Delivered
P10963,Lumen Energy,Standard letter,1038.26,Yes,Regional,2025-02-12,0,,Delivered
P10964,Lumen Energy,Standard letter,526.78,No,Regional,2025-02-13,0,,Delivered
P10965,Everly Energy,Redesigned letter,697.48,No,Metropolitan,2025-02-04,0,,Delivered
P10966,Everly Energy,Standard letter,613.15,No,Regional,2025-02-13,1,15,Delivered
P10967,Everly Energy,Redesigned letter,1289.68,Yes,Regional,2025-02-03,0,,Delivered
P10968,Everly Energy,Redesigned letter,1704.91,No,Metropolitan,2025-02-12,0,,Delivered
P10969,Everly Energy,Redesigned letter,1532.52,No,Metropolitan,2025-02-13,0,,Delivered
P10970,Everly Energy,Redesigned letter,495.52,No,Metropolitan,2025-02-07,0,,Delivered
P10971,Everly Energy,Redesigned letter,1061.52,Yes,Regional,2025-02-10,1,2,Delivered
P10972,Summit Energy,Standard letter,1073.55,No,Regional,2025-02-04,0,,Delivered
P10973,Summit Energy,Standard letter,1183.8,Yes,Metropolitan,2025-02-08,0,,Delivered
P10974,Harbour Energy,Standard letter,1232.79,No,Metropolitan,2025-02-06,0,,Delivered
P10975,Harbour Energy,Standard letter,497.74,Yes,Metropolitan,2025-02-13,1,22,Delivered
P10976,Harbour Energy,Standard letter,896.73,No,Metropolitan,2025-02-04,0,,Delivered
P10977,Summit Energy,Redesigned letter,799.81,Yes,Regional,2025-02-11,1,23,Delivered
P10978,Everly Energy,Standard letter,1656.8,No,Regional,2025-02-10,0,,Delivered
P10979,Harbour Energy,Redesigned letter,2967.89,No,Metropolitan,2025-02-13,1,28,Delivered
P10980,Lumen Energy,Redesigned letter,768.34,No,Metropolitan,2025-02-09,0,,Delivered
P10981,Everly Energy,Redesigned letter,805.86,No,Metropolitan,2025-02-13,0,,Delivered
P10982,Everly Energy,Redesigned letter,962.52,No,Regional,2025-02-03,0,,Delivered
P10983,Everly Energy,Standard letter,307.19,No,Regional,2025-02-13,0,,Delivered
P10984,Harbour Energy,Redesigned letter,1171.15,Yes,Metropolitan,2025-02-12,0,,Delivered
P10985,Everly Energy,Standard letter,580.72,No,Metropolitan,2025-02-11,0,,Delivered
P10986,Everly Energy,Redesigned letter,1053.15,Yes,Regional,2025-02-06,1,6,Delivered
P10987,Summit Energy,Redesigned letter,1281.13,No,Metropolitan,2025-02-14,0,,Delivered
P10988,Harbour Energy,Redesigned letter,828.8,No,Metropolitan,2025-02-06,,,Returned undeliverable
P10989,Lumen Energy,Redesigned letter,444.24,Yes,Metropolitan,2025-02-03,0,,Delivered
P10990,Everly Energy,Redesigned letter,215.57,Yes,Metropolitan,2025-02-04,0,,Delivered
P10991,Kestrel Power,Standard letter,1094.95,No,Metropolitan,2025-02-08,0,,Delivered
P10992,Everly Energy,Redesigned letter,1965.16,No,Regional,2025-02-10,1,15,Delivered
P10993,Everly Energy,Standard letter,1842.31,No,Regional,2025-02-08,0,,Delivered
P10994,Summit Energy,Standard letter,697.39,No,Regional,2025-02-11,1,19,Delivered
P10995,Summit Energy,Redesigned letter,416.25,No,Regional,2025-02-03,0,,Delivered
P10996,Everly Energy,Standard letter,695.9,No,Metropolitan,2025-02-14,0,,Delivered
P10997,Everly Energy,Redesigned letter,814.48,No,Metropolitan,2025-02-03,0,,Delivered
P10998,Solace Power,Standard letter,622.75,Yes,Metropolitan,2025-02-08,0,,Delivered
P10999,Harbour Energy,Standard letter,1234.47,No,Metropolitan,2025-02-09,1,1,Delivered
P11000,Lumen Energy,Standard letter,1929.83,Yes,Metropolitan,2025-02-10,0,,Delivered
P11001,Everly Energy,Redesigned letter,204.37,No,Metropolitan,2025-02-03,0,,Delivered
P11002,Lumen Energy,Standard letter,481.82,No,Regional,2025-02-07,0,,Delivered
P11003,Harbour Energy,Redesigned letter,871.72,No,Metropolitan,2025-02-10,0,,Delivered
P11004,Solace Power,Standard letter,3080.01,No,Regional,2025-02-10,0,,Delivered
P11005,Solace Power,Standard letter,1596.27,No,Regional,2025-02-03,0,,Delivered
P11006,Harbour Energy,Redesigned letter,2121.99,No,Metropolitan,2025-02-07,0,,Delivered
P11007,Harbour Energy,Redesigned letter,292.46,Yes,Metropolitan,2025-02-13,1,27,Delivered
P11008,Harbour Energy,Standard letter,1306.1,No,Metropolitan,2025-02-14,0,,Delivered
P11009,Summit Energy,Standard letter,871.37,Yes,Metropolitan,2025-02-14,0,,Delivered
P11010,Summit Energy,Standard letter,963.92,No,Metropolitan,2025-02-05,0,,Delivered
P11011,Everly Energy,Standard letter,492.87,No,Metropolitan,2025-02-09,0,,Delivered
P11012,Summit Energy,Standard letter,143.75,Yes,Metropolitan,2025-02-13,1,13,Delivered
P11013,Harbour Energy,Standard letter,1922.21,No,Metropolitan,2025-02-13,0,,Delivered
P11014,Kestrel Power,Redesigned letter,1015.83,No,Regional,2025-02-06,0,,Delivered
P11015,Solace Power,Standard letter,1012.79,No,Metropolitan,2025-02-08,0,,Delivered
P11016,Summit Energy,Redesigned letter,1418.11,No,Metropolitan,2025-02-11,0,,Delivered
P11017,Everly Energy,Redesigned letter,1740.62,Yes,Regional,2025-02-05,1,25,Delivered
P11018,Lumen Energy,Redesigned letter,1584.49,Yes,Metropolitan,2025-02-06,0,,Delivered
P11019,Summit Energy,Standard letter,698.64,No,Metropolitan,2025-02-06,0,,Delivered
P11020,Harbour Energy,Standard letter,492.73,No,Metropolitan,2025-02-09,0,,Delivered
P11021,Everly Energy,Redesigned letter,725.14,No,Metropolitan,2025-02-07,0,,Delivered
P11022,Lumen Energy,Redesigned letter,1653.9,No,Regional,2025-02-07,0,,Delivered
P11023,Harbour Energy,Standard letter,326.77,Yes,Metropolitan,2025-02-09,0,,Delivered
P11024,Everly Energy,Standard letter,547.85,No,Regional,2025-02-06,1,6,Delivered
P11025,Harbour Energy,Standard letter,1011.68,No,Metropolitan,2025-02-11,0,,Delivered
P11026,Harbour Energy,Standard letter,339.02,No,Metropolitan,2025-02-04,0,,Delivered
P11027,Everly Energy,Redesigned letter,670.17,No,Regional,2025-02-13,0,,Delivered
P11028,Everly Energy,Standard letter,1120.89,Yes,Metropolitan,2025-02-08,1,6,Delivered
P11029,Summit Energy,Standard letter,415.3,No,Metropolitan,2025-02-05,0,,Delivered
P11030,Everly Energy,Standard letter,708.51,Yes,Metropolitan,2025-02-12,0,,Delivered
P11031,Kestrel Power,Redesigned letter,344.07,Yes,Regional,2025-02-11,0,,Delivered
P11032,Lumen Energy,Redesigned letter,616.85,No,Regional,2025-02-12,0,,Delivered
P11033,Harbour Energy,Standard letter,191.17,No,Metropolitan,2025-02-11,0,,Delivered
P11034,Kestrel Power,Standard letter,628.56,Yes,Regional,2025-02-10,1,11,Delivered
P11035,Kestrel Power,Standard letter,434.08,No,Regional,2025-02-03,0,,Delivered
P11036,Harbour Energy,Redesigned letter,395.22,Yes,Metropolitan,2025-02-10,0,,Delivered
P11037,Summit Energy,Redesigned letter,1303.38,Yes,Metropolitan,2025-02-09,0,,Delivered
P11038,Summit Energy,Standard letter,674.98,No,Regional,2025-02-09,1,10,Delivered
P11039,Everly Energy,Redesigned letter,681.64,No,Metropolitan,2025-02-04,0,,Delivered
P11040,Kestrel Power,Standard letter,790.47,No,Metropolitan,2025-02-11,1,12,Delivered
P11041,Lumen Energy,Redesigned letter,362.65,No,Regional,2025-02-04,0,,Delivered
P11042,Everly Energy,Redesigned letter,2322.86,No,Metropolitan,2025-02-13,0,,Delivered
P11043,Solace Power,Standard letter,583.84,No,Regional,2025-02-11,0,,Delivered
P11044,Harbour Energy,Standard letter,1602.85,No,Metropolitan,2025-02-07,0,,Delivered
P11045,Summit Energy,Standard letter,1618.16,No,Metropolitan,2025-02-10,0,,Delivered
P11046,Kestrel Power,Standard letter,926.7,Yes,Metropolitan,2025-02-10,0,,Delivered
P11047,Solace Power,Redesigned letter,979.72,No,Regional,2025-02-07,0,,Delivered
P11048,Solace Power,Standard letter,2664.46,No,Metropolitan,2025-02-04,0,,Delivered
P11049,Kestrel Power,Standard letter,1092.76,No,Metropolitan,2025-02-13,0,,Delivered
P11050,Everly Energy,Standard letter,315.73,Yes,Metropolitan,2025-02-07,1,7,Delivered
P11051,Harbour Energy,Standard letter,1163.86,No,Metropolitan,2025-02-09,1,13,Delivered
P11052,Lumen Energy,Standard letter,820.81,No,Metropolitan,2025-02-14,0,,Delivered
P11053,Summit Energy,Standard letter,759.01,No,Regional,2025-02-12,1,16,Delivered
P11054,Harbour Energy,Redesigned letter,502.79,No,Regional,2025-02-11,0,,Delivered
P11055,Everly Energy,Redesigned letter,790.91,Yes,Regional,2025-02-06,0,,Delivered
P11056,Summit Energy,Redesigned letter,719.33,Yes,Metropolitan,2025-02-10,0,,Delivered
P11057,Kestrel Power,Redesigned letter,1634.03,No,Regional,2025-02-10,0,,Delivered
P11058,Everly Energy,Redesigned letter,809.6,Yes,Regional,2025-02-11,0,,Delivered
P11059,Harbour Energy,Redesigned letter,1949.99,No,Metropolitan,2025-02-14,0,,Delivered
P11060,Harbour Energy,Standard letter,1156.53,No,Regional,2025-02-07,0,,Delivered
P11061,Harbour Energy,Redesigned letter,801.12,No,Metropolitan,2025-02-10,0,,Delivered
P11062,Harbour Energy,Redesigned letter,663.92,Yes,Metropolitan,2025-02-06,1,5,Delivered
P11063,Lumen Energy,Redesigned letter,910.5,Yes,Regional,2025-02-09,0,,Delivered
P11064,Everly Energy,Redesigned letter,535.2,No,Metropolitan,2025-02-12,0,,Delivered
P11065,Harbour Energy,Redesigned letter,1288.68,Yes,Metropolitan,2025-02-12,1,24,Delivered
P11066,Everly Energy,Standard letter,1327.33,No,Regional,2025-02-13,0,,Delivered
P11067,Harbour Energy,Standard letter,409.89,Yes,Metropolitan,2025-02-14,0,,Delivered
P11068,Everly Energy,Redesigned letter,595.22,No,Regional,2025-02-09,0,,Delivered
P11069,Kestrel Power,Redesigned letter,1546.07,No,Metropolitan,2025-02-09,0,,Delivered
P11070,Harbour Energy,Redesigned letter,839.92,No,Metropolitan,2025-02-06,0,,Delivered
P11071,Everly Energy,Standard letter,1674.84,No,Metropolitan,2025-02-12,0,,Delivered
P11072,Everly Energy,Standard letter,583.29,Yes,Regional,2025-02-06,0,,Delivered
P11073,Solace Power,Standard letter,348.38,No,Regional,2025-02-11,0,,Delivered
P11074,Solace Power,Standard letter,666.02,No,Metropolitan,2025-02-10,0,,Delivered
P11075,Harbour Energy,Standard letter,1034.49,Yes,Metropolitan,2025-02-14,1,18,Delivered
P11076,Harbour Energy,Standard letter,484.66,Yes,Regional,2025-02-05,0,,Delivered
P11077,Harbour Energy,Redesigned letter,562.93,No,Metropolitan,2025-02-05,0,,Delivered
P11078,Harbour Energy,Standard letter,170.28,No,Regional,2025-02-07,0,,Delivered
P11079,Kestrel Power,Redesigned letter,719.2,No,Metropolitan,2025-02-10,0,,Delivered
P11080,Everly Energy,Redesigned letter,789.86,No,Metropolitan,2025-02-14,1,20,Delivered
P11081,Harbour Energy,Redesigned letter,917.82,Yes,Metropolitan,2025-02-04,0,,Delivered
P11082,Harbour Energy,Redesigned letter,2384.98,No,Metropolitan,2025-02-11,1,16,Delivered
P11083,Kestrel Power,Redesigned letter,1012.14,No,Metropolitan,2025-02-08,1,2,Delivered
P11084,Lumen Energy,Standard letter,487.04,No,Regional,2025-02-14,0,,Delivered
P11085,Summit Energy,Standard letter,1049.65,No,Metropolitan,2025-02-04,0,,Delivered
P11086,Harbour Energy,Redesigned letter,2584.39,No,Regional,2025-02-06,0,,Delivered
P11087,Summit Energy,Redesigned letter,1301.49,No,Metropolitan,2025-02-07,0,,Delivered
P11088,Kestrel Power,Redesigned letter,1081.92,No,Metropolitan,2025-02-03,0,,Delivered
P11089,Lumen Energy,Redesigned letter,1889.14,No,Metropolitan,2025-02-14,0,,Delivered
P11090,Lumen Energy,Redesigned letter,1303.67,Yes,Metropolitan,2025-02-13,0,,Delivered
P11091,Summit Energy,Redesigned letter,745.43,No,Regional,2025-02-12,0,,Delivered
P11092,Summit Energy,Redesigned letter,1980.82,Yes,Metropolitan,2025-02-06,1,4,Delivered
P11093,Summit Energy,Redesigned letter,713.04,No,Metropolitan,2025-02-13,0,,Delivered
P11094,Kestrel Power,Redesigned letter,267.43,No,Metropolitan,2025-02-13,0,,Delivered
P11095,Lumen Energy,Redesigned letter,892.43,No,Regional,2025-02-09,0,,Delivered
P11096,Kestrel Power,Standard letter,592.76,Yes,Metropolitan,2025-02-03,0,,Delivered
P11097,Harbour Energy,Redesigned letter,2287.49,No,Regional,2025-02-04,0,,Delivered
P11098,Harbour Energy,Standard letter,729.64,No,Metropolitan,2025-02-14,0,,Delivered
P11099,Harbour Energy,Redesigned letter,1128.39,Yes,Regional,2025-02-08,0,,Delivered
P11100,Harbour Energy,Redesigned letter,560.6,No,Metropolitan,2025-02-04,0,,Delivered
P11101,Solace Power,Redesigned letter,1136.64,Yes,Metropolitan,2025-02-08,1,10,Delivered
P11102,Everly Energy,Redesigned letter,1706.11,No,Regional,2025-02-03,0,,Delivered
P11103,Everly Energy,Redesigned letter,610.57,No,Metropolitan,2025-02-12,0,,Delivered
P11104,Everly Energy,Redesigned letter,612.32,Yes,Metropolitan,2025-02-06,1,9,Delivered
P11105,Summit Energy,Redesigned letter,1949.19,No,Regional,2025-02-07,0,,Delivered
P11106,Kestrel Power,Redesigned letter,587.51,No,Metropolitan,2025-02-04,0,,Delivered
P11107,Everly Energy,Standard letter,1184.3,No,Regional,2025-02-10,0,,Delivered
P11108,Everly Energy,Standard letter,2388.89,Yes,Regional,2025-02-10,0,,Delivered
P11109,Everly Energy,Standard letter,634.75,No,Regional,2025-02-12,0,,Delivered
P11110,Summit Energy,Redesigned letter,346.35,Yes,Regional,2025-02-14,0,,Delivered
P11111,Kestrel Power,Standard letter,1110.78,No,Metropolitan,2025-02-05,0,,Delivered
P11112,Harbour Energy,Redesigned letter,577.94,No,Metropolitan,2025-02-09,0,,Delivered
P11113,Lumen Energy,Redesigned letter,863.28,Yes,Regional,2025-02-05,1,21,Delivered
P11114,Lumen Energy,Standard letter,274.8,Yes,Regional,2025-02-05,0,,Delivered
P11115,Harbour Energy,Standard letter,542.48,No,Regional,2025-02-05,0,,Delivered
P11116,Harbour Energy,Standard letter,503.1,Yes,Regional,2025-02-11,0,,Delivered
P11117,Lumen Energy,Standard letter,943.02,No,Regional,2025-02-11,0,,Delivered
P11118,Solace Power,Standard letter,1331.64,No,Metropolitan,2025-02-07,1,20,Delivered
P11119,Kestrel Power,Redesigned letter,1250.76,No,Regional,2025-02-10,0,,Delivered
P11120,Harbour Energy,Standard letter,849.13,No,Metropolitan,2025-02-07,0,,Delivered
P11121,Everly Energy,Standard letter,668.86,Yes,Metropolitan,2025-02-12,0,,Delivered
P11122,Kestrel Power,Standard letter,697.19,No,Metropolitan,2025-02-03,0,,Delivered
P11123,Everly Energy,Redesigned letter,1444.68,Yes,Regional,2025-02-07,0,,Delivered
P11124,Kestrel Power,Standard letter,261.67,No,Regional,2025-02-04,0,,Delivered
P11125,Kestrel Power,Redesigned letter,443.11,No,Metropolitan,2025-02-14,0,,Delivered
P11126,Solace Power,Standard letter,602.79,Yes,Metropolitan,2025-02-09,0,,Delivered
P11127,Everly Energy,Standard letter,653.63,Yes,Metropolitan,2025-02-10,1,28,Delivered
P11128,Harbour Energy,Standard letter,1567.46,Yes,Regional,2025-02-03,0,,Delivered
P11129,Kestrel Power,Standard letter,1337.84,No,Regional,2025-02-04,0,,Delivered
P11130,Everly Energy,Standard letter,532.09,No,Regional,2025-02-09,1,14,Delivered
P11131,Harbour Energy,Redesigned letter,484.96,No,Metropolitan,2025-02-09,0,,Delivered
P11132,Harbour Energy,Redesigned letter,948.81,Yes,Regional,2025-02-14,1,10,Delivered
P11133,Lumen Energy,Standard letter,2824.51,No,Regional,2025-02-14,0,,Delivered
P11134,Summit Energy,Standard letter,1188.65,Yes,Regional,2025-02-04,0,,Delivered
P11135,Everly Energy,Standard letter,1462.92,Yes,Metropolitan,2025-02-10,1,22,Delivered
P11136,Harbour Energy,Redesigned letter,310.76,No,Regional,2025-02-12,0,,Delivered
P11137,Summit Energy,Redesigned letter,329.76,No,Regional,2025-02-04,0,,Delivered
P11138,Summit Energy,Standard letter,915.74,Yes,Regional,2025-02-05,0,,Delivered
P11139,Kestrel Power,Standard letter,537.44,Yes,Regional,2025-02-13,1,26,Delivered
P11140,Solace Power,Redesigned letter,1082.4,No,Metropolitan,2025-02-07,0,,Delivered
P11141,Lumen Energy,Redesigned letter,381.89,No,Regional,2025-02-08,0,,Delivered
P11142,Harbour Energy,Redesigned letter,2493.86,No,Metropolitan,2025-02-13,0,,Delivered
P11143,Everly Energy,Redesigned letter,1115.06,No,Metropolitan,2025-02-03,,,Returned undeliverable
P11144,Harbour Energy,Redesigned letter,546.55,No,Metropolitan,2025-02-04,1,26,Delivered
P11145,Harbour Energy,Standard letter,2309.59,No,Regional,2025-02-06,0,,Delivered
P11146,Summit Energy,Redesigned letter,781.82,No,Metropolitan,2025-02-07,0,,Delivered
P11147,Lumen Energy,Standard letter,2303.99,Yes,Metropolitan,2025-02-11,0,,Delivered
P11148,Everly Energy,Standard letter,2564.32,Yes,Metropolitan,2025-02-13,1,29,Delivered
P11149,Harbour Energy,Standard letter,722.67,No,Regional,2025-02-14,0,,Delivered
P11150,Harbour Energy,Redesigned letter,911.13,No,Regional,2025-02-05,0,,Delivered
P11151,Summit Energy,Redesigned letter,263.01,No,Metropolitan,2025-02-14,0,,Delivered
P11152,Lumen Energy,Redesigned letter,574.43,No,Regional,2025-02-10,0,,Delivered
P11153,Everly Energy,Standard letter,782.6,No,Metropolitan,2025-02-13,1,8,Delivered
P11154,Harbour Energy,Standard letter,762.81,No,Metropolitan,2025-02-05,0,,Delivered
P11155,Harbour Energy,Redesigned letter,4351.41,Yes,Metropolitan,2025-02-07,0,,Delivered
P11156,Lumen Energy,Redesigned letter,715.51,No,Metropolitan,2025-02-04,0,,Delivered
P11157,Everly Energy,Redesigned letter,487.15,No,Metropolitan,2025-02-04,0,,Delivered
P11158,Everly Energy,Redesigned letter,1001.89,Yes,Metropolitan,2025-02-11,0,,Delivered
P11159,Solace Power,Redesigned letter,652.48,Yes,Metropolitan,2025-02-05,0,,Delivered
P11160,Harbour Energy,Redesigned letter,490.65,No,Metropolitan,2025-02-06,0,,Delivered
P11161,Everly Energy,Redesigned letter,721.07,Yes,Regional,2025-02-12,0,,Delivered
P11162,Solace Power,Standard letter,1180.14,No,Regional,2025-02-03,0,,Delivered
P11163,Everly Energy,Redesigned letter,702.21,Yes,Metropolitan,2025-02-06,0,,Delivered
P11164,Kestrel Power,Redesigned letter,1037.47,No,Metropolitan,2025-02-12,0,,Delivered
P11165,Kestrel Power,Standard letter,619.64,No,Metropolitan,2025-02-05,0,,Delivered
P11166,Harbour Energy,Standard letter,1486.55,Yes,Regional,2025-02-12,0,,Delivered
P11167,Kestrel Power,Standard letter,1127.8,No,Regional,2025-02-03,0,,Delivered
P11168,Everly Energy,Redesigned letter,616.43,Yes,Metropolitan,2025-02-11,1,5,Delivered
P11169,Lumen Energy,Standard letter,1581.39,Yes,Regional,2025-02-04,0,,Delivered
P11170,Everly Energy,Redesigned letter,3082.85,Yes,Metropolitan,2025-02-10,1,24,Delivered
P11171,Everly Energy,Standard letter,2650.36,No,Metropolitan,2025-02-05,0,,Delivered
P11172,Lumen Energy,Redesigned letter,1090.66,No,Regional,2025-02-11,0,,Delivered
P11173,Lumen Energy,Standard letter,647.84,No,Regional,2025-02-12,1,18,Delivered
P11174,Harbour Energy,Standard letter,638.45,Yes,Regional,2025-02-04,0,,Delivered
P11175,Everly Energy,Redesigned letter,296.84,No,Metropolitan,2025-02-13,0,,Delivered
P11176,Solace Power,Redesigned letter,1134.07,No,Regional,2025-02-06,1,13,Delivered
P11177,Summit Energy,Redesigned letter,1731.83,No,Metropolitan,2025-02-14,0,,Delivered
P11178,Lumen Energy,Standard letter,456.41,No,Regional,2025-02-10,0,,Delivered
P11179,Kestrel Power,Redesigned letter,802.67,Yes,Metropolitan,2025-02-08,1,25,Delivered
P11180,Lumen Energy,Redesigned letter,575.26,No,Regional,2025-02-13,0,,Delivered
P11181,Harbour Energy,Standard letter,525.35,Yes,Metropolitan,2025-02-09,0,,Delivered
P11182,Harbour Energy,Standard letter,3050.07,No,Metropolitan,2025-02-13,0,,Delivered
P11183,Harbour Energy,Standard letter,945.27,No,Metropolitan,2025-02-05,0,,Delivered
P11184,Everly Energy,Standard letter,1875.18,Yes,Metropolitan,2025-02-05,0,,Delivered
P11185,Solace Power,Standard letter,1658.55,No,Regional,2025-02-09,0,,Delivered
P11186,Everly Energy,Standard letter,1907.03,No,Metropolitan,2025-02-04,1,18,Delivered
P11187,Everly Energy,Redesigned letter,2155.6,No,Metropolitan,2025-02-09,0,,Delivered
P11188,Harbour Energy,Redesigned letter,360.2,No,Metropolitan,2025-02-11,0,,Delivered
P11189,Lumen Energy,Redesigned letter,2191.27,No,Metropolitan,2025-02-09,0,,Delivered
P11190,Kestrel Power,Redesigned letter,1237.08,No,Metropolitan,2025-02-07,1,18,Delivered
P11191,Harbour Energy,Standard letter,430.04,No,Metropolitan,2025-02-07,0,,Delivered
P11192,Solace Power,Redesigned letter,473.9,No,Metropolitan,2025-02-05,1,28,Delivered
P11193,Everly Energy,Redesigned letter,914.31,Yes,Metropolitan,2025-02-03,0,,Delivered
P11194,Kestrel Power,Standard letter,770.72,No,Metropolitan,2025-02-11,,,Returned undeliverable
P11195,Lumen Energy,Redesigned letter,903.93,No,Metropolitan,2025-02-08,1,4,Delivered
P11196,Everly Energy,Standard letter,1442.77,No,Metropolitan,2025-02-05,0,,Delivered
P11197,Everly Energy,Standard letter,2085.09,No,Regional,2025-02-06,0,,Delivered
P11198,Harbour Energy,Standard letter,667.3,No,Metropolitan,2025-02-04,0,,Delivered
P11199,Lumen Energy,Redesigned letter,884.04,No,Regional,2025-02-14,0,,Delivered
P11200,Summit Energy,Redesigned letter,436.05,No,Regional,2025-02-09,0,,Delivered
P11201,Everly Energy,Standard letter,1189.67,No,Regional,2025-02-06,0,,Delivered
P11202,Lumen Energy,Redesigned letter,467.11,Yes,Regional,2025-02-05,0,,Delivered
P11203,Lumen Energy,Redesigned letter,333.79,No,Regional,2025-02-08,0,,Delivered
P11204,Everly Energy,Redesigned letter,916.35,No,Metropolitan,2025-02-06,1,11,Delivered
P11205,Kestrel Power,Redesigned letter,1287.73,No,Regional,2025-02-03,1,10,Delivered
P11206,Everly Energy,Standard letter,1200.37,Yes,Metropolitan,2025-02-11,0,,Delivered
P11207,Harbour Energy,Standard letter,572.62,No,Metropolitan,2025-02-10,0,,Delivered
P11208,Lumen Energy,Standard letter,303.64,No,Metropolitan,2025-02-05,0,,Delivered
P11209,Harbour Energy,Redesigned letter,367.32,No,Regional,2025-02-05,0,,Delivered
P11210,Everly Energy,Standard letter,171.26,No,Metropolitan,2025-02-05,1,28,Delivered
P11211,Everly Energy,Standard letter,1356.33,No,Metropolitan,2025-02-14,0,,Delivered
P11212,Harbour Energy,Redesigned letter,386.33,Yes,Metropolitan,2025-02-09,0,,Delivered
P11213,Everly Energy,Standard letter,369.21,No,Metropolitan,2025-02-06,0,,Delivered
P11214,Harbour Energy,Standard letter,562.06,Yes,Metropolitan,2025-02-03,0,,Delivered
P11215,Summit Energy,Redesigned letter,674.37,No,Regional,2025-02-05,0,,Delivered
P11216,Everly Energy,Redesigned letter,1168.31,No,Regional,2025-02-10,1,13,Delivered
P11217,Kestrel Power,Redesigned letter,413.99,No,Regional,2025-02-03,1,21,Delivered
P11218,Everly Energy,Standard letter,866.0,Yes,Regional,2025-02-11,1,30,Delivered
P11219,Harbour Energy,Redesigned letter,853.84,Yes,Metropolitan,2025-02-06,1,28,Delivered
P11220,Summit Energy,Redesigned letter,792.78,No,Metropolitan,2025-02-07,1,6,Delivered
P11221,Everly Energy,Standard letter,2048.16,No,Regional,2025-02-08,0,,Delivered
P11222,Harbour Energy,Standard letter,2553.88,Yes,Metropolitan,2025-02-13,0,,Delivered
P11223,Harbour Energy,Standard letter,1080.54,Yes,Regional,2025-02-09,1,9,Delivered
P11224,Summit Energy,Standard letter,873.35,Yes,Regional,2025-02-06,0,,Delivered
P11225,Harbour Energy,Standard letter,643.31,No,Metropolitan,2025-02-08,1,22,Delivered
P11226,Harbour Energy,Standard letter,679.14,Yes,Metropolitan,2025-02-03,0,,Delivered
P11227,Solace Power,Standard letter,966.99,No,Regional,2025-02-06,0,,Delivered
P11228,Everly Energy,Standard letter,828.27,Yes,Regional,2025-02-14,0,,Delivered
P11229,Kestrel Power,Standard letter,556.29,No,Regional,2025-02-07,1,27,Delivered
P11230,Harbour Energy,Standard letter,302.63,No,Metropolitan,2025-02-06,0,,Delivered
P11231,Kestrel Power,Redesigned letter,1553.15,Yes,Metropolitan,2025-02-09,0,,Delivered
P11232,Lumen Energy,Standard letter,1076.53,No,Regional,2025-02-04,0,,Delivered
P11233,Everly Energy,Redesigned letter,727.28,No,Regional,2025-02-07,0,,Delivered
P11234,Lumen Energy,Redesigned letter,374.07,Yes,Regional,2025-02-14,0,,Delivered
P11235,Harbour Energy,Standard letter,1201.64,No,Metropolitan,2025-02-05,0,,Delivered
P11236,Everly Energy,Standard letter,1312.18,Yes,Metropolitan,2025-02-14,0,,Delivered
P11237,Everly Energy,Redesigned letter,727.76,No,Regional,2025-02-07,0,,Delivered
P11238,Solace Power,Redesigned letter,548.25,No,Metropolitan,2025-02-14,0,,Delivered
P11239,Lumen Energy,Redesigned letter,604.03,Yes,Metropolitan,2025-02-12,0,,Delivered
P11240,Everly Energy,Standard letter,1304.04,No,Regional,2025-02-12,1,16,Delivered
P11241,Lumen Energy,Standard letter,503.03,Yes,Regional,2025-02-11,0,,Delivered
P11242,Summit Energy,Standard letter,795.28,No,Regional,2025-02-05,0,,Delivered
P11243,Harbour Energy,Redesigned letter,3244.49,Yes,Metropolitan,2025-02-06,1,25,Delivered
P11244,Harbour Energy,Standard letter,687.12,No,Metropolitan,2025-02-10,0,,Delivered
P11245,Harbour Energy,Redesigned letter,383.35,No,Regional,2025-02-10,0,,Delivered
P11246,Kestrel Power,Redesigned letter,619.18,Yes,Regional,2025-02-08,0,,Delivered
P11247,Everly Energy,Standard letter,915.52,Yes,Metropolitan,2025-02-11,1,15,Delivered
P11248,Everly Energy,Redesigned letter,2117.14,Yes,Metropolitan,2025-02-13,0,,Delivered
P11249,Everly Energy,Redesigned letter,476.18,Yes,Regional,2025-02-07,0,,Delivered
P11250,Kestrel Power,Standard letter,1096.06,No,Metropolitan,2025-02-04,0,,Delivered
P11251,Harbour Energy,Standard letter,1857.81,No,Metropolitan,2025-02-03,0,,Delivered
P11252,Lumen Energy,Redesigned letter,457.67,Yes,Metropolitan,2025-02-03,0,,Delivered
P11253,Summit Energy,Redesigned letter,2420.93,No,Metropolitan,2025-02-13,0,,Delivered
P11254,Harbour Energy,Standard letter,1275.96,Yes,Metropolitan,2025-02-12,1,21,Delivered
P11255,Lumen Energy,Redesigned letter,1261.39,No,Metropolitan,2025-02-04,0,,Delivered
P11256,Kestrel Power,Redesigned letter,652.48,Yes,Metropolitan,2025-02-04,0,,Delivered
P11257,Harbour Energy,Standard letter,688.86,Yes,Regional,2025-02-04,0,,Delivered
P11258,Lumen Energy,Standard letter,2628.12,No,Regional,2025-02-10,0,,Delivered
P11259,Everly Energy,Standard letter,907.28,No,Regional,2025-02-13,1,5,Delivered
P11260,Kestrel Power,Standard letter,1089.64,No,Metropolitan,2025-02-03,1,25,Delivered
P11261,Summit Energy,Standard letter,449.11,No,Regional,2025-02-06,0,,Delivered
P11262,Everly Energy,Redesigned letter,1406.5,No,Regional,2025-02-14,0,,Delivered
P11263,Harbour Energy,Redesigned letter,1205.09,No,Metropolitan,2025-02-07,1,27,Delivered
P11264,Everly Energy,Redesigned letter,922.46,No,Metropolitan,2025-02-08,1,24,Delivered
P11265,Lumen Energy,Standard letter,699.98,No,Metropolitan,2025-02-13,1,6,Delivered
P11266,Kestrel Power,Standard letter,1672.47,No,Regional,2025-02-05,0,,Delivered
P11267,Kestrel Power,Redesigned letter,1868.79,No,Metropolitan,2025-02-08,0,,Delivered
P11268,Kestrel Power,Redesigned letter,1637.59,Yes,Metropolitan,2025-02-08,0,,Delivered
P11269,Harbour Energy,Standard letter,979.96,Yes,Metropolitan,2025-02-07,,,Returned undeliverable
P11270,Everly Energy,Redesigned letter,517.93,No,Regional,2025-02-03,0,,Delivered
P11271,Lumen Energy,Redesigned letter,484.91,No,Metropolitan,2025-02-14,0,,Delivered
P11272,Harbour Energy,Standard letter,1389.75,Yes,Metropolitan,2025-02-03,0,,Delivered
P11273,Summit Energy,Standard letter,958.39,No,Metropolitan,2025-02-06,0,,Delivered
P11274,Harbour Energy,Redesigned letter,2298.68,No,Regional,2025-02-14,1,6,Delivered
P11275,Harbour Energy,Redesigned letter,1052.77,Yes,Metropolitan,2025-02-12,0,,Delivered
P11276,Harbour Energy,Redesigned letter,1014.05,No,Regional,2025-02-06,0,,Delivered
P11277,Solace Power,Redesigned letter,559.72,No,Metropolitan,2025-02-08,0,,Delivered
P11278,Everly Energy,Redesigned letter,259.7,Yes,Metropolitan,2025-02-09,1,27,Delivered
P11279,Summit Energy,Standard letter,456.27,No,Regional,2025-02-08,0,,Delivered
P11280,Lumen Energy,Redesigned letter,1865.65,Yes,Metropolitan,2025-02-03,0,,Delivered
P11281,Kestrel Power,Standard letter,2076.21,No,Regional,2025-02-13,1,20,Delivered
P11282,Everly Energy,Redesigned letter,787.22,Yes,Metropolitan,2025-02-07,0,,Delivered
P11283,Summit Energy,Standard letter,1400.45,No,Metropolitan,2025-02-12,0,,Delivered
P11284,Summit Energy,Redesigned letter,830.37,No,Metropolitan,2025-02-11,0,,Delivered
P11285,Harbour Energy,Redesigned letter,349.91,No,Regional,2025-02-06,0,,Delivered
P11286,Harbour Energy,Standard letter,1420.71,Yes,Metropolitan,2025-02-09,0,,Delivered
P11287,Everly Energy,Redesigned letter,1375.62,Yes,Regional,2025-02-05,0,,Delivered
P11288,Kestrel Power,Redesigned letter,770.32,No,Metropolitan,2025-02-06,1,13,Delivered
P11289,Harbour Energy,Standard letter,624.7,No,Regional,2025-02-03,0,,Delivered
P11290,Everly Energy,Redesigned letter,863.1,No,Regional,2025-02-13,1,29,Delivered
P11291,Harbour Energy,Redesigned letter,1291.01,No,Metropolitan,2025-02-08,0,,Delivered
P11292,Everly Energy,Redesigned letter,1156.05,Yes,Regional,2025-02-14,0,,Delivered
P11293,Summit Energy,Redesigned letter,220.98,No,Metropolitan,2025-02-05,0,,Delivered
P11294,Harbour Energy,Redesigned letter,788.35,No,Metropolitan,2025-02-13,0,,Delivered
P11295,Kestrel Power,Standard letter,1182.33,No,Metropolitan,2025-02-11,0,,Delivered
P11296,Everly Energy,Standard letter,833.85,No,Regional,2025-02-12,0,,Delivered
P11297,Harbour Energy,Standard letter,330.36,No,Metropolitan,2025-02-05,,,Returned undeliverable
P11298,Harbour Energy,Standard letter,1475.35,No,Metropolitan,2025-02-11,1,12,Delivered
P11299,Everly Energy,Redesigned letter,539.08,No,Metropolitan,2025-02-06,0,,Delivered
P11300,Lumen Energy,Redesigned letter,533.89,No,Metropolitan,2025-02-11,0,,Delivered
P11301,Kestrel Power,Redesigned letter,1493.87,No,Metropolitan,2025-02-08,0,,Delivered
P11302,Lumen Energy,Standard letter,907.29,No,Metropolitan,2025-02-04,0,,Delivered
P11303,Harbour Energy,Standard letter,1861.98,Yes,Metropolitan,2025-02-03,0,,Delivered
P11304,Summit Energy,Standard letter,1704.0,No,Metropolitan,2025-02-11,0,,Delivered
P11305,Everly Energy,Standard letter,1448.52,No,Regional,2025-02-09,0,,Delivered
P11306,Summit Energy,Redesigned letter,857.11,No,Metropolitan,2025-02-03,0,,Delivered
P11307,Everly Energy,Redesigned letter,419.32,No,Metropolitan,2025-02-10,0,,Delivered
P11308,Kestrel Power,Standard letter,1099.98,Yes,Metropolitan,2025-02-05,0,,Delivered
P11309,Everly Energy,Redesigned letter,694.65,No,Metropolitan,2025-02-14,,,Returned undeliverable
P11310,Summit Energy,Redesigned letter,948.4,No,Metropolitan,2025-02-04,1,15,Delivered
P11311,Everly Energy,Standard letter,419.04,No,Regional,2025-02-06,0,,Delivered
P11312,Kestrel Power,Redesigned letter,992.84,No,Regional,2025-02-13,0,,Delivered
P11313,Everly Energy,Redesigned letter,775.29,No,Regional,2025-02-05,0,,Delivered
P11314,Harbour Energy,Redesigned letter,3095.97,No,Regional,2025-02-03,0,,Delivered
P11315,Kestrel Power,Standard letter,816.12,Yes,Regional,2025-02-14,1,27,Delivered
P11316,Harbour Energy,Standard letter,1560.54,Yes,Metropolitan,2025-02-06,1,14,Delivered
P11317,Kestrel Power,Standard letter,1554.19,Yes,Metropolitan,2025-02-07,0,,Delivered
P11318,Everly Energy,Standard letter,1132.08,No,Metropolitan,2025-02-06,0,,Delivered
P11319,Harbour Energy,Standard letter,1372.4,No,Metropolitan,2025-02-05,0,,Delivered
P11320,Harbour Energy,Redesigned letter,612.53,No,Regional,2025-02-12,0,,Delivered
P11321,Everly Energy,Standard letter,673.44,No,Metropolitan,2025-02-06,0,,Delivered
P11322,Lumen Energy,Standard letter,413.27,No,Metropolitan,2025-02-13,0,,Delivered
P11323,Kestrel Power,Standard letter,2416.69,No,Regional,2025-02-10,0,,Delivered
P11324,Harbour Energy,Standard letter,1863.62,No,Metropolitan,2025-02-03,0,,Delivered
P11325,Everly Energy,Standard letter,2790.63,No,Regional,2025-02-08,0,,Delivered
P11326,Kestrel Power,Standard letter,485.31,No,Metropolitan,2025-02-14,0,,Delivered
P11327,Everly Energy,Redesigned letter,1570.34,Yes,Metropolitan,2025-02-09,1,8,Delivered
P11328,Summit Energy,Standard letter,1166.94,Yes,Metropolitan,2025-02-13,1,20,Delivered
P11329,Summit Energy,Redesigned letter,1118.11,No,Regional,2025-02-12,0,,Delivered
P11330,Kestrel Power,Standard letter,1242.41,No,Metropolitan,2025-02-13,0,,Delivered
P11331,Harbour Energy,Redesigned letter,1815.85,Yes,Metropolitan,2025-02-09,0,,Delivered
P11332,Everly Energy,Redesigned letter,587.93,No,Metropolitan,2025-02-10,0,,Delivered
P11333,Summit Energy,Standard letter,1990.93,No,Regional,2025-02-06,0,,Delivered
P11334,Harbour Energy,Redesigned letter,1079.95,No,Metropolitan,2025-02-07,0,,Delivered
P11335,Lumen Energy,Redesigned letter,544.64,No,Regional,2025-02-11,0,,Delivered
P11336,Kestrel Power,Redesigned letter,1617.32,No,Regional,2025-02-04,1,10,Delivered
P11337,Kestrel Power,Standard letter,1023.11,No,Metropolitan,2025-02-14,0,,Delivered
P11338,Everly Energy,Standard letter,608.94,No,Metropolitan,2025-02-07,1,28,Delivered
P11339,Lumen Energy,Standard letter,596.69,No,Metropolitan,2025-02-06,0,,Delivered
P11340,Summit Energy,Standard letter,906.56,Yes,Regional,2025-02-08,0,,Delivered
P11341,Lumen Energy,Redesigned letter,531.2,Yes,Metropolitan,2025-02-09,0,,Delivered
P11342,Everly Energy,Standard letter,465.26,No,Metropolitan,2025-02-13,0,,Delivered
P11343,Solace Power,Standard letter,493.27,No,Regional,2025-02-09,1,27,Delivered
P11344,Harbour Energy,Redesigned letter,620.42,No,Metropolitan,2025-02-08,0,,Delivered
P11345,Everly Energy,Redesigned letter,983.92,Yes,Metropolitan,2025-02-12,1,21,Delivered
P11346,Solace Power,Standard letter,666.91,Yes,Metropolitan,2025-02-07,0,,Delivered
P11347,Solace Power,Redesigned letter,1511.47,No,Metropolitan,2025-02-05,0,,Delivered
P11348,Summit Energy,Redesigned letter,685.92,No,Metropolitan,2025-02-10,0,,Delivered
P11349,Harbour Energy,Redesigned letter,2651.96,No,Regional,2025-02-09,1,18,Delivered
P11350,Kestrel Power,Redesigned letter,1196.24,Yes,Metropolitan,2025-02-06,0,,Delivered
P11351,Harbour Energy,Redesigned letter,395.96,No,Metropolitan,2025-02-05,0,,Delivered
P11352,Summit Energy,Standard letter,1618.45,No,Metropolitan,2025-02-12,0,,Delivered
P11353,Kestrel Power,Standard letter,925.9,No,Metropolitan,2025-02-04,0,,Delivered
P11354,Everly Energy,Standard letter,1039.03,No,Metropolitan,2025-02-10,1,24,Delivered
P11355,Summit Energy,Standard letter,1136.55,No,Metropolitan,2025-02-10,0,,Delivered
P11356,Everly Energy,Standard letter,587.29,No,Metropolitan,2025-02-03,0,,Delivered
P11357,Kestrel Power,Redesigned letter,707.83,No,Metropolitan,2025-02-08,0,,Delivered
P11358,Harbour Energy,Redesigned letter,342.09,No,Metropolitan,2025-02-07,0,,Delivered
P11359,Lumen Energy,Redesigned letter,908.89,No,Regional,2025-02-07,0,,Delivered
P11360,Lumen Energy,Redesigned letter,1136.94,No,Regional,2025-02-08,1,3,Delivered
P11361,Harbour Energy,Standard letter,576.97,Yes,Metropolitan,2025-02-06,0,,Delivered
P11362,Everly Energy,Standard letter,1239.55,Yes,Metropolitan,2025-02-06,0,,Delivered
P11363,Harbour Energy,Redesigned letter,1358.66,No,Regional,2025-02-10,0,,Delivered
P11364,Lumen Energy,Redesigned letter,2705.96,No,Metropolitan,2025-02-08,1,7,Delivered
P11365,Summit Energy,Standard letter,762.13,No,Regional,2025-02-10,1,4,Delivered
P11366,Kestrel Power,Redesigned letter,3271.52,Yes,Metropolitan,2025-02-06,0,,Delivered
P11367,Summit Energy,Redesigned letter,1154.47,No,Metropolitan,2025-02-12,0,,Delivered
P11368,Everly Energy,Standard letter,1028.03,Yes,Metropolitan,2025-02-07,1,26,Delivered
P11369,Kestrel Power,Redesigned letter,921.43,Yes,Metropolitan,2025-02-10,0,,Delivered
P11370,Everly Energy,Redesigned letter,953.56,No,Metropolitan,2025-02-12,0,,Delivered
P11371,Harbour Energy,Redesigned letter,376.11,No,Metropolitan,2025-02-07,0,,Delivered
P11372,Lumen Energy,Redesigned letter,1084.48,No,Regional,2025-02-12,0,,Delivered
P11373,Kestrel Power,Redesigned letter,2065.58,No,Metropolitan,2025-02-08,0,,Delivered
P11374,Kestrel Power,Redesigned letter,959.72,Yes,Metropolitan,2025-02-13,0,,Delivered
P11375,Harbour Energy,Redesigned letter,1159.95,No,Metropolitan,2025-02-12,1,26,Delivered
P11376,Summit Energy,Redesigned letter,1941.23,No,Metropolitan,2025-02-10,1,27,Delivered
P11377,Lumen Energy,Standard letter,2136.44,Yes,Regional,2025-02-04,0,,Delivered
P11378,Harbour Energy,Redesigned letter,756.55,Yes,Metropolitan,2025-02-03,0,,Delivered
P11379,Solace Power,Standard letter,683.16,No,Regional,2025-02-12,0,,Delivered
P11380,Kestrel Power,Standard letter,1103.25,No,Regional,2025-02-05,0,,Delivered
P11381,Everly Energy,Redesigned letter,2108.2,Yes,Metropolitan,2025-02-06,1,7,Delivered
P11382,Kestrel Power,Redesigned letter,1090.73,Yes,Metropolitan,2025-02-05,1,14,Delivered
P11383,Harbour Energy,Standard letter,1085.21,No,Metropolitan,2025-02-09,1,14,Delivered
P11384,Everly Energy,Redesigned letter,419.56,No,Metropolitan,2025-02-04,0,,Delivered
P11385,Harbour Energy,Standard letter,1499.85,No,Metropolitan,2025-02-03,1,9,Delivered
P11386,Summit Energy,Redesigned letter,543.06,No,Metropolitan,2025-02-03,0,,Delivered
P11387,Harbour Energy,Redesigned letter,2037.81,Yes,Regional,2025-02-12,0,,Delivered
P11388,Summit Energy,Redesigned letter,470.86,No,Metropolitan,2025-02-10,,,Returned undeliverable
P11389,Everly Energy,Redesigned letter,2215.37,No,Regional,2025-02-04,1,26,Delivered
P11390,Everly Energy,Standard letter,980.22,Yes,Metropolitan,2025-02-07,0,,Delivered
P11391,Solace Power,Standard letter,597.09,No,Metropolitan,2025-02-03,0,,Delivered
P11392,Everly Energy,Standard letter,2382.28,No,Regional,2025-02-12,0,,Delivered
P11393,Harbour Energy,Redesigned letter,1760.56,No,Metropolitan,2025-02-14,,,Returned undeliverable
P11394,Harbour Energy,Redesigned letter,3295.02,Yes,Metropolitan,2025-02-13,0,,Delivered
P11395,Summit Energy,Redesigned letter,936.39,No,Metropolitan,2025-02-14,0,,Delivered
P11396,Everly Energy,Redesigned letter,1259.0,Yes,Metropolitan,2025-02-07,1,29,Delivered
P11397,Harbour Energy,Standard letter,957.52,No,Metropolitan,2025-02-09,0,,Delivered
P11398,Summit Energy,Redesigned letter,664.04,No,Metropolitan,2025-02-10,0,,Delivered
P11399,Everly Energy,Standard letter,404.51,No,Metropolitan,2025-02-06,1,27,Delivered
P11400,Everly Energy,Redesigned letter,347.61,No,Regional,2025-02-08,0,,Delivered
P11401,Kestrel Power,Redesigned letter,2327.9,Yes,Regional,2025-02-03,0,,Delivered
P11402,Kestrel Power,Redesigned letter,2124.03,Yes,Metropolitan,2025-02-07,1,7,Delivered
P11403,Harbour Energy,Standard letter,719.37,Yes,Regional,2025-02-14,1,5,Delivered
P11404,Lumen Energy,Standard letter,589.29,No,Metropolitan,2025-02-11,1,14,Delivered
P11405,Everly Energy,Standard letter,1425.86,No,Regional,2025-02-03,0,,Delivered
P11406,Harbour Energy,Redesigned letter,633.08,No,Regional,2025-02-10,0,,Delivered
P11407,Harbour Energy,Standard letter,637.6,No,Metropolitan,2025-02-07,0,,Delivered
P11408,Summit Energy,Standard letter,892.23,No,Metropolitan,2025-02-14,0,,Delivered
P11409,Harbour Energy,Standard letter,1240.18,No,Regional,2025-02-12,0,,Delivered
P11410,Lumen Energy,Redesigned letter,1024.07,No,Metropolitan,2025-02-04,0,,Delivered
P11411,Solace Power,Redesigned letter,317.81,No,Regional,2025-02-04,0,,Delivered
P11412,Solace Power,Redesigned letter,2298.4,No,Metropolitan,2025-02-08,,,Returned undeliverable
P11413,Everly Energy,Redesigned letter,2853.83,No,Regional,2025-02-05,0,,Delivered
P11414,Everly Energy,Redesigned letter,1448.29,No,Regional,2025-02-03,0,,Delivered
P11415,Everly Energy,Standard letter,807.56,No,Metropolitan,2025-02-14,0,,Delivered
P11416,Everly Energy,Standard letter,993.15,No,Metropolitan,2025-02-14,0,,Delivered
P11417,Everly Energy,Standard letter,384.9,No,Metropolitan,2025-02-12,0,,Delivered
P11418,Everly Energy,Standard letter,542.38,Yes,Regional,2025-02-14,0,,Delivered
P11419,Everly Energy,Redesigned letter,581.02,Yes,Metropolitan,2025-02-10,0,,Delivered
P11420,Harbour Energy,Standard letter,551.51,Yes,Metropolitan,2025-02-05,,,Returned undeliverable
P11421,Everly Energy,Standard letter,1640.43,No,Metropolitan,2025-02-05,1,2,Delivered
P11422,Everly Energy,Standard letter,1193.93,No,Regional,2025-02-08,0,,Delivered
P11423,Harbour Energy,Standard letter,2310.07,No,Regional,2025-02-14,0,,Delivered
P11424,Summit Energy,Standard letter,2708.44,No,Metropolitan,2025-02-12,0,,Delivered
P11425,Everly Energy,Redesigned letter,1133.47,No,Metropolitan,2025-02-14,1,22,Delivered
P11426,Kestrel Power,Redesigned letter,1377.45,No,Regional,2025-02-10,0,,Delivered
P11427,Harbour Energy,Standard letter,898.18,Yes,Metropolitan,2025-02-08,0,,Delivered
P11428,Harbour Energy,Standard letter,740.04,No,Regional,2025-02-05,1,24,Delivered
P11429,Everly Energy,Redesigned letter,474.16,Yes,Metropolitan,2025-02-08,0,,Delivered
P11430,Lumen Energy,Redesigned letter,2556.36,Yes,Metropolitan,2025-02-07,0,,Delivered
P11431,Everly Energy,Redesigned letter,2860.03,No,Metropolitan,2025-02-14,1,15,Delivered
P11432,Summit Energy,Standard letter,424.97,No,Metropolitan,2025-02-06,0,,Delivered
P11433,Harbour Energy,Standard letter,1442.74,No,Regional,2025-02-04,0,,Delivered
P11434,Everly Energy,Redesigned letter,3303.95,No,Metropolitan,2025-02-06,0,,Delivered
P11435,Harbour Energy,Standard letter,621.01,No,Metropolitan,2025-02-12,1,18,Delivered
P11436,Everly Energy,Standard letter,621.96,No,Regional,2025-02-12,0,,Delivered
P11437,Summit Energy,Redesigned letter,1384.18,No,Metropolitan,2025-02-04,0,,Delivered
P11438,Summit Energy,Standard letter,1240.14,No,Metropolitan,2025-02-10,0,,Delivered
P11439,Everly Energy,Redesigned letter,1364.66,No,Regional,2025-02-13,0,,Delivered
P11440,Solace Power,Standard letter,783.58,Yes,Metropolitan,2025-02-03,0,,Delivered
P11441,Everly Energy,Standard letter,336.18,No,Metropolitan,2025-02-06,0,,Delivered
P11442,Lumen Energy,Standard letter,725.53,No,Regional,2025-02-13,0,,Delivered
P11443,Harbour Energy,Redesigned letter,770.88,Yes,Metropolitan,2025-02-08,1,14,Delivered
P11444,Harbour Energy,Standard letter,1011.12,No,Regional,2025-02-07,0,,Delivered
P11445,Harbour Energy,Standard letter,1104.41,No,Metropolitan,2025-02-09,1,25,Delivered
P11446,Everly Energy,Redesigned letter,1030.32,Yes,Metropolitan,2025-02-08,0,,Delivered
P11447,Kestrel Power,Redesigned letter,511.68,Yes,Regional,2025-02-09,1,27,Delivered
P11448,Lumen Energy,Redesigned letter,144.86,No,Regional,2025-02-14,0,,Delivered
P11449,Everly Energy,Redesigned letter,1669.0,Yes,Regional,2025-02-11,0,,Delivered
P11450,Harbour Energy,Standard letter,1139.78,No,Regional,2025-02-13,0,,Delivered
P11451,Kestrel Power,Standard letter,809.14,No,Regional,2025-02-03,0,,Delivered
P11452,Solace Power,Redesigned letter,285.63,No,Metropolitan,2025-02-08,0,,Delivered
P11453,Solace Power,Redesigned letter,791.94,Yes,Regional,2025-02-08,0,,Delivered
P11454,Harbour Energy,Redesigned letter,423.9,No,Metropolitan,2025-02-09,0,,Delivered
P11455,Harbour Energy,Redesigned letter,1173.13,No,Metropolitan,2025-02-04,0,,Delivered
P11456,Everly Energy,Redesigned letter,349.18,No,Metropolitan,2025-02-04,0,,Delivered
P11457,Kestrel Power,Standard letter,1375.45,No,Metropolitan,2025-02-12,0,,Delivered
P11458,Everly Energy,Redesigned letter,2874.31,Yes,Metropolitan,2025-02-10,1,1,Delivered
P11459,Everly Energy,Redesigned letter,536.79,No,Regional,2025-02-08,0,,Delivered
P11460,Harbour Energy,Standard letter,1435.1,No,Metropolitan,2025-02-13,0,,Delivered
P11461,Kestrel Power,Standard letter,545.05,Yes,Metropolitan,2025-02-03,0,,Delivered
P11462,Harbour Energy,Redesigned letter,1016.36,No,Regional,2025-02-09,0,,Delivered
P11463,Everly Energy,Standard letter,2269.94,No,Metropolitan,2025-02-06,0,,Delivered
P11464,Harbour Energy,Standard letter,445.14,Yes,Metropolitan,2025-02-04,0,,Delivered
P11465,Summit Energy,Standard letter,337.64,No,Metropolitan,2025-02-04,0,,Delivered
P11466,Everly Energy,Standard letter,612.52,No,Regional,2025-02-09,0,,Delivered
P11467,Summit Energy,Redesigned letter,1559.07,No,Regional,2025-02-09,0,,Delivered
P11468,Lumen Energy,Standard letter,1182.04,No,Metropolitan,2025-02-12,0,,Delivered
P11469,Harbour Energy,Redesigned letter,256.88,Yes,Metropolitan,2025-02-10,1,5,Delivered
P11470,Everly Energy,Redesigned letter,370.19,No,Regional,2025-02-10,0,,Delivered
P11471,Everly Energy,Redesigned letter,703.52,Yes,Regional,2025-02-09,0,,Delivered
P11472,Everly Energy,Redesigned letter,515.62,No,Metropolitan,2025-02-14,0,,Delivered
P11473,Everly Energy,Redesigned letter,2415.11,Yes,Regional,2025-02-05,0,,Delivered
P11474,Everly Energy,Standard letter,1861.0,No,Metropolitan,2025-02-07,0,,Delivered
P11475,Summit Energy,Standard letter,707.32,No,Metropolitan,2025-02-08,0,,Delivered
P11476,Lumen Energy,Standard letter,733.96,No,Metropolitan,2025-02-06,0,,Delivered
P11477,Harbour Energy,Standard letter,1167.99,No,Metropolitan,2025-02-11,1,11,Delivered
P11478,Summit Energy,Redesigned letter,944.89,No,Regional,2025-02-07,0,,Delivered
P11479,Harbour Energy,Standard letter,428.5,No,Metropolitan,2025-02-12,0,,Delivered
P11480,Everly Energy,Redesigned letter,517.25,Yes,Metropolitan,2025-02-04,1,24,Delivered
P11481,Harbour Energy,Redesigned letter,788.16,Yes,Regional,2025-02-04,0,,Delivered
P11482,Harbour Energy,Standard letter,675.52,No,Regional,2025-02-10,0,,Delivered
P11483,Lumen Energy,Standard letter,761.22,No,Metropolitan,2025-02-04,0,,Delivered
P11484,Summit Energy,Standard letter,1853.44,Yes,Regional,2025-02-14,0,,Delivered
P11485,Kestrel Power,Standard letter,1038.01,No,Metropolitan,2025-02-10,0,,Delivered
P11486,Everly Energy,Standard letter,437.96,No,Regional,2025-02-08,0,,Delivered
P11487,Harbour Energy,Redesigned letter,520.93,Yes,Regional,2025-02-09,0,,Delivered
P11488,Harbour Energy,Redesigned letter,1226.26,Yes,Regional,2025-02-07,0,,Delivered
P11489,Everly Energy,Standard letter,710.8,Yes,Metropolitan,2025-02-11,0,,Delivered
P11490,Lumen Energy,Standard letter,166.72,No,Metropolitan,2025-02-13,0,,Delivered
P11491,Kestrel Power,Redesigned letter,689.94,Yes,Metropolitan,2025-02-04,0,,Delivered
P11492,Solace Power,Redesigned letter,769.92,No,Metropolitan,2025-02-11,1,18,Delivered
P11493,Harbour Energy,Standard letter,678.39,No,Regional,2025-02-07,1,4,Delivered
P11494,Kestrel Power,Redesigned letter,641.82,No,Regional,2025-02-07,1,3,Delivered
P11495,Summit Energy,Redesigned letter,1033.22,No,Metropolitan,2025-02-13,0,,Delivered
P11496,Solace Power,Standard letter,972.02,No,Metropolitan,2025-02-08,0,,Delivered
P11497,Harbour Energy,Standard letter,877.53,No,Metropolitan,2025-02-08,1,12,Delivered
P11498,Everly Energy,Standard letter,1860.22,No,Metropolitan,2025-02-12,0,,Delivered
P11499,Lumen Energy,Redesigned letter,1425.28,No,Metropolitan,2025-02-07,0,,Delivered
P11500,Solace Power,Standard letter,1997.36,No,Metropolitan,2025-02-05,0,,Delivered
P11501,Everly Energy,Redesigned letter,349.2,Yes,Regional,2025-02-09,0,,Delivered
P11502,Everly Energy,Standard letter,520.89,No,Regional,2025-02-06,0,,Delivered
P11503,Kestrel Power,Redesigned letter,236.78,No,Regional,2025-02-14,0,,Delivered
P11504,Harbour Energy,Redesigned letter,873.8,No,Metropolitan,2025-02-03,0,,Delivered
P11505,Solace Power,Standard letter,1357.21,No,Metropolitan,2025-02-06,0,,Delivered
P11506,Kestrel Power,Redesigned letter,867.4,No,Metropolitan,2025-02-08,0,,Delivered
P11507,Everly Energy,Standard letter,333.53,Yes,Metropolitan,2025-02-05,1,1,Delivered
P11508,Harbour Energy,Standard letter,1300.09,Yes,Metropolitan,2025-02-08,0,,Delivered
P11509,Kestrel Power,Standard letter,910.79,No,Regional,2025-02-10,0,,Delivered
P11510,Lumen Energy,Redesigned letter,942.53,No,Metropolitan,2025-02-14,0,,Delivered
P11511,Everly Energy,Redesigned letter,2259.44,No,Regional,2025-02-04,0,,Delivered
P11512,Everly Energy,Redesigned letter,584.47,No,Metropolitan,2025-02-09,0,,Delivered
P11513,Everly Energy,Redesigned letter,794.11,Yes,Metropolitan,2025-02-09,0,,Delivered
P11514,Summit Energy,Standard letter,338.2,Yes,Metropolitan,2025-02-06,1,3,Delivered
P11515,Everly Energy,Standard letter,791.44,No,Metropolitan,2025-02-12,0,,Delivered
P11516,Harbour Energy,Standard letter,491.08,No,Metropolitan,2025-02-11,0,,Delivered
P11517,Everly Energy,Redesigned letter,432.09,No,Metropolitan,2025-02-03,0,,Delivered
P11518,Solace Power,Standard letter,613.05,No,Regional,2025-02-13,0,,Delivered
P11519,Kestrel Power,Standard letter,803.92,Yes,Metropolitan,2025-02-12,0,,Delivered
P11520,Solace Power,Standard letter,1259.69,No,Regional,2025-02-14,1,15,Delivered
P11521,Summit Energy,Redesigned letter,348.46,No,Metropolitan,2025-02-07,0,,Delivered
P11522,Everly Energy,Standard letter,482.07,No,Metropolitan,2025-02-07,1,17,Delivered
P11523,Kestrel Power,Redesigned letter,476.55,Yes,Metropolitan,2025-02-04,0,,Delivered
P11524,Harbour Energy,Standard letter,751.64,No,Regional,2025-02-05,1,20,Delivered
P11525,Solace Power,Standard letter,2043.67,Yes,Metropolitan,2025-02-07,1,1,Delivered
P11526,Harbour Energy,Redesigned letter,981.01,Yes,Regional,2025-02-14,0,,Delivered
P11527,Everly Energy,Redesigned letter,496.54,No,Regional,2025-02-12,0,,Delivered
P11528,Everly Energy,Standard letter,587.5,No,Metropolitan,2025-02-08,0,,Delivered
P11529,Kestrel Power,Standard letter,375.57,No,Regional,2025-02-10,0,,Delivered
P11530,Harbour Energy,Redesigned letter,638.42,No,Metropolitan,2025-02-03,0,,Delivered
P11531,Harbour Energy,Standard letter,575.73,No,Metropolitan,2025-02-03,0,,Delivered
P11532,Summit Energy,Standard letter,520.93,No,Metropolitan,2025-02-07,0,,Delivered
P11533,Lumen Energy,Standard letter,1060.58,No,Regional,2025-02-12,0,,Delivered
P11534,Harbour Energy,Redesigned letter,403.03,No,Metropolitan,2025-02-06,0,,Delivered
P11535,Harbour Energy,Standard letter,2167.59,Yes,Regional,2025-02-05,1,17,Delivered
P11536,Kestrel Power,Standard letter,997.61,No,Metropolitan,2025-02-05,1,30,Delivered
P11537,Everly Energy,Redesigned letter,1333.79,Yes,Metropolitan,2025-02-13,0,,Delivered
P11538,Harbour Energy,Redesigned letter,1456.33,Yes,Metropolitan,2025-02-04,1,6,Delivered
P11539,Harbour Energy,Redesigned letter,890.7,No,Metropolitan,2025-02-04,0,,Delivered
P11540,Everly Energy,Standard letter,2468.63,No,Regional,2025-02-12,,,Returned undeliverable
P11541,Solace Power,Standard letter,667.48,Yes,Regional,2025-02-07,0,,Delivered
P11542,Summit Energy,Standard letter,810.69,Yes,Regional,2025-02-03,0,,Delivered
P11543,Harbour Energy,Standard letter,499.12,No,Metropolitan,2025-02-05,0,,Delivered
P11544,Everly Energy,Redesigned letter,847.77,No,Regional,2025-02-13,,,Returned undeliverable
P11545,Everly Energy,Redesigned letter,818.11,No,Metropolitan,2025-02-13,0,,Delivered
P11546,Everly Energy,Redesigned letter,619.4,No,Regional,2025-02-08,1,20,Delivered
P11547,Harbour Energy,Standard letter,760.27,No,Metropolitan,2025-02-13,1,7,Delivered
P11548,Summit Energy,Redesigned letter,455.41,No,Metropolitan,2025-02-12,0,,Delivered
P11549,Everly Energy,Standard letter,595.86,No,Metropolitan,2025-02-09,0,,Delivered
P11550,Solace Power,Standard letter,937.91,No,Metropolitan,2025-02-05,0,,Delivered
P11551,Harbour Energy,Redesigned letter,513.14,No,Metropolitan,2025-02-11,1,8,Delivered
P11552,Lumen Energy,Redesigned letter,1472.82,No,Metropolitan,2025-02-14,0,,Delivered
P11553,Kestrel Power,Standard letter,490.04,No,Regional,2025-02-08,0,,Delivered
P11554,Everly Energy,Standard letter,1281.7,No,Regional,2025-02-08,1,19,Delivered
P11555,Harbour Energy,Standard letter,499.74,No,Regional,2025-02-04,0,,Delivered
P11556,Kestrel Power,Standard letter,960.57,No,Metropolitan,2025-02-13,0,,Delivered
P11557,Kestrel Power,Standard letter,814.39,No,Regional,2025-02-12,0,,Delivered
P11558,Everly Energy,Redesigned letter,1026.24,No,Regional,2025-02-13,0,,Delivered
P11559,Harbour Energy,Redesigned letter,571.25,No,Regional,2025-02-06,1,7,Delivered
P11560,Everly Energy,Standard letter,1073.32,Yes,Regional,2025-02-09,1,13,Delivered
P11561,Harbour Energy,Standard letter,1259.11,No,Regional,2025-02-06,0,,Delivered
P11562,Harbour Energy,Standard letter,1094.11,No,Regional,2025-02-03,0,,Delivered
P11563,Summit Energy,Redesigned letter,513.89,No,Metropolitan,2025-02-03,0,,Delivered
P11564,Lumen Energy,Redesigned letter,2384.97,No,Metropolitan,2025-02-07,0,,Delivered
P11565,Everly Energy,Redesigned letter,1115.41,No,Metropolitan,2025-02-14,1,11,Delivered
P11566,Lumen Energy,Redesigned letter,484.78,No,Metropolitan,2025-02-05,0,,Delivered
P11567,Harbour Energy,Redesigned letter,697.59,No,Metropolitan,2025-02-11,1,15,Delivered
P11568,Everly Energy,Standard letter,562.18,No,Metropolitan,2025-02-14,0,,Delivered
P11569,Solace Power,Standard letter,501.67,No,Regional,2025-02-12,0,,Delivered
P11570,Summit Energy,Standard letter,1324.85,No,Regional,2025-02-07,0,,Delivered
P11571,Kestrel Power,Redesigned letter,1729.12,No,Metropolitan,2025-02-04,0,,Delivered
P11572,Solace Power,Redesigned letter,383.38,No,Metropolitan,2025-02-04,0,,Delivered
P11573,Harbour Energy,Redesigned letter,748.69,Yes,Metropolitan,2025-02-09,0,,Delivered
P11574,Summit Energy,Redesigned letter,1392.17,No,Regional,2025-02-04,0,,Delivered
P11575,Solace Power,Standard letter,814.16,No,Regional,2025-02-06,1,2,Delivered
P11576,Solace Power,Standard letter,967.06,Yes,Regional,2025-02-03,1,30,Delivered
P11577,Summit Energy,Standard letter,439.56,No,Metropolitan,2025-02-07,0,,Delivered
P11578,Everly Energy,Standard letter,1390.22,No,Metropolitan,2025-02-10,0,,Delivered
P11579,Kestrel Power,Standard letter,1948.45,No,Regional,2025-02-04,0,,Delivered
P11580,Solace Power,Standard letter,1042.56,Yes,Regional,2025-02-13,0,,Delivered
P11581,Summit Energy,Standard letter,633.23,No,Metropolitan,2025-02-10,0,,Delivered
P11582,Everly Energy,Redesigned letter,446.38,Yes,Regional,2025-02-03,0,,Delivered
P11583,Everly Energy,Standard letter,532.36,No,Metropolitan,2025-02-13,0,,Delivered
P11584,Kestrel Power,Redesigned letter,1280.69,No,Metropolitan,2025-02-09,0,,Delivered
P11585,Lumen Energy,Redesigned letter,691.08,No,Metropolitan,2025-02-08,0,,Delivered
P11586,Kestrel Power,Standard letter,708.3,No,Metropolitan,2025-02-11,0,,Delivered
P11587,Harbour Energy,Redesigned letter,1054.49,No,Metropolitan,2025-02-12,0,,Delivered
P11588,Harbour Energy,Redesigned letter,735.46,No,Metropolitan,2025-02-05,1,8,Delivered
P11589,Lumen Energy,Redesigned letter,1221.27,No,Regional,2025-02-08,0,,Delivered
P11590,Everly Energy,Redesigned letter,637.66,Yes,Regional,2025-02-13,0,,Delivered
P11591,Lumen Energy,Redesigned letter,1204.33,No,Regional,2025-02-12,0,,Delivered
P11592,Harbour Energy,Standard letter,1912.52,No,Metropolitan,2025-02-09,,,Returned undeliverable
P11593,Everly Energy,Standard letter,696.1,Yes,Metropolitan,2025-02-08,0,,Delivered
P11594,Lumen Energy,Redesigned letter,2979.16,No,Metropolitan,2025-02-12,0,,Delivered
P11595,Kestrel Power,Standard letter,2853.64,No,Metropolitan,2025-02-13,0,,Delivered
P11596,Harbour Energy,Redesigned letter,766.94,No,Metropolitan,2025-02-06,1,10,Delivered
P11597,Summit Energy,Standard letter,704.17,No,Metropolitan,2025-02-12,0,,Delivered
P11598,Lumen Energy,Redesigned letter,511.5,Yes,Metropolitan,2025-02-10,0,,Delivered
P11599,Summit Energy,Standard letter,2528.35,No,Metropolitan,2025-02-09,1,10,Delivered
P11600,Harbour Energy,Standard letter,936.34,No,Metropolitan,2025-02-12,0,,Delivered
P11601,Summit Energy,Standard letter,771.93,No,Regional,2025-02-04,0,,Delivered
P11602,Everly Energy,Redesigned letter,919.11,Yes,Metropolitan,2025-02-12,0,,Delivered
P11603,Harbour Energy,Redesigned letter,731.59,No,Metropolitan,2025-02-10,0,,Delivered
P11604,Everly Energy,Standard letter,815.01,No,Regional,2025-02-09,0,,Delivered
P11605,Summit Energy,Standard letter,215.16,No,Metropolitan,2025-02-08,0,,Delivered
P11606,Harbour Energy,Standard letter,1125.07,No,Regional,2025-02-09,0,,Delivered
P11607,Lumen Energy,Redesigned letter,2225.53,No,Metropolitan,2025-02-09,0,,Delivered
P11608,Summit Energy,Standard letter,518.31,No,Metropolitan,2025-02-11,0,,Delivered
P11609,Everly Energy,Redesigned letter,1856.09,Yes,Metropolitan,2025-02-06,0,,Delivered
P11610,Everly Energy,Redesigned letter,671.57,No,Metropolitan,2025-02-08,1,20,Delivered
P11611,Harbour Energy,Standard letter,697.79,No,Regional,2025-02-13,0,,Delivered
P11612,Summit Energy,Standard letter,337.29,No,Regional,2025-02-12,1,12,Delivered
P11613,Everly Energy,Standard letter,583.05,No,Metropolitan,2025-02-07,0,,Delivered
P11614,Summit Energy,Standard letter,996.31,No,Metropolitan,2025-02-04,1,16,Delivered
P11615,Everly Energy,Standard letter,1399.28,Yes,Regional,2025-02-06,0,,Delivered
P11616,Harbour Energy,Redesigned letter,761.76,No,Metropolitan,2025-02-10,0,,Delivered
P11617,Kestrel Power,Standard letter,712.38,No,Regional,2025-02-14,0,,Delivered
P11618,Everly Energy,Standard letter,1099.95,No,Regional,2025-02-08,0,,Delivered
P11619,Everly Energy,Redesigned letter,495.33,No,Regional,2025-02-05,0,,Delivered
P11620,Harbour Energy,Redesigned letter,519.11,No,Metropolitan,2025-02-06,0,,Delivered
P11621,Harbour Energy,Redesigned letter,1559.63,Yes,Regional,2025-02-13,1,25,Delivered
P11622,Harbour Energy,Redesigned letter,800.14,Yes,Regional,2025-02-05,0,,Delivered
P11623,Harbour Energy,Redesigned letter,1732.55,No,Metropolitan,2025-02-12,0,,Delivered
P11624,Everly Energy,Redesigned letter,2618.51,No,Metropolitan,2025-02-03,0,,Delivered
P11625,Summit Energy,Redesigned letter,327.31,Yes,Regional,2025-02-09,0,,Delivered
P11626,Everly Energy,Redesigned letter,1496.4,No,Metropolitan,2025-02-06,0,,Delivered
P11627,Lumen Energy,Standard letter,1078.2,No,Metropolitan,2025-02-06,0,,Delivered
P11628,Lumen Energy,Standard letter,217.03,No,Regional,2025-02-14,0,,Delivered
P11629,Everly Energy,Redesigned letter,534.87,No,Regional,2025-02-05,0,,Delivered
P11630,Everly Energy,Redesigned letter,928.04,No,Metropolitan,2025-02-04,0,,Delivered
P11631,Harbour Energy,Standard letter,1499.65,No,Metropolitan,2025-02-07,1,15,Delivered
P11632,Summit Energy,Standard letter,902.62,Yes,Metropolitan,2025-02-06,0,,Delivered
P11633,Everly Energy,Standard letter,529.71,Yes,Metropolitan,2025-02-04,1,24,Delivered
P11634,Summit Energy,Standard letter,883.38,No,Metropolitan,2025-02-06,0,,Delivered
P11635,Everly Energy,Standard letter,1136.54,Yes,Regional,2025-02-12,0,,Delivered
P11636,Everly Energy,Standard letter,917.57,No,Regional,2025-02-03,0,,Delivered
P11637,Everly Energy,Redesigned letter,2933.14,No,Regional,2025-02-14,0,,Delivered
P11638,Harbour Energy,Standard letter,544.62,Yes,Metropolitan,2025-02-05,0,,Delivered
P11639,Kestrel Power,Redesigned letter,704.35,No,Regional,2025-02-05,0,,Delivered
P11640,Harbour Energy,Standard letter,1121.1,Yes,Metropolitan,2025-02-03,0,,Delivered
P11641,Harbour Energy,Redesigned letter,1823.83,No,Regional,2025-02-06,1,30,Delivered
P11642,Summit Energy,Redesigned letter,609.1,Yes,Metropolitan,2025-02-05,0,,Delivered
P11643,Summit Energy,Standard letter,852.79,No,Metropolitan,2025-02-10,1,7,Delivered
P11644,Everly Energy,Standard letter,554.79,Yes,Metropolitan,2025-02-12,1,30,Delivered
P11645,Kestrel Power,Redesigned letter,1262.02,No,Metropolitan,2025-02-05,0,,Delivered
P11646,Everly Energy,Standard letter,886.27,Yes,Regional,2025-02-08,0,,Delivered
P11647,Kestrel Power,Standard letter,768.2,No,Regional,2025-02-06,0,,Delivered
P11648,Summit Energy,Redesigned letter,1392.35,No,Metropolitan,2025-02-03,,,Returned undeliverable
P11649,Summit Energy,Redesigned letter,1527.79,No,Regional,2025-02-08,0,,Delivered
P11650,Harbour Energy,Redesigned letter,567.16,No,Regional,2025-02-11,0,,Delivered
P11651,Harbour Energy,Redesigned letter,1660.67,No,Metropolitan,2025-02-08,1,10,Delivered
P11652,Everly Energy,Redesigned letter,1167.76,No,Regional,2025-02-09,0,,Delivered
P11653,Everly Energy,Redesigned letter,1635.79,Yes,Metropolitan,2025-02-03,0,,Delivered
P11654,Harbour Energy,Redesigned letter,1328.74,No,Metropolitan,2025-02-10,0,,Delivered
P11655,Everly Energy,Standard letter,505.85,Yes,Regional,2025-02-12,0,,Delivered
P11656,Lumen Energy,Redesigned letter,458.16,No,Metropolitan,2025-02-13,0,,Delivered
P11657,Lumen Energy,Standard letter,303.09,Yes,Metropolitan,2025-02-14,0,,Delivered
P11658,Summit Energy,Redesigned letter,487.99,No,Metropolitan,2025-02-08,1,29,Delivered
P11659,Lumen Energy,Standard letter,980.89,No,Metropolitan,2025-02-03,0,,Delivered
P11660,Everly Energy,Standard letter,380.27,No,Regional,2025-02-11,0,,Delivered
P11661,Lumen Energy,Redesigned letter,1649.58,No,Regional,2025-02-06,1,4,Delivered
P11662,Everly Energy,Redesigned letter,1501.92,No,Metropolitan,2025-02-03,0,,Delivered
P11663,Kestrel Power,Redesigned letter,715.59,Yes,Metropolitan,2025-02-06,0,,Delivered
P11664,Harbour Energy,Redesigned letter,2619.38,Yes,Metropolitan,2025-02-06,0,,Delivered
P11665,Everly Energy,Standard letter,1766.83,Yes,Metropolitan,2025-02-09,0,,Delivered
P11666,Kestrel Power,Standard letter,518.82,Yes,Metropolitan,2025-02-06,0,,Delivered
P11667,Lumen Energy,Redesigned letter,335.26,Yes,Regional,2025-02-09,0,,Delivered
P11668,Everly Energy,Standard letter,647.46,No,Metropolitan,2025-02-09,0,,Delivered
P11669,Everly Energy,Redesigned letter,784.18,No,Metropolitan,2025-02-13,1,11,Delivered
P11670,Lumen Energy,Standard letter,558.46,No,Metropolitan,2025-02-05,0,,Delivered
P11671,Everly Energy,Standard letter,214.92,No,Metropolitan,2025-02-14,0,,Delivered
P11672,Summit Energy,Standard letter,1487.23,Yes,Metropolitan,2025-02-07,0,,Delivered
P11673,Harbour Energy,Redesigned letter,710.57,No,Regional,2025-02-13,0,,Delivered
P11674,Summit Energy,Standard letter,1056.02,No,Metropolitan,2025-02-06,0,,Delivered
P11675,Harbour Energy,Standard letter,2469.88,No,Regional,2025-02-06,0,,Delivered
P11676,Everly Energy,Standard letter,411.7,No,Metropolitan,2025-02-10,0,,Delivered
P11677,Everly Energy,Standard letter,1153.81,Yes,Metropolitan,2025-02-10,0,,Delivered
P11678,Harbour Energy,Standard letter,2294.64,No,Metropolitan,2025-02-11,1,13,Delivered
P11679,Kestrel Power,Redesigned letter,960.92,Yes,Metropolitan,2025-02-05,0,,Delivered
P11680,Harbour Energy,Standard letter,2506.9,Yes,Regional,2025-02-06,0,,Delivered
P11681,Kestrel Power,Standard letter,1270.94,No,Metropolitan,2025-02-12,0,,Delivered
P11682,Everly Energy,Standard letter,648.41,No,Metropolitan,2025-02-06,0,,Delivered
P11683,Kestrel Power,Redesigned letter,2547.02,No,Regional,2025-02-10,0,,Delivered
P11684,Solace Power,Standard letter,616.47,No,Regional,2025-02-03,0,,Delivered
P11685,Harbour Energy,Standard letter,642.35,Yes,Regional,2025-02-09,0,,Delivered
P11686,Everly Energy,Redesigned letter,443.45,No,Regional,2025-02-06,0,,Delivered
P11687,Everly Energy,Redesigned letter,1978.55,No,Metropolitan,2025-02-08,0,,Delivered
P11688,Harbour Energy,Redesigned letter,1054.18,No,Metropolitan,2025-02-13,0,,Delivered
P11689,Summit Energy,Redesigned letter,630.54,Yes,Regional,2025-02-06,0,,Delivered
P11690,Lumen Energy,Redesigned letter,1326.14,No,Metropolitan,2025-02-04,0,,Delivered
P11691,Everly Energy,Redesigned letter,1490.34,No,Metropolitan,2025-02-07,0,,Delivered
P11692,Harbour Energy,Standard letter,979.67,No,Metropolitan,2025-02-05,0,,Delivered
P11693,Summit Energy,Redesigned letter,1088.24,No,Regional,2025-02-04,1,7,Delivered
P11694,Summit Energy,Redesigned letter,2342.77,No,Metropolitan,2025-02-13,0,,Delivered
P11695,Lumen Energy,Standard letter,541.57,No,Metropolitan,2025-02-11,0,,Delivered
P11696,Harbour Energy,Standard letter,777.37,No,Metropolitan,2025-02-06,1,8,Delivered
P11697,Harbour Energy,Standard letter,876.71,No,Metropolitan,2025-02-03,0,,Delivered
P11698,Lumen Energy,Redesigned letter,1476.28,No,Metropolitan,2025-02-10,0,,Delivered
P11699,Harbour Energy,Standard letter,1131.13,No,Metropolitan,2025-02-04,0,,Delivered
P11700,Summit Energy,Redesigned letter,773.18,Yes,Metropolitan,2025-02-11,1,4,Delivered
P11701,Harbour Energy,Standard letter,1462.37,No,Metropolitan,2025-02-13,0,,Delivered
P11702,Kestrel Power,Standard letter,3073.88,No,Regional,2025-02-06,0,,Delivered
P11703,Harbour Energy,Redesigned letter,504.28,No,Metropolitan,2025-02-14,0,,Delivered
P11704,Harbour Energy,Redesigned letter,503.14,No,Metropolitan,2025-02-12,0,,Delivered
P11705,Harbour Energy,Standard letter,828.01,No,Metropolitan,2025-02-06,1,28,Delivered
P11706,Summit Energy,Redesigned letter,491.75,No,Regional,2025-02-03,1,2,Delivered
P11707,Summit Energy,Standard letter,885.66,No,Metropolitan,2025-02-08,0,,Delivered
P11708,Kestrel Power,Redesigned letter,2118.97,No,Metropolitan,2025-02-06,0,,Delivered
P11709,Harbour Energy,Redesigned letter,347.1,No,Metropolitan,2025-02-05,0,,Delivered
P11710,Everly Energy,Redesigned letter,1308.17,No,Regional,2025-02-12,0,,Delivered
P11711,Harbour Energy,Redesigned letter,611.04,Yes,Regional,2025-02-14,0,,Delivered
P11712,Everly Energy,Standard letter,1462.49,No,Regional,2025-02-04,0,,Delivered
P11713,Everly Energy,Redesigned letter,1516.22,No,Metropolitan,2025-02-12,0,,Delivered
P11714,Everly Energy,Redesigned letter,524.46,No,Metropolitan,2025-02-07,0,,Delivered
P11715,Summit Energy,Standard letter,2223.08,No,Regional,2025-02-14,1,1,Delivered
P11716,Harbour Energy,Standard letter,2291.29,No,Regional,2025-02-08,0,,Delivered
P11717,Everly Energy,Redesigned letter,1164.7,No,Metropolitan,2025-02-07,0,,Delivered
P11718,Harbour Energy,Redesigned letter,554.75,No,Metropolitan,2025-02-11,0,,Delivered
P11719,Harbour Energy,Redesigned letter,1773.05,No,Metropolitan,2025-02-14,0,,Delivered
P11720,Harbour Energy,Redesigned letter,1283.27,Yes,Regional,2025-02-12,0,,Delivered
P11721,Everly Energy,Standard letter,1015.23,No,Metropolitan,2025-02-03,1,23,Delivered
P11722,Everly Energy,Redesigned letter,837.65,No,Regional,2025-02-11,1,15,Delivered
P11723,Harbour Energy,Standard letter,884.62,No,Regional,2025-02-03,0,,Delivered
P11724,Lumen Energy,Standard letter,1413.48,Yes,Metropolitan,2025-02-11,0,,Delivered
P11725,Harbour Energy,Redesigned letter,588.04,Yes,Metropolitan,2025-02-11,1,10,Delivered
P11726,Harbour Energy,Redesigned letter,201.86,Yes,Regional,2025-02-14,0,,Delivered
P11727,Solace Power,Standard letter,784.02,No,Regional,2025-02-14,0,,Delivered
P11728,Everly Energy,Standard letter,600.07,Yes,Metropolitan,2025-02-08,0,,Delivered
P11729,Everly Energy,Redesigned letter,1658.68,Yes,Metropolitan,2025-02-11,0,,Delivered
P11730,Solace Power,Redesigned letter,917.33,No,Metropolitan,2025-02-06,1,6,Delivered
P11731,Everly Energy,Redesigned letter,387.46,No,Metropolitan,2025-02-13,0,,Delivered
P11732,Everly Energy,Standard letter,893.53,No,Metropolitan,2025-02-04,0,,Delivered
P11733,Everly Energy,Standard letter,2913.52,No,Metropolitan,2025-02-08,1,11,Delivered
P11734,Harbour Energy,Redesigned letter,1087.75,No,Regional,2025-02-08,0,,Delivered
P11735,Everly Energy,Standard letter,518.79,Yes,Regional,2025-02-10,0,,Delivered
P11736,Summit Energy,Redesigned letter,2130.92,No,Metropolitan,2025-02-13,0,,Delivered
P11737,Harbour Energy,Standard letter,721.59,No,Metropolitan,2025-02-06,0,,Delivered
P11738,Summit Energy,Standard letter,985.67,No,Metropolitan,2025-02-11,0,,Delivered
P11739,Summit Energy,Standard letter,1533.45,Yes,Regional,2025-02-06,0,,Delivered
P11740,Lumen Energy,Standard letter,962.54,No,Metropolitan,2025-02-11,0,,Delivered
P11741,Everly Energy,Redesigned letter,943.29,No,Metropolitan,2025-02-11,1,10,Delivered
P11742,Summit Energy,Redesigned letter,1341.51,No,Metropolitan,2025-02-03,0,,Delivered
P11743,Harbour Energy,Standard letter,553.15,No,Regional,2025-02-03,0,,Delivered
P11744,Kestrel Power,Redesigned letter,1857.2,Yes,Metropolitan,2025-02-04,0,,Delivered
P11745,Kestrel Power,Redesigned letter,1947.0,No,Metropolitan,2025-02-04,1,15,Delivered
P11746,Solace Power,Standard letter,756.04,Yes,Regional,2025-02-03,0,,Delivered
P11747,Kestrel Power,Redesigned letter,506.78,No,Metropolitan,2025-02-13,0,,Delivered
P11748,Everly Energy,Standard letter,767.26,No,Regional,2025-02-14,0,,Delivered
P11749,Kestrel Power,Standard letter,343.74,No,Regional,2025-02-08,1,10,Delivered
P11750,Kestrel Power,Standard letter,1630.75,No,Regional,2025-02-11,0,,Delivered
P11751,Summit Energy,Standard letter,2545.2,Yes,Metropolitan,2025-02-08,0,,Delivered
P11752,Kestrel Power,Standard letter,1379.45,No,Regional,2025-02-11,0,,Delivered
P11753,Harbour Energy,Redesigned letter,1491.31,No,Regional,2025-02-11,0,,Delivered
P11754,Kestrel Power,Standard letter,944.39,Yes,Metropolitan,2025-02-10,0,,Delivered
P11755,Solace Power,Redesigned letter,353.48,No,Metropolitan,2025-02-04,0,,Delivered
P11756,Kestrel Power,Standard letter,583.73,No,Metropolitan,2025-02-13,0,,Delivered
P11757,Lumen Energy,Redesigned letter,1494.46,Yes,Metropolitan,2025-02-09,0,,Delivered
P11758,Lumen Energy,Redesigned letter,2263.94,No,Metropolitan,2025-02-07,0,,Delivered
P11759,Solace Power,Standard letter,754.7,No,Metropolitan,2025-02-10,1,15,Delivered
P11760,Harbour Energy,Standard letter,1598.35,Yes,Regional,2025-02-09,0,,Delivered
P11761,Lumen Energy,Standard letter,1373.69,Yes,Metropolitan,2025-02-14,0,,Delivered
P11762,Everly Energy,Standard letter,1728.62,No,Metropolitan,2025-02-14,0,,Delivered
P11763,Everly Energy,Standard letter,879.48,No,Regional,2025-02-03,0,,Delivered
P11764,Summit Energy,Standard letter,1168.5,No,Metropolitan,2025-02-03,1,29,Delivered
P11765,Harbour Energy,Standard letter,790.13,No,Regional,2025-02-07,0,,Delivered
P11766,Kestrel Power,Redesigned letter,4023.86,Yes,Regional,2025-02-06,0,,Delivered
P11767,Everly Energy,Standard letter,866.41,No,Metropolitan,2025-02-07,0,,Delivered
P11768,Summit Energy,Standard letter,2788.5,Yes,Metropolitan,2025-02-06,0,,Delivered
P11769,Harbour Energy,Redesigned letter,771.42,Yes,Regional,2025-02-08,0,,Delivered
P11770,Everly Energy,Standard letter,1130.32,Yes,Regional,2025-02-10,0,,Delivered
P11771,Harbour Energy,Redesigned letter,571.88,No,Metropolitan,2025-02-11,0,,Delivered
P11772,Lumen Energy,Standard letter,2661.95,No,Regional,2025-02-03,0,,Delivered
P11773,Summit Energy,Standard letter,863.69,Yes,Metropolitan,2025-02-12,1,2,Delivered
P11774,Everly Energy,Redesigned letter,394.59,No,Metropolitan,2025-02-12,0,,Delivered
P11775,Everly Energy,Redesigned letter,267.64,Yes,Metropolitan,2025-02-09,0,,Delivered
P11776,Summit Energy,Redesigned letter,577.42,No,Regional,2025-02-14,0,,Delivered
P11777,Everly Energy,Redesigned letter,754.14,No,Regional,2025-02-07,0,,Delivered
P11778,Harbour Energy,Redesigned letter,498.13,No,Metropolitan,2025-02-14,0,,Delivered
P11779,Lumen Energy,Standard letter,634.65,No,Metropolitan,2025-02-07,1,16,Delivered
P11780,Everly Energy,Standard letter,1865.75,No,Metropolitan,2025-02-09,,,Returned undeliverable
P11781,Summit Energy,Standard letter,1841.58,No,Regional,2025-02-12,0,,Delivered
P11782,Everly Energy,Standard letter,819.75,No,Regional,2025-02-12,0,,Delivered
P11783,Kestrel Power,Standard letter,1714.4,Yes,Metropolitan,2025-02-10,1,23,Delivered
P11784,Harbour Energy,Standard letter,377.2,Yes,Metropolitan,2025-02-09,0,,Delivered
P11785,Everly Energy,Standard letter,533.76,No,Metropolitan,2025-02-04,0,,Delivered
P11786,Solace Power,Redesigned letter,708.33,No,Metropolitan,2025-02-06,0,,Delivered
P11787,Kestrel Power,Redesigned letter,631.51,No,Metropolitan,2025-02-13,1,20,Delivered
P11788,Harbour Energy,Redesigned letter,1599.16,No,Metropolitan,2025-02-08,0,,Delivered
P11789,Kestrel Power,Standard letter,1719.23,No,Regional,2025-02-10,0,,Delivered
P11790,Everly Energy,Redesigned letter,1592.18,No,Regional,2025-02-11,0,,Delivered
P11791,Harbour Energy,Standard letter,569.67,No,Metropolitan,2025-02-07,0,,Delivered
P11792,Lumen Energy,Redesigned letter,1407.57,No,Metropolitan,2025-02-05,1,26,Delivered
P11793,Summit Energy,Redesigned letter,964.73,No,Metropolitan,2025-02-04,1,17,Delivered
P11794,Lumen Energy,Redesigned letter,898.58,No,Metropolitan,2025-02-10,0,,Delivered
P11795,Everly Energy,Redesigned letter,813.56,No,Metropolitan,2025-02-11,0,,Delivered
P11796,Everly Energy,Standard letter,1966.85,Yes,Metropolitan,2025-02-04,0,,Delivered
P11797,Everly Energy,Redesigned letter,378.22,No,Regional,2025-02-04,0,,Delivered
P11798,Lumen Energy,Standard letter,810.09,No,Metropolitan,2025-02-07,1,13,Delivered
P11799,Harbour Energy,Redesigned letter,1234.85,No,Metropolitan,2025-02-08,0,,Delivered
P11800,Harbour Energy,Standard letter,4482.57,Yes,Regional,2025-02-14,0,,Delivered
P11801,Everly Energy,Standard letter,774.13,Yes,Regional,2025-02-05,0,,Delivered
P11802,Summit Energy,Redesigned letter,3055.39,Yes,Metropolitan,2025-02-13,0,,Delivered
P11803,Kestrel Power,Redesigned letter,1530.78,No,Regional,2025-02-07,0,,Delivered
P11804,Harbour Energy,Redesigned letter,1357.41,No,Metropolitan,2025-02-07,0,,Delivered
P11805,Lumen Energy,Standard letter,1646.44,No,Metropolitan,2025-02-08,,,Returned undeliverable
P11806,Kestrel Power,Standard letter,1260.18,No,Regional,2025-02-09,0,,Delivered
P11807,Harbour Energy,Redesigned letter,516.17,No,Metropolitan,2025-02-14,0,,Delivered
P11808,Everly Energy,Redesigned letter,827.34,Yes,Regional,2025-02-12,0,,Delivered
P11809,Kestrel Power,Standard letter,1219.62,Yes,Metropolitan,2025-02-10,0,,Delivered
P11810,Summit Energy,Standard letter,545.37,Yes,Metropolitan,2025-02-09,0,,Delivered
P11811,Summit Energy,Standard letter,2237.77,Yes,Metropolitan,2025-02-07,0,,Delivered
P11812,Everly Energy,Redesigned letter,638.52,No,Metropolitan,2025-02-13,0,,Delivered
P11813,Harbour Energy,Standard letter,1784.5,No,Metropolitan,2025-02-05,1,3,Delivered
P11814,Everly Energy,Redesigned letter,946.73,No,Regional,2025-02-06,0,,Delivered
P11815,Everly Energy,Redesigned letter,1150.24,No,Metropolitan,2025-02-06,0,,Delivered
P11816,Summit Energy,Redesigned letter,506.25,No,Regional,2025-02-13,0,,Delivered
P11817,Harbour Energy,Standard letter,1846.7,Yes,Metropolitan,2025-02-13,0,,Delivered
P11818,Harbour Energy,Redesigned letter,1759.73,No,Metropolitan,2025-02-03,1,28,Delivered
P11819,Everly Energy,Standard letter,594.46,No,Metropolitan,2025-02-05,0,,Delivered
P11820,Summit Energy,Redesigned letter,888.09,No,Metropolitan,2025-02-10,0,,Delivered
P11821,Harbour Energy,Redesigned letter,661.99,No,Metropolitan,2025-02-06,0,,Delivered
P11822,Everly Energy,Standard letter,644.24,No,Regional,2025-02-12,0,,Delivered
P11823,Summit Energy,Redesigned letter,2500.3,No,Regional,2025-02-06,0,,Delivered
P11824,Kestrel Power,Redesigned letter,1209.53,No,Metropolitan,2025-02-14,0,,Delivered
P11825,Kestrel Power,Redesigned letter,1122.74,No,Metropolitan,2025-02-07,0,,Delivered
P11826,Lumen Energy,Redesigned letter,1794.3,No,Regional,2025-02-05,1,24,Delivered
P11827,Harbour Energy,Standard letter,523.48,No,Metropolitan,2025-02-05,0,,Delivered
P11828,Kestrel Power,Standard letter,1797.88,No,Metropolitan,2025-02-08,0,,Delivered
P11829,Harbour Energy,Standard letter,811.12,No,Metropolitan,2025-02-04,0,,Delivered
P11830,Lumen Energy,Standard letter,1119.8,Yes,Metropolitan,2025-02-03,0,,Delivered
P11831,Harbour Energy,Redesigned letter,264.93,Yes,Metropolitan,2025-02-04,0,,Delivered
P11832,Harbour Energy,Redesigned letter,716.02,No,Regional,2025-02-14,1,20,Delivered
P11833,Everly Energy,Standard letter,651.43,Yes,Metropolitan,2025-02-05,1,10,Delivered
P11834,Summit Energy,Standard letter,1152.08,No,Metropolitan,2025-02-09,0,,Delivered
P11835,Harbour Energy,Standard letter,311.7,No,Metropolitan,2025-02-08,0,,Delivered
P11836,Lumen Energy,Redesigned letter,394.59,Yes,Metropolitan,2025-02-11,0,,Delivered
P11837,Everly Energy,Redesigned letter,556.88,No,Regional,2025-02-09,0,,Delivered
P11838,Everly Energy,Redesigned letter,488.13,No,Metropolitan,2025-02-10,0,,Delivered
P11839,Everly Energy,Standard letter,595.72,No,Metropolitan,2025-02-14,0,,Delivered
P11840,Lumen Energy,Standard letter,784.61,No,Regional,2025-02-10,0,,Delivered
P11841,Kestrel Power,Standard letter,825.21,No,Metropolitan,2025-02-14,0,,Delivered
P11842,Harbour Energy,Redesigned letter,191.1,No,Regional,2025-02-10,0,,Delivered
P11843,Everly Energy,Redesigned letter,747.05,No,Metropolitan,2025-02-09,0,,Delivered
P11844,Harbour Energy,Standard letter,489.21,No,Metropolitan,2025-02-10,0,,Delivered
P11845,Harbour Energy,Standard letter,1714.96,No,Metropolitan,2025-02-07,0,,Delivered
P11846,Harbour Energy,Standard letter,1415.03,Yes,Regional,2025-02-13,0,,Delivered
P11847,Everly Energy,Standard letter,981.15,Yes,Metropolitan,2025-02-03,1,2,Delivered
P11848,Harbour Energy,Redesigned letter,773.07,No,Metropolitan,2025-02-08,0,,Delivered
P11849,Kestrel Power,Redesigned letter,747.89,Yes,Metropolitan,2025-02-08,1,14,Delivered
P11850,Summit Energy,Redesigned letter,612.47,No,Metropolitan,2025-02-04,0,,Delivered
P11851,Summit Energy,Standard letter,2946.1,No,Metropolitan,2025-02-08,0,,Delivered
P11852,Everly Energy,Standard letter,610.4,No,Metropolitan,2025-02-04,0,,Delivered
P11853,Harbour Energy,Redesigned letter,513.27,No,Metropolitan,2025-02-12,0,,Delivered
P11854,Everly Energy,Redesigned letter,541.65,No,Metropolitan,2025-02-06,1,11,Delivered
P11855,Harbour Energy,Redesigned letter,2023.13,No,Regional,2025-02-07,1,27,Delivered
P11856,Harbour Energy,Standard letter,532.35,No,Regional,2025-02-09,0,,Delivered
P11857,Harbour Energy,Standard letter,1001.86,No,Regional,2025-02-12,0,,Delivered
P11858,Kestrel Power,Redesigned letter,839.31,No,Regional,2025-02-03,0,,Delivered
P11859,Harbour Energy,Redesigned letter,923.14,No,Metropolitan,2025-02-13,0,,Delivered
P11860,Kestrel Power,Standard letter,682.51,Yes,Metropolitan,2025-02-09,0,,Delivered
P11861,Harbour Energy,Redesigned letter,1070.55,No,Regional,2025-02-11,1,19,Delivered
P11862,Harbour Energy,Standard letter,648.7,Yes,Metropolitan,2025-02-14,0,,Delivered
P11863,Everly Energy,Standard letter,770.31,No,Metropolitan,2025-02-11,0,,Delivered
P11864,Kestrel Power,Redesigned letter,2975.72,Yes,Regional,2025-02-09,0,,Delivered
P11865,Kestrel Power,Standard letter,881.96,No,Regional,2025-02-03,0,,Delivered
P11866,Summit Energy,Standard letter,785.86,No,Regional,2025-02-11,1,7,Delivered
P11867,Kestrel Power,Redesigned letter,725.32,Yes,Metropolitan,2025-02-11,0,,Delivered
P11868,Everly Energy,Standard letter,548.89,Yes,Metropolitan,2025-02-10,0,,Delivered
P11869,Lumen Energy,Redesigned letter,752.64,Yes,Regional,2025-02-09,0,,Delivered
P11870,Harbour Energy,Redesigned letter,895.9,No,Regional,2025-02-14,0,,Delivered
P11871,Everly Energy,Standard letter,718.14,No,Regional,2025-02-07,0,,Delivered
P11872,Lumen Energy,Standard letter,718.45,No,Metropolitan,2025-02-06,0,,Delivered
P11873,Summit Energy,Standard letter,3749.14,No,Metropolitan,2025-02-11,1,22,Delivered
P11874,Everly Energy,Redesigned letter,1175.0,No,Metropolitan,2025-02-07,0,,Delivered
P11875,Harbour Energy,Redesigned letter,465.51,No,Regional,2025-02-05,0,,Delivered
P11876,Harbour Energy,Standard letter,1511.83,No,Metropolitan,2025-02-13,0,,Delivered
P11877,Everly Energy,Redesigned letter,961.01,No,Metropolitan,2025-02-13,0,,Delivered
P11878,Kestrel Power,Standard letter,732.75,No,Metropolitan,2025-02-07,0,,Delivered
P11879,Harbour Energy,Standard letter,1587.84,Yes,Metropolitan,2025-02-12,0,,Delivered
P11880,Harbour Energy,Redesigned letter,925.56,No,Regional,2025-02-04,0,,Delivered
P11881,Everly Energy,Standard letter,517.4,No,Metropolitan,2025-02-05,1,23,Delivered
P11882,Harbour Energy,Standard letter,1988.18,No,Metropolitan,2025-02-13,0,,Delivered
P11883,Kestrel Power,Redesigned letter,348.44,No,Metropolitan,2025-02-04,0,,Delivered
P11884,Summit Energy,Redesigned letter,1185.67,No,Regional,2025-02-05,1,14,Delivered
P11885,Harbour Energy,Standard letter,685.59,No,Metropolitan,2025-02-11,0,,Delivered
P11886,Summit Energy,Redesigned letter,2519.22,No,Regional,2025-02-09,1,11,Delivered
P11887,Kestrel Power,Standard letter,3186.28,No,Metropolitan,2025-02-12,1,17,Delivered
P11888,Solace Power,Redesigned letter,802.7,No,Metropolitan,2025-02-09,0,,Delivered
P11889,Everly Energy,Redesigned letter,737.64,No,Metropolitan,2025-02-03,0,,Delivered
P11890,Summit Energy,Redesigned letter,923.64,No,Regional,2025-02-06,0,,Delivered
P11891,Harbour Energy,Redesigned letter,1142.7,No,Regional,2025-02-14,0,,Delivered
P11892,Harbour Energy,Standard letter,836.14,No,Metropolitan,2025-02-06,0,,Delivered
P11893,Harbour Energy,Redesigned letter,857.67,No,Metropolitan,2025-02-10,1,23,Delivered
P11894,Harbour Energy,Redesigned letter,540.88,Yes,Metropolitan,2025-02-08,0,,Delivered
P11895,Everly Energy,Redesigned letter,1464.47,No,Regional,2025-02-05,1,13,Delivered
P11896,Everly Energy,Standard letter,1025.19,No,Metropolitan,2025-02-05,0,,Delivered
P11897,Summit Energy,Standard letter,1002.44,No,Metropolitan,2025-02-03,0,,Delivered
P11898,Harbour Energy,Standard letter,1553.97,No,Metropolitan,2025-02-05,0,,Delivered
P11899,Lumen Energy,Standard letter,755.72,Yes,Metropolitan,2025-02-12,0,,Delivered
P11900,Summit Energy,Redesigned letter,417.7,No,Regional,2025-02-14,0,,Delivered
P11901,Everly Energy,Standard letter,618.65,Yes,Metropolitan,2025-02-14,0,,Delivered
P11902,Summit Energy,Standard letter,375.04,Yes,Metropolitan,2025-02-08,0,,Delivered
P11903,Kestrel Power,Standard letter,1167.37,No,Regional,2025-02-07,0,,Delivered
P11904,Harbour Energy,Redesigned letter,804.2,No,Metropolitan,2025-02-03,1,27,Delivered
P11905,Harbour Energy,Redesigned letter,437.75,No,Metropolitan,2025-02-06,0,,Delivered
P11906,Everly Energy,Redesigned letter,1672.35,No,Metropolitan,2025-02-10,,,Returned undeliverable
P11907,Summit Energy,Redesigned letter,578.83,No,Metropolitan,2025-02-13,0,,Delivered
P11908,Harbour Energy,Standard letter,220.68,Yes,Metropolitan,2025-02-08,0,,Delivered
P11909,Everly Energy,Standard letter,1252.95,No,Metropolitan,2025-02-05,0,,Delivered
P11910,Harbour Energy,Standard letter,1154.44,No,Metropolitan,2025-02-04,0,,Delivered
P11911,Kestrel Power,Redesigned letter,1063.5,Yes,Metropolitan,2025-02-04,0,,Delivered
P11912,Harbour Energy,Redesigned letter,765.31,No,Regional,2025-02-03,1,18,Delivered
P11913,Everly Energy,Standard letter,466.71,Yes,Metropolitan,2025-02-13,0,,Delivered
P11914,Solace Power,Standard letter,632.16,Yes,Metropolitan,2025-02-12,0,,Delivered
P11915,Harbour Energy,Redesigned letter,779.42,No,Metropolitan,2025-02-08,0,,Delivered
P11916,Summit Energy,Redesigned letter,1249.27,No,Metropolitan,2025-02-13,1,10,Delivered
P11917,Harbour Energy,Standard letter,1579.17,Yes,Metropolitan,2025-02-04,0,,Delivered
P11918,Harbour Energy,Standard letter,2571.63,No,Metropolitan,2025-02-08,0,,Delivered
P11919,Harbour Energy,Redesigned letter,718.74,No,Metropolitan,2025-02-03,,,Returned undeliverable
P11920,Everly Energy,Standard letter,1884.89,No,Metropolitan,2025-02-07,0,,Delivered
P11921,Solace Power,Standard letter,1162.16,No,Metropolitan,2025-02-14,1,14,Delivered
P11922,Everly Energy,Redesigned letter,2829.29,Yes,Regional,2025-02-04,0,,Delivered
P11923,Harbour Energy,Redesigned letter,637.44,No,Regional,2025-02-05,0,,Delivered
P11924,Everly Energy,Standard letter,1603.85,Yes,Metropolitan,2025-02-05,0,,Delivered
P11925,Kestrel Power,Standard letter,790.66,No,Metropolitan,2025-02-12,0,,Delivered
P11926,Summit Energy,Redesigned letter,499.75,No,Metropolitan,2025-02-06,0,,Delivered
P11927,Kestrel Power,Redesigned letter,2016.8,No,Metropolitan,2025-02-03,0,,Delivered
P11928,Everly Energy,Standard letter,552.64,No,Metropolitan,2025-02-12,0,,Delivered
P11929,Solace Power,Standard letter,566.84,No,Metropolitan,2025-02-09,0,,Delivered
P11930,Summit Energy,Redesigned letter,474.93,No,Metropolitan,2025-02-13,0,,Delivered
P11931,Everly Energy,Redesigned letter,929.47,No,Regional,2025-02-05,0,,Delivered
P11932,Kestrel Power,Standard letter,909.27,No,Metropolitan,2025-02-13,0,,Delivered
P11933,Everly Energy,Redesigned letter,3704.23,No,Metropolitan,2025-02-07,0,,Delivered
P11934,Summit Energy,Redesigned letter,735.05,Yes,Metropolitan,2025-02-06,1,13,Delivered
P11935,Everly Energy,Standard letter,1386.65,No,Regional,2025-02-06,1,18,Delivered
P11936,Harbour Energy,Redesigned letter,262.33,Yes,Regional,2025-02-06,0,,Delivered
P11937,Harbour Energy,Redesigned letter,933.32,Yes,Regional,2025-02-13,0,,Delivered
P11938,Everly Energy,Redesigned letter,1230.55,Yes,Metropolitan,2025-02-03,0,,Delivered
P11939,Harbour Energy,Redesigned letter,1938.55,Yes,Regional,2025-02-04,0,,Delivered
P11940,Harbour Energy,Standard letter,1621.17,Yes,Regional,2025-02-14,0,,Delivered
P11941,Everly Energy,Standard letter,1587.23,No,Regional,2025-02-12,0,,Delivered
P11942,Summit Energy,Redesigned letter,914.33,Yes,Metropolitan,2025-02-10,0,,Delivered
P11943,Everly Energy,Standard letter,1036.78,Yes,Regional,2025-02-11,1,28,Delivered
P11944,Everly Energy,Standard letter,799.08,No,Metropolitan,2025-02-08,0,,Delivered
P11945,Harbour Energy,Redesigned letter,797.94,Yes,Metropolitan,2025-02-07,0,,Delivered
P11946,Everly Energy,Standard letter,642.46,No,Metropolitan,2025-02-11,0,,Delivered
P11947,Harbour Energy,Redesigned letter,1626.35,No,Regional,2025-02-10,0,,Delivered
P11948,Harbour Energy,Standard letter,701.45,No,Regional,2025-02-08,1,12,Delivered
P11949,Summit Energy,Redesigned letter,908.51,No,Regional,2025-02-11,0,,Delivered
P11950,Everly Energy,Redesigned letter,2828.69,No,Metropolitan,2025-02-05,0,,Delivered
P11951,Harbour Energy,Standard letter,1179.85,No,Metropolitan,2025-02-03,0,,Delivered
P11952,Harbour Energy,Redesigned letter,563.32,Yes,Regional,2025-02-11,1,12,Delivered
P11953,Harbour Energy,Redesigned letter,781.99,No,Metropolitan,2025-02-05,0,,Delivered
P11954,Lumen Energy,Standard letter,680.78,No,Metropolitan,2025-02-08,1,7,Delivered
P11955,Harbour Energy,Standard letter,901.8,Yes,Metropolitan,2025-02-11,0,,Delivered
P11956,Everly Energy,Redesigned letter,341.27,Yes,Metropolitan,2025-02-13,0,,Delivered
P11957,Everly Energy,Standard letter,596.29,No,Metropolitan,2025-02-08,0,,Delivered
P11958,Summit Energy,Standard letter,1605.55,Yes,Metropolitan,2025-02-09,0,,Delivered
P11959,Everly Energy,Standard letter,1801.21,No,Metropolitan,2025-02-11,0,,Delivered
P11960,Everly Energy,Standard letter,585.94,Yes,Regional,2025-02-06,1,30,Delivered
P11961,Harbour Energy,Standard letter,874.67,No,Regional,2025-02-07,0,,Delivered
P11962,Harbour Energy,Standard letter,278.99,No,Metropolitan,2025-02-13,0,,Delivered
P11963,Everly Energy,Redesigned letter,1326.21,No,Metropolitan,2025-02-12,0,,Delivered
P11964,Everly Energy,Standard letter,953.13,No,Metropolitan,2025-02-13,0,,Delivered
P11965,Kestrel Power,Redesigned letter,1838.52,Yes,Regional,2025-02-11,0,,Delivered
P11966,Lumen Energy,Standard letter,1224.13,No,Regional,2025-02-11,0,,Delivered
P11967,Harbour Energy,Redesigned letter,663.2,No,Metropolitan,2025-02-13,0,,Delivered
P11968,Solace Power,Redesigned letter,619.23,No,Regional,2025-02-05,0,,Delivered
P11969,Kestrel Power,Standard letter,1469.51,No,Metropolitan,2025-02-14,1,24,Delivered
P11970,Kestrel Power,Standard letter,497.46,No,Regional,2025-02-03,0,,Delivered
P11971,Summit Energy,Standard letter,632.5,Yes,Metropolitan,2025-02-09,0,,Delivered
P11972,Lumen Energy,Redesigned letter,491.24,No,Metropolitan,2025-02-12,0,,Delivered
P11973,Summit Energy,Standard letter,243.37,No,Metropolitan,2025-02-07,0,,Delivered
P11974,Harbour Energy,Redesigned letter,334.65,No,Regional,2025-02-03,0,,Delivered
P11975,Summit Energy,Redesigned letter,520.33,Yes,Regional,2025-02-11,0,,Delivered
P11976,Kestrel Power,Redesigned letter,1020.69,No,Metropolitan,2025-02-04,0,,Delivered
P11977,Summit Energy,Standard letter,622.07,No,Metropolitan,2025-02-08,0,,Delivered
P11978,Solace Power,Redesigned letter,2038.72,No,Regional,2025-02-05,1,8,Delivered
P11979,Everly Energy,Standard letter,371.28,No,Metropolitan,2025-02-12,1,28,Delivered
P11980,Harbour Energy,Standard letter,653.44,Yes,Metropolitan,2025-02-10,0,,Delivered
P11981,Everly Energy,Standard letter,787.17,No,Metropolitan,2025-02-10,0,,Delivered
P11982,Everly Energy,Standard letter,739.84,No,Metropolitan,2025-02-03,0,,Delivered
P11983,Harbour Energy,Redesigned letter,812.71,No,Regional,2025-02-13,0,,Delivered
P11984,Harbour Energy,Standard letter,210.18,No,Metropolitan,2025-02-06,0,,Delivered
P11985,Kestrel Power,Redesigned letter,1550.86,No,Regional,2025-02-13,0,,Delivered
P11986,Summit Energy,Redesigned letter,281.25,No,Metropolitan,2025-02-08,0,,Delivered
P11987,Everly Energy,Redesigned letter,705.08,No,Regional,2025-02-06,0,,Delivered
P11988,Kestrel Power,Redesigned letter,390.15,No,Regional,2025-02-13,0,,Delivered
P11989,Everly Energy,Standard letter,741.93,No,Metropolitan,2025-02-09,0,,Delivered
P11990,Lumen Energy,Redesigned letter,528.2,No,Regional,2025-02-03,0,,Delivered
P11991,Solace Power,Standard letter,849.89,No,Metropolitan,2025-02-04,0,,Delivered
P11992,Kestrel Power,Redesigned letter,748.05,Yes,Metropolitan,2025-02-06,0,,Delivered
P11993,Everly Energy,Standard letter,1120.32,No,Metropolitan,2025-02-06,0,,Delivered
P11994,Solace Power,Standard letter,504.02,Yes,Metropolitan,2025-02-04,0,,Delivered
P11995,Solace Power,Standard letter,1283.49,No,Metropolitan,2025-02-12,0,,Delivered
P11996,Solace Power,Redesigned letter,1933.54,No,Regional,2025-02-12,0,,Delivered
P11997,Summit Energy,Redesigned letter,812.6,Yes,Metropolitan,2025-02-07,0,,Delivered
P11998,Everly Energy,Standard letter,892.13,No,Regional,2025-02-03,1,30,Delivered
P11999,Kestrel Power,Redesigned letter,2276.01,No,Metropolitan,2025-02-10,1,7,Delivered
P12000,Harbour Energy,Standard letter,517.64,Yes,Regional,2025-02-12,0,,Delivered
P12001,Everly Energy,Standard letter,1120.11,No,Metropolitan,2025-02-14,0,,Delivered
P12002,Harbour Energy,Redesigned letter,545.63,No,Metropolitan,2025-02-03,0,,Delivered
P12003,Harbour Energy,Standard letter,286.65,No,Regional,2025-02-14,0,,Delivered
P12004,Harbour Energy,Redesigned letter,1730.51,No,Regional,2025-02-07,0,,Delivered
P12005,Harbour Energy,Redesigned letter,1334.2,No,Metropolitan,2025-02-12,0,,Delivered
P12006,Harbour Energy,Redesigned letter,1114.92,No,Metropolitan,2025-02-05,0,,Delivered
P12007,Solace Power,Redesigned letter,875.81,No,Regional,2025-02-05,0,,Delivered
P12008,Solace Power,Redesigned letter,853.97,Yes,Metropolitan,2025-02-14,1,27,Delivered
P12009,Harbour Energy,Standard letter,562.78,No,Regional,2025-02-11,1,29,Delivered
P12010,Everly Energy,Redesigned letter,1049.31,No,Metropolitan,2025-02-12,0,,Delivered
P12011,Harbour Energy,Standard letter,751.27,No,Metropolitan,2025-02-08,0,,Delivered
P12012,Summit Energy,Redesigned letter,841.12,Yes,Metropolitan,2025-02-13,0,,Delivered
P12013,Summit Energy,Standard letter,1132.22,No,Regional,2025-02-03,0,,Delivered
P12014,Everly Energy,Standard letter,1358.1,No,Regional,2025-02-08,1,12,Delivered
P12015,Lumen Energy,Redesigned letter,1637.93,Yes,Regional,2025-02-03,1,19,Delivered
P12016,Lumen Energy,Redesigned letter,1346.55,Yes,Regional,2025-02-09,0,,Delivered
P12017,Everly Energy,Standard letter,929.64,No,Regional,2025-02-09,0,,Delivered
P12018,Everly Energy,Standard letter,1040.09,Yes,Regional,2025-02-14,1,27,Delivered
P12019,Solace Power,Redesigned letter,883.07,Yes,Metropolitan,2025-02-14,1,27,Delivered
P12020,Everly Energy,Standard letter,1330.34,Yes,Regional,2025-02-14,0,,Delivered
P12021,Everly Energy,Standard letter,829.41,No,Regional,2025-02-05,0,,Delivered
P12022,Harbour Energy,Standard letter,793.71,Yes,Regional,2025-02-04,0,,Delivered
P12023,Summit Energy,Standard letter,3428.15,No,Regional,2025-02-04,0,,Delivered
P12024,Everly Energy,Redesigned letter,293.37,No,Metropolitan,2025-02-04,0,,Delivered
P12025,Harbour Energy,Standard letter,598.67,No,Metropolitan,2025-02-11,1,30,Delivered
P12026,Everly Energy,Standard letter,396.95,No,Regional,2025-02-04,0,,Delivered
P12027,Harbour Energy,Standard letter,770.14,No,Regional,2025-02-06,0,,Delivered
P12028,Harbour Energy,Redesigned letter,649.49,No,Metropolitan,2025-02-05,0,,Delivered
P12029,Summit Energy,Standard letter,472.63,Yes,Regional,2025-02-07,0,,Delivered
P12030,Summit Energy,Standard letter,930.49,Yes,Regional,2025-02-06,1,16,Delivered
P12031,Harbour Energy,Standard letter,1272.9,No,Metropolitan,2025-02-05,1,24,Delivered
P12032,Harbour Energy,Standard letter,2042.96,No,Metropolitan,2025-02-05,1,7,Delivered
P12033,Kestrel Power,Standard letter,2034.37,No,Regional,2025-02-04,0,,Delivered
P12034,Solace Power,Standard letter,1092.23,No,Regional,2025-02-08,0,,Delivered
P12035,Harbour Energy,Standard letter,360.08,No,Metropolitan,2025-02-14,0,,Delivered
P12036,Harbour Energy,Standard letter,141.28,No,Regional,2025-02-06,0,,Delivered
P12037,Lumen Energy,Redesigned letter,2239.61,Yes,Regional,2025-02-08,0,,Delivered
P12038,Harbour Energy,Redesigned letter,559.85,No,Metropolitan,2025-02-05,0,,Delivered
P12039,Kestrel Power,Standard letter,1527.26,No,Regional,2025-02-03,0,,Delivered
P12040,Everly Energy,Standard letter,378.23,No,Metropolitan,2025-02-11,0,,Delivered
P12041,Solace Power,Redesigned letter,1146.84,No,Metropolitan,2025-02-04,0,,Delivered
P12042,Everly Energy,Standard letter,657.82,Yes,Regional,2025-02-08,0,,Delivered
P12043,Everly Energy,Redesigned letter,1124.45,No,Regional,2025-02-11,1,20,Delivered
P12044,Everly Energy,Standard letter,952.73,Yes,Regional,2025-02-06,0,,Delivered
P12045,Harbour Energy,Standard letter,466.25,No,Regional,2025-02-06,1,10,Delivered
P12046,Everly Energy,Redesigned letter,632.96,No,Metropolitan,2025-02-12,0,,Delivered
P12047,Harbour Energy,Redesigned letter,925.03,Yes,Regional,2025-02-05,0,,Delivered
P12048,Everly Energy,Redesigned letter,1037.74,No,Metropolitan,2025-02-07,0,,Delivered
P12049,Kestrel Power,Standard letter,4671.3,No,Metropolitan,2025-02-03,0,,Delivered
P12050,Harbour Energy,Standard letter,867.12,No,Regional,2025-02-09,0,,Delivered
P12051,Harbour Energy,Redesigned letter,1544.66,No,Regional,2025-02-08,1,28,Delivered
P12052,Harbour Energy,Redesigned letter,1362.21,No,Metropolitan,2025-02-03,0,,Delivered
P12053,Harbour Energy,Standard letter,683.42,No,Regional,2025-02-04,0,,Delivered
P12054,Summit Energy,Standard letter,776.68,Yes,Regional,2025-02-07,0,,Delivered
P12055,Harbour Energy,Redesigned letter,321.46,No,Metropolitan,2025-02-04,1,25,Delivered
P12056,Kestrel Power,Standard letter,492.9,Yes,Regional,2025-02-03,0,,Delivered
P12057,Harbour Energy,Standard letter,511.67,Yes,Regional,2025-02-04,0,,Delivered
P12058,Everly Energy,Redesigned letter,492.38,No,Metropolitan,2025-02-05,0,,Delivered
P12059,Everly Energy,Standard letter,991.43,Yes,Metropolitan,2025-02-08,0,,Delivered
P12060,Everly Energy,Standard letter,771.56,No,Metropolitan,2025-02-05,0,,Delivered
P12061,Summit Energy,Standard letter,475.81,No,Metropolitan,2025-02-10,0,,Delivered
P12062,Everly Energy,Redesigned letter,1110.52,No,Regional,2025-02-08,0,,Delivered
P12063,Everly Energy,Redesigned letter,1706.87,Yes,Metropolitan,2025-02-04,0,,Delivered
P12064,Everly Energy,Redesigned letter,1074.12,No,Metropolitan,2025-02-08,0,,Delivered
P12065,Harbour Energy,Standard letter,782.71,No,Metropolitan,2025-02-12,0,,Delivered
P12066,Harbour Energy,Redesigned letter,902.31,No,Regional,2025-02-08,0,,Delivered
P12067,Harbour Energy,Standard letter,517.19,No,Regional,2025-02-05,0,,Delivered
P12068,Everly Energy,Redesigned letter,541.08,Yes,Metropolitan,2025-02-08,0,,Delivered
P12069,Everly Energy,Standard letter,809.47,No,Metropolitan,2025-02-11,1,28,Delivered
P12070,Harbour Energy,Redesigned letter,464.66,No,Regional,2025-02-10,0,,Delivered
P12071,Everly Energy,Redesigned letter,607.34,Yes,Metropolitan,2025-02-03,0,,Delivered
P12072,Kestrel Power,Standard letter,631.39,No,Regional,2025-02-10,0,,Delivered
P12073,Kestrel Power,Standard letter,1241.52,No,Regional,2025-02-10,,,Returned undeliverable
P12074,Kestrel Power,Redesigned letter,1900.78,No,Metropolitan,2025-02-05,0,,Delivered
P12075,Solace Power,Standard letter,798.98,Yes,Metropolitan,2025-02-07,1,15,Delivered
P12076,Harbour Energy,Standard letter,666.48,No,Regional,2025-02-08,0,,Delivered
P12077,Lumen Energy,Redesigned letter,357.61,Yes,Regional,2025-02-13,0,,Delivered
P12078,Everly Energy,Redesigned letter,654.74,No,Metropolitan,2025-02-09,1,16,Delivered
P12079,Everly Energy,Standard letter,905.06,No,Regional,2025-02-12,0,,Delivered
P12080,Harbour Energy,Standard letter,1605.41,No,Metropolitan,2025-02-09,0,,Delivered
P12081,Summit Energy,Redesigned letter,660.05,No,Regional,2025-02-07,1,17,Delivered
P12082,Everly Energy,Standard letter,684.62,No,Metropolitan,2025-02-13,0,,Delivered
P12083,Everly Energy,Redesigned letter,910.7,No,Regional,2025-02-13,0,,Delivered
P12084,Solace Power,Redesigned letter,682.94,No,Metropolitan,2025-02-14,0,,Delivered
P12085,Harbour Energy,Redesigned letter,275.99,Yes,Metropolitan,2025-02-06,1,13,Delivered
P12086,Kestrel Power,Standard letter,1980.16,No,Regional,2025-02-13,0,,Delivered
P12087,Everly Energy,Standard letter,1328.26,No,Metropolitan,2025-02-03,0,,Delivered
P12088,Everly Energy,Redesigned letter,573.19,No,Regional,2025-02-08,1,15,Delivered
P12089,Harbour Energy,Redesigned letter,347.84,No,Metropolitan,2025-02-05,0,,Delivered
P12090,Summit Energy,Redesigned letter,1195.03,No,Regional,2025-02-10,0,,Delivered
P12091,Kestrel Power,Standard letter,1103.56,No,Metropolitan,2025-02-04,0,,Delivered
P12092,Lumen Energy,Redesigned letter,692.45,No,Metropolitan,2025-02-12,0,,Delivered
P12093,Kestrel Power,Redesigned letter,269.79,No,Metropolitan,2025-02-13,0,,Delivered
P12094,Everly Energy,Standard letter,1118.27,No,Regional,2025-02-12,0,,Delivered
P12095,Lumen Energy,Redesigned letter,1515.42,No,Metropolitan,2025-02-11,0,,Delivered
P12096,Summit Energy,Standard letter,1115.42,No,Metropolitan,2025-02-14,0,,Delivered
P12097,Harbour Energy,Redesigned letter,3018.07,Yes,Metropolitan,2025-02-03,1,3,Delivered
P12098,Everly Energy,Standard letter,761.36,Yes,Metropolitan,2025-02-14,0,,Delivered
P12099,Everly Energy,Standard letter,695.62,No,Metropolitan,2025-02-04,0,,Delivered
P12100,Solace Power,Standard letter,585.53,Yes,Metropolitan,2025-02-07,0,,Delivered
P12101,Everly Energy,Redesigned letter,1082.58,No,Metropolitan,2025-02-06,0,,Delivered
P12102,Harbour Energy,Standard letter,1128.89,No,Metropolitan,2025-02-14,1,12,Delivered
P12103,Harbour Energy,Standard letter,980.75,No,Regional,2025-02-07,0,,Delivered
P12104,Harbour Energy,Redesigned letter,1725.12,Yes,Metropolitan,2025-02-06,0,,Delivered
P12105,Kestrel Power,Redesigned letter,1139.1,No,Regional,2025-02-11,0,,Delivered
P12106,Everly Energy,Standard letter,996.18,No,Metropolitan,2025-02-07,0,,Delivered
P12107,Lumen Energy,Redesigned letter,921.7,No,Metropolitan,2025-02-08,0,,Delivered
P12108,Lumen Energy,Standard letter,767.61,No,Metropolitan,2025-02-05,0,,Delivered
P12109,Harbour Energy,Redesigned letter,765.16,Yes,Regional,2025-02-11,0,,Delivered
P12110,Everly Energy,Redesigned letter,315.91,No,Metropolitan,2025-02-05,0,,Delivered
P12111,Kestrel Power,Redesigned letter,377.34,No,Metropolitan,2025-02-09,0,,Delivered
P12112,Everly Energy,Standard letter,1147.65,No,Metropolitan,2025-02-03,0,,Delivered
P12113,Kestrel Power,Redesigned letter,732.97,No,Metropolitan,2025-02-07,1,26,Delivered
P12114,Harbour Energy,Standard letter,1314.06,No,Metropolitan,2025-02-10,0,,Delivered
P12115,Harbour Energy,Redesigned letter,1602.27,No,Regional,2025-02-04,1,15,Delivered
P12116,Kestrel Power,Standard letter,370.41,Yes,Regional,2025-02-08,1,13,Delivered
P12117,Everly Energy,Redesigned letter,1076.01,No,Metropolitan,2025-02-11,0,,Delivered
P12118,Harbour Energy,Standard letter,963.26,No,Regional,2025-02-12,0,,Delivered
P12119,Harbour Energy,Standard letter,778.92,No,Metropolitan,2025-02-09,0,,Delivered
P12120,Everly Energy,Redesigned letter,500.07,No,Regional,2025-02-03,0,,Delivered
P12121,Harbour Energy,Standard letter,1223.71,No,Metropolitan,2025-02-03,0,,Delivered
P12122,Everly Energy,Redesigned letter,470.91,No,Regional,2025-02-03,0,,Delivered
P12123,Harbour Energy,Redesigned letter,2016.04,Yes,Regional,2025-02-07,0,,Delivered
P12124,Harbour Energy,Redesigned letter,1004.71,No,Metropolitan,2025-02-03,0,,Delivered
P12125,Summit Energy,Redesigned letter,1286.17,No,Metropolitan,2025-02-11,0,,Delivered
P12126,Harbour Energy,Standard letter,772.92,Yes,Regional,2025-02-06,0,,Delivered
P12127,Everly Energy,Redesigned letter,623.7,No,Metropolitan,2025-02-12,0,,Delivered
P12128,Everly Energy,Standard letter,637.13,Yes,Regional,2025-02-06,0,,Delivered
P12129,Harbour Energy,Standard letter,993.71,No,Regional,2025-02-09,0,,Delivered
P12130,Lumen Energy,Redesigned letter,1612.4,Yes,Regional,2025-02-10,0,,Delivered
P12131,Harbour Energy,Redesigned letter,593.17,No,Regional,2025-02-11,0,,Delivered
P12132,Harbour Energy,Standard letter,726.64,Yes,Metropolitan,2025-02-06,0,,Delivered
P12133,Everly Energy,Standard letter,1326.0,No,Metropolitan,2025-02-08,0,,Delivered
P12134,Kestrel Power,Redesigned letter,1017.94,No,Metropolitan,2025-02-06,1,6,Delivered
P12135,Harbour Energy,Standard letter,535.19,No,Metropolitan,2025-02-06,1,5,Delivered
P12136,Harbour Energy,Standard letter,726.48,No,Metropolitan,2025-02-08,0,,Delivered
P12137,Everly Energy,Standard letter,1364.14,No,Metropolitan,2025-02-10,0,,Delivered
P12138,Everly Energy,Redesigned letter,735.15,Yes,Metropolitan,2025-02-06,0,,Delivered
P12139,Everly Energy,Standard letter,1772.32,No,Regional,2025-02-07,0,,Delivered
P12140,Everly Energy,Standard letter,1892.67,Yes,Regional,2025-02-08,1,6,Delivered
P12141,Summit Energy,Standard letter,271.08,Yes,Regional,2025-02-11,0,,Delivered
P12142,Solace Power,Redesigned letter,1012.57,Yes,Regional,2025-02-14,0,,Delivered
P12143,Summit Energy,Redesigned letter,1743.64,Yes,Metropolitan,2025-02-08,0,,Delivered
P12144,Everly Energy,Standard letter,1005.43,Yes,Metropolitan,2025-02-13,0,,Delivered
P12145,Everly Energy,Standard letter,1410.58,Yes,Regional,2025-02-04,0,,Delivered
P12146,Kestrel Power,Standard letter,804.35,No,Metropolitan,2025-02-06,0,,Delivered
P12147,Harbour Energy,Redesigned letter,892.64,No,Regional,2025-02-07,0,,Delivered
P12148,Kestrel Power,Redesigned letter,1343.54,Yes,Metropolitan,2025-02-13,0,,Delivered
P12149,Harbour Energy,Redesigned letter,600.34,No,Metropolitan,2025-02-05,0,,Delivered
P12150,Summit Energy,Redesigned letter,766.13,No,Regional,2025-02-11,1,25,Delivered
P12151,Everly Energy,Redesigned letter,1229.18,No,Metropolitan,2025-02-05,0,,Delivered
P12152,Harbour Energy,Redesigned letter,1142.63,Yes,Metropolitan,2025-02-13,0,,Delivered
P12153,Lumen Energy,Standard letter,469.95,No,Metropolitan,2025-02-07,0,,Delivered
P12154,Harbour Energy,Redesigned letter,245.23,No,Metropolitan,2025-02-03,0,,Delivered
P12155,Summit Energy,Standard letter,2582.81,No,Metropolitan,2025-02-10,1,27,Delivered
P12156,Summit Energy,Standard letter,790.05,No,Regional,2025-02-06,0,,Delivered
P12157,Solace Power,Standard letter,1769.0,No,Regional,2025-02-04,0,,Delivered
P12158,Lumen Energy,Redesigned letter,2926.02,No,Metropolitan,2025-02-10,0,,Delivered
P12159,Everly Energy,Standard letter,634.73,No,Metropolitan,2025-02-06,1,8,Delivered
P12160,Harbour Energy,Redesigned letter,451.46,Yes,Regional,2025-02-04,0,,Delivered
P12161,Harbour Energy,Redesigned letter,1159.25,Yes,Regional,2025-02-11,0,,Delivered
P12162,Summit Energy,Redesigned letter,1254.89,No,Regional,2025-02-07,0,,Delivered
P12163,Everly Energy,Redesigned letter,1075.49,No,Metropolitan,2025-02-14,1,17,Delivered
P12164,Harbour Energy,Redesigned letter,1085.45,Yes,Metropolitan,2025-02-08,1,13,Delivered
P12165,Everly Energy,Redesigned letter,2113.31,No,Metropolitan,2025-02-08,0,,Delivered
P12166,Summit Energy,Redesigned letter,593.95,No,Metropolitan,2025-02-12,0,,Delivered
P12167,Summit Energy,Standard letter,1140.97,No,Regional,2025-02-10,0,,Delivered
P12168,Kestrel Power,Redesigned letter,1713.74,No,Metropolitan,2025-02-12,1,22,Delivered
P12169,Summit Energy,Redesigned letter,450.9,No,Metropolitan,2025-02-08,0,,Delivered
P12170,Harbour Energy,Redesigned letter,363.29,No,Regional,2025-02-14,0,,Delivered
P12171,Harbour Energy,Redesigned letter,377.67,No,Regional,2025-02-07,0,,Delivered
P12172,Harbour Energy,Standard letter,3391.56,Yes,Metropolitan,2025-02-07,0,,Delivered
P12173,Kestrel Power,Standard letter,701.18,No,Regional,2025-02-12,0,,Delivered
P12174,Harbour Energy,Standard letter,1722.69,Yes,Metropolitan,2025-02-13,0,,Delivered
P12175,Kestrel Power,Redesigned letter,2204.89,No,Regional,2025-02-09,0,,Delivered
P12176,Harbour Energy,Standard letter,714.82,No,Metropolitan,2025-02-05,0,,Delivered
P12177,Everly Energy,Standard letter,726.59,No,Metropolitan,2025-02-07,0,,Delivered
P12178,Everly Energy,Redesigned letter,1374.35,Yes,Metropolitan,2025-02-05,0,,Delivered
P12179,Everly Energy,Redesigned letter,1643.05,No,Metropolitan,2025-02-03,0,,Delivered
P12180,Summit Energy,Redesigned letter,1350.06,No,Metropolitan,2025-02-12,0,,Delivered
P12181,Kestrel Power,Standard letter,1281.05,No,Metropolitan,2025-02-10,0,,Delivered
P12182,Kestrel Power,Redesigned letter,430.08,No,Metropolitan,2025-02-05,0,,Delivered
P12183,Kestrel Power,Standard letter,340.43,No,Metropolitan,2025-02-09,0,,Delivered
P12184,Lumen Energy,Redesigned letter,585.38,No,Regional,2025-02-13,0,,Delivered
P12185,Everly Energy,Standard letter,445.92,Yes,Regional,2025-02-13,0,,Delivered
P12186,Summit Energy,Standard letter,1045.55,Yes,Regional,2025-02-03,1,18,Delivered
P12187,Lumen Energy,Standard letter,1282.69,No,Regional,2025-02-06,0,,Delivered
P12188,Summit Energy,Standard letter,431.32,No,Metropolitan,2025-02-11,0,,Delivered
P12189,Lumen Energy,Redesigned letter,1114.2,Yes,Metropolitan,2025-02-14,0,,Delivered
P12190,Lumen Energy,Redesigned letter,1425.08,No,Regional,2025-02-14,0,,Delivered
P12191,Harbour Energy,Standard letter,776.32,No,Metropolitan,2025-02-07,0,,Delivered
P12192,Everly Energy,Redesigned letter,660.6,No,Regional,2025-02-10,0,,Delivered
P12193,Lumen Energy,Redesigned letter,1883.06,No,Metropolitan,2025-02-10,1,5,Delivered
P12194,Everly Energy,Standard letter,911.33,No,Metropolitan,2025-02-05,0,,Delivered
P12195,Kestrel Power,Redesigned letter,1063.0,Yes,Metropolitan,2025-02-05,0,,Delivered
P12196,Harbour Energy,Redesigned letter,1086.15,No,Metropolitan,2025-02-05,0,,Delivered
P12197,Everly Energy,Redesigned letter,2576.18,No,Metropolitan,2025-02-11,1,6,Delivered
P12198,Everly Energy,Redesigned letter,1102.15,No,Metropolitan,2025-02-07,0,,Delivered
P12199,Everly Energy,Standard letter,1043.41,No,Regional,2025-02-03,0,,Delivered
P12200,Everly Energy,Standard letter,274.71,No,Metropolitan,2025-02-09,0,,Delivered
P12201,Everly Energy,Standard letter,771.9,No,Metropolitan,2025-02-11,1,2,Delivered
P12202,Harbour Energy,Standard letter,1336.21,No,Metropolitan,2025-02-11,1,2,Delivered
P12203,Everly Energy,Redesigned letter,1560.97,No,Regional,2025-02-09,0,,Delivered
P12204,Everly Energy,Standard letter,660.23,Yes,Metropolitan,2025-02-07,0,,Delivered
P12205,Harbour Energy,Standard letter,2021.32,No,Metropolitan,2025-02-11,0,,Delivered
P12206,Harbour Energy,Standard letter,1303.05,No,Metropolitan,2025-02-12,0,,Delivered
P12207,Solace Power,Standard letter,488.51,No,Regional,2025-02-09,0,,Delivered
P12208,Everly Energy,Standard letter,1158.82,No,Regional,2025-02-11,0,,Delivered
P12209,Lumen Energy,Standard letter,789.09,No,Metropolitan,2025-02-03,0,,Delivered
P12210,Everly Energy,Standard letter,460.24,No,Metropolitan,2025-02-13,0,,Delivered
P12211,Summit Energy,Redesigned letter,1245.22,No,Metropolitan,2025-02-06,0,,Delivered
P12212,Kestrel Power,Standard letter,1683.91,No,Regional,2025-02-07,0,,Delivered
P12213,Everly Energy,Redesigned letter,2065.85,Yes,Regional,2025-02-11,0,,Delivered
P12214,Lumen Energy,Redesigned letter,753.69,No,Metropolitan,2025-02-07,0,,Delivered
P12215,Summit Energy,Redesigned letter,752.44,No,Metropolitan,2025-02-04,1,20,Delivered
P12216,Everly Energy,Standard letter,1823.62,No,Regional,2025-02-09,0,,Delivered
P12217,Everly Energy,Redesigned letter,345.11,Yes,Regional,2025-02-14,0,,Delivered
P12218,Everly Energy,Standard letter,608.73,No,Metropolitan,2025-02-04,0,,Delivered
P12219,Harbour Energy,Redesigned letter,1610.49,Yes,Regional,2025-02-03,0,,Delivered
P12220,Everly Energy,Redesigned letter,368.79,No,Regional,2025-02-07,0,,Delivered
P12221,Everly Energy,Standard letter,878.31,No,Metropolitan,2025-02-03,0,,Delivered
P12222,Harbour Energy,Redesigned letter,1016.24,No,Metropolitan,2025-02-12,0,,Delivered
P12223,Everly Energy,Redesigned letter,933.53,No,Regional,2025-02-13,0,,Delivered
P12224,Everly Energy,Standard letter,1120.71,No,Regional,2025-02-12,0,,Delivered
P12225,Harbour Energy,Standard letter,1527.98,No,Metropolitan,2025-02-13,0,,Delivered
P12226,Harbour Energy,Standard letter,1229.36,No,Regional,2025-02-14,1,20,Delivered
P12227,Everly Energy,Redesigned letter,254.68,No,Metropolitan,2025-02-04,0,,Delivered
P12228,Solace Power,Redesigned letter,563.99,Yes,Metropolitan,2025-02-03,0,,Delivered
P12229,Harbour Energy,Standard letter,457.48,No,Regional,2025-02-13,0,,Delivered
P12230,Harbour Energy,Redesigned letter,542.23,No,Metropolitan,2025-02-08,0,,Delivered
P12231,Harbour Energy,Standard letter,851.99,Yes,Regional,2025-02-13,0,,Delivered
P12232,Kestrel Power,Redesigned letter,1089.07,Yes,Metropolitan,2025-02-11,0,,Delivered
P12233,Harbour Energy,Redesigned letter,1174.04,No,Metropolitan,2025-02-06,0,,Delivered
P12234,Kestrel Power,Standard letter,2294.68,No,Metropolitan,2025-02-03,0,,Delivered
P12235,Summit Energy,Standard letter,938.08,No,Regional,2025-02-09,0,,Delivered
P12236,Summit Energy,Redesigned letter,613.52,No,Metropolitan,2025-02-14,1,23,Delivered
P12237,Everly Energy,Standard letter,1128.47,Yes,Regional,2025-02-06,1,14,Delivered
P12238,Everly Energy,Standard letter,1274.27,Yes,Regional,2025-02-09,0,,Delivered
P12239,Summit Energy,Redesigned letter,618.3,No,Metropolitan,2025-02-03,0,,Delivered
P12240,Summit Energy,Redesigned letter,711.68,Yes,Metropolitan,2025-02-03,0,,Delivered
P12241,Summit Energy,Standard letter,965.15,No,Regional,2025-02-11,0,,Delivered
P12242,Everly Energy,Redesigned letter,915.78,Yes,Metropolitan,2025-02-09,0,,Delivered
P12243,Everly Energy,Redesigned letter,436.24,No,Regional,2025-02-03,0,,Delivered
P12244,Everly Energy,Redesigned letter,299.94,No,Regional,2025-02-05,1,7,Delivered
P12245,Kestrel Power,Standard letter,901.04,Yes,Metropolitan,2025-02-09,0,,Delivered
P12246,Lumen Energy,Redesigned letter,235.08,No,Metropolitan,2025-02-11,1,4,Delivered
P12247,Harbour Energy,Redesigned letter,529.99,No,Metropolitan,2025-02-13,0,,Delivered
P12248,Everly Energy,Standard letter,220.75,Yes,Regional,2025-02-14,0,,Delivered
P12249,Summit Energy,Standard letter,1939.81,No,Metropolitan,2025-02-04,0,,Delivered
P12250,Lumen Energy,Standard letter,1319.64,No,Regional,2025-02-05,0,,Delivered
P12251,Everly Energy,Standard letter,1652.96,No,Metropolitan,2025-02-08,0,,Delivered
P12252,Summit Energy,Standard letter,1096.17,No,Metropolitan,2025-02-14,0,,Delivered
P12253,Harbour Energy,Redesigned letter,1068.87,Yes,Regional,2025-02-06,1,2,Delivered
P12254,Everly Energy,Standard letter,796.0,No,Regional,2025-02-11,0,,Delivered
P12255,Everly Energy,Redesigned letter,516.16,Yes,Regional,2025-02-13,0,,Delivered
P12256,Summit Energy,Standard letter,541.06,No,Metropolitan,2025-02-07,0,,Delivered
P12257,Kestrel Power,Redesigned letter,1186.43,No,Metropolitan,2025-02-03,0,,Delivered
P12258,Harbour Energy,Standard letter,727.04,No,Metropolitan,2025-02-06,0,,Delivered
P12259,Harbour Energy,Redesigned letter,552.99,No,Metropolitan,2025-02-06,1,11,Delivered
P12260,Harbour Energy,Redesigned letter,1433.39,Yes,Metropolitan,2025-02-09,0,,Delivered
P12261,Everly Energy,Standard letter,1485.78,No,Metropolitan,2025-02-04,0,,Delivered
P12262,Summit Energy,Standard letter,229.1,Yes,Regional,2025-02-14,1,7,Delivered
P12263,Everly Energy,Standard letter,180.96,Yes,Regional,2025-02-09,0,,Delivered
P12264,Harbour Energy,Standard letter,626.43,No,Regional,2025-02-07,0,,Delivered
P12265,Lumen Energy,Redesigned letter,500.21,No,Regional,2025-02-05,0,,Delivered
P12266,Harbour Energy,Standard letter,788.39,No,Metropolitan,2025-02-05,0,,Delivered
P12267,Lumen Energy,Redesigned letter,2237.58,Yes,Metropolitan,2025-02-04,0,,Delivered
P12268,Lumen Energy,Standard letter,781.62,No,Metropolitan,2025-02-05,0,,Delivered
P12269,Summit Energy,Redesigned letter,535.12,Yes,Metropolitan,2025-02-13,0,,Delivered
P12270,Kestrel Power,Redesigned letter,602.77,Yes,Metropolitan,2025-02-05,0,,Delivered
P12271,Harbour Energy,Standard letter,307.79,No,Regional,2025-02-10,0,,Delivered
P12272,Harbour Energy,Redesigned letter,792.46,No,Regional,2025-02-07,0,,Delivered
P12273,Kestrel Power,Redesigned letter,2452.57,No,Regional,2025-02-08,0,,Delivered
P12274,Summit Energy,Standard letter,314.12,Yes,Regional,2025-02-07,0,,Delivered
P12275,Harbour Energy,Standard letter,1367.84,Yes,Regional,2025-02-03,0,,Delivered
P12276,Summit Energy,Standard letter,2510.36,Yes,Regional,2025-02-13,1,11,Delivered
P12277,Harbour Energy,Standard letter,564.25,No,Metropolitan,2025-02-07,0,,Delivered
P12278,Everly Energy,Redesigned letter,490.89,No,Metropolitan,2025-02-05,0,,Delivered
P12279,Lumen Energy,Standard letter,549.56,Yes,Regional,2025-02-12,0,,Delivered
P12280,Everly Energy,Redesigned letter,984.26,No,Metropolitan,2025-02-09,0,,Delivered
P12281,Everly Energy,Standard letter,1804.22,No,Metropolitan,2025-02-04,0,,Delivered
P12282,Everly Energy,Standard letter,1269.67,Yes,Metropolitan,2025-02-14,0,,Delivered
P12283,Summit Energy,Redesigned letter,434.55,No,Metropolitan,2025-02-03,0,,Delivered
P12284,Harbour Energy,Redesigned letter,1477.53,Yes,Metropolitan,2025-02-12,,,Returned undeliverable
P12285,Harbour Energy,Standard letter,612.42,Yes,Regional,2025-02-03,0,,Delivered
P12286,Solace Power,Redesigned letter,675.66,No,Metropolitan,2025-02-06,0,,Delivered
P12287,Harbour Energy,Standard letter,1199.4,No,Metropolitan,2025-02-11,0,,Delivered
P12288,Everly Energy,Standard letter,239.94,No,Regional,2025-02-12,1,1,Delivered
P12289,Summit Energy,Redesigned letter,2348.32,No,Metropolitan,2025-02-13,1,9,Delivered
P12290,Everly Energy,Redesigned letter,668.62,No,Metropolitan,2025-02-13,0,,Delivered
P12291,Harbour Energy,Redesigned letter,1185.45,No,Metropolitan,2025-02-08,0,,Delivered
P12292,Summit Energy,Standard letter,1014.06,Yes,Metropolitan,2025-02-12,0,,Delivered
P12293,Harbour Energy,Redesigned letter,558.93,No,Metropolitan,2025-02-08,0,,Delivered
P12294,Everly Energy,Standard letter,2158.93,No,Regional,2025-02-05,0,,Delivered
P12295,Kestrel Power,Standard letter,702.72,No,Regional,2025-02-12,0,,Delivered
P12296,Everly Energy,Redesigned letter,2032.59,Yes,Metropolitan,2025-02-07,0,,Delivered
P12297,Lumen Energy,Standard letter,444.2,No,Regional,2025-02-10,0,,Delivered
P12298,Kestrel Power,Standard letter,1074.48,No,Metropolitan,2025-02-11,0,,Delivered
P12299,Lumen Energy,Standard letter,846.61,Yes,Regional,2025-02-12,0,,Delivered
P12300,Harbour Energy,Standard letter,328.32,No,Regional,2025-02-10,0,,Delivered
P12301,Lumen Energy,Redesigned letter,191.73,No,Metropolitan,2025-02-11,0,,Delivered
P12302,Solace Power,Standard letter,1366.31,Yes,Metropolitan,2025-02-09,0,,Delivered
P12303,Kestrel Power,Redesigned letter,1131.58,No,Metropolitan,2025-02-07,0,,Delivered
P12304,Kestrel Power,Standard letter,1357.77,No,Metropolitan,2025-02-04,1,2,Delivered
P12305,Harbour Energy,Standard letter,641.83,No,Metropolitan,2025-02-04,0,,Delivered
P12306,Everly Energy,Standard letter,1035.21,No,Regional,2025-02-08,1,15,Delivered
P12307,Everly Energy,Standard letter,2149.76,No,Metropolitan,2025-02-04,0,,Delivered
P12308,Harbour Energy,Redesigned letter,487.83,Yes,Metropolitan,2025-02-03,0,,Delivered
P12309,Everly Energy,Standard letter,1746.65,No,Regional,2025-02-03,1,13,Delivered
P12310,Summit Energy,Redesigned letter,3942.88,Yes,Regional,2025-02-12,1,7,Delivered
P12311,Everly Energy,Standard letter,777.57,No,Metropolitan,2025-02-12,1,25,Delivered
P12312,Everly Energy,Redesigned letter,2325.04,Yes,Regional,2025-02-09,0,,Delivered
P12313,Harbour Energy,Redesigned letter,537.28,No,Metropolitan,2025-02-08,0,,Delivered
P12314,Everly Energy,Redesigned letter,633.88,No,Regional,2025-02-06,0,,Delivered
P12315,Harbour Energy,Standard letter,479.36,No,Metropolitan,2025-02-13,1,17,Delivered
P12316,Summit Energy,Standard letter,655.19,No,Metropolitan,2025-02-03,0,,Delivered
P12317,Everly Energy,Redesigned letter,1356.71,Yes,Metropolitan,2025-02-11,1,16,Delivered
P12318,Everly Energy,Redesigned letter,470.55,No,Metropolitan,2025-02-14,1,9,Delivered
P12319,Kestrel Power,Standard letter,329.04,No,Regional,2025-02-12,0,,Delivered
P12320,Everly Energy,Standard letter,273.91,No,Metropolitan,2025-02-11,0,,Delivered
P12321,Harbour Energy,Redesigned letter,1077.29,No,Metropolitan,2025-02-07,1,1,Delivered
P12322,Everly Energy,Standard letter,1646.64,No,Metropolitan,2025-02-08,0,,Delivered
P12323,Lumen Energy,Redesigned letter,396.03,No,Metropolitan,2025-02-11,1,15,Delivered
P12324,Harbour Energy,Standard letter,1244.62,Yes,Metropolitan,2025-02-05,1,10,Delivered
P12325,Everly Energy,Redesigned letter,1611.79,No,Metropolitan,2025-02-13,0,,Delivered
P12326,Harbour Energy,Standard letter,941.65,No,Regional,2025-02-12,0,,Delivered
P12327,Kestrel Power,Standard letter,473.01,Yes,Regional,2025-02-04,0,,Delivered
P12328,Solace Power,Redesigned letter,1089.8,Yes,Regional,2025-02-06,0,,Delivered
P12329,Lumen Energy,Redesigned letter,936.46,No,Metropolitan,2025-02-12,0,,Delivered
P12330,Everly Energy,Redesigned letter,638.95,No,Regional,2025-02-07,0,,Delivered
P12331,Summit Energy,Redesigned letter,1915.12,Yes,Metropolitan,2025-02-14,0,,Delivered
P12332,Lumen Energy,Redesigned letter,1029.39,No,Regional,2025-02-06,1,15,Delivered
P12333,Harbour Energy,Redesigned letter,640.83,Yes,Regional,2025-02-05,0,,Delivered
P12334,Kestrel Power,Standard letter,844.26,No,Regional,2025-02-06,0,,Delivered
P12335,Summit Energy,Redesigned letter,1084.43,No,Metropolitan,2025-02-07,1,28,Delivered
P12336,Harbour Energy,Redesigned letter,545.46,No,Metropolitan,2025-02-12,0,,Delivered
P12337,Kestrel Power,Redesigned letter,890.35,No,Metropolitan,2025-02-08,0,,Delivered
P12338,Harbour Energy,Standard letter,966.0,Yes,Metropolitan,2025-02-13,0,,Delivered
P12339,Summit Energy,Standard letter,1034.32,No,Metropolitan,2025-02-11,0,,Delivered
P12340,Harbour Energy,Redesigned letter,973.33,No,Metropolitan,2025-02-10,0,,Delivered
P12341,Harbour Energy,Redesigned letter,745.57,No,Metropolitan,2025-02-07,0,,Delivered
P12342,Everly Energy,Standard letter,640.58,No,Regional,2025-02-13,0,,Delivered
P12343,Solace Power,Standard letter,438.26,No,Metropolitan,2025-02-12,0,,Delivered
P12344,Lumen Energy,Redesigned letter,899.06,No,Metropolitan,2025-02-14,0,,Delivered
P12345,Everly Energy,Standard letter,3657.31,No,Metropolitan,2025-02-09,1,4,Delivered
P12346,Harbour Energy,Standard letter,242.56,Yes,Regional,2025-02-05,,,Returned undeliverable
P12347,Kestrel Power,Standard letter,758.75,Yes,Regional,2025-02-06,0,,Delivered
P12348,Summit Energy,Redesigned letter,792.34,No,Metropolitan,2025-02-12,0,,Delivered
P12349,Everly Energy,Redesigned letter,604.24,Yes,Regional,2025-02-13,0,,Delivered
P12350,Harbour Energy,Redesigned letter,876.55,No,Metropolitan,2025-02-14,0,,Delivered
P12351,Lumen Energy,Redesigned letter,602.92,Yes,Metropolitan,2025-02-11,0,,Delivered
P12352,Kestrel Power,Standard letter,306.25,No,Metropolitan,2025-02-08,1,16,Delivered
P12353,Solace Power,Redesigned letter,1896.74,Yes,Regional,2025-02-11,0,,Delivered
P12354,Harbour Energy,Redesigned letter,2199.65,No,Regional,2025-02-03,0,,Delivered
P12355,Summit Energy,Standard letter,2990.18,No,Metropolitan,2025-02-07,0,,Delivered
P12356,Everly Energy,Standard letter,1000.66,No,Metropolitan,2025-02-03,,,Returned undeliverable
P12357,Solace Power,Standard letter,697.0,No,Metropolitan,2025-02-12,0,,Delivered
P12358,Summit Energy,Redesigned letter,717.97,No,Metropolitan,2025-02-04,0,,Delivered
P12359,Harbour Energy,Redesigned letter,631.39,No,Regional,2025-02-12,0,,Delivered
P12360,Lumen Energy,Standard letter,762.81,Yes,Metropolitan,2025-02-11,0,,Delivered
P12361,Harbour Energy,Standard letter,1265.52,Yes,Regional,2025-02-06,0,,Delivered
P12362,Lumen Energy,Redesigned letter,1022.44,No,Metropolitan,2025-02-10,0,,Delivered
P12363,Everly Energy,Standard letter,647.69,Yes,Regional,2025-02-11,0,,Delivered
P12364,Summit Energy,Redesigned letter,891.6,No,Metropolitan,2025-02-11,0,,Delivered
P12365,Everly Energy,Redesigned letter,1050.43,No,Regional,2025-02-07,0,,Delivered
P12366,Everly Energy,Redesigned letter,570.55,No,Metropolitan,2025-02-09,0,,Delivered
P12367,Harbour Energy,Redesigned letter,2289.55,Yes,Metropolitan,2025-02-06,0,,Delivered
P12368,Everly Energy,Standard letter,652.61,No,Metropolitan,2025-02-12,1,12,Delivered
P12369,Lumen Energy,Redesigned letter,550.59,Yes,Metropolitan,2025-02-03,0,,Delivered
P12370,Summit Energy,Standard letter,706.91,No,Regional,2025-02-11,1,25,Delivered
P12371,Everly Energy,Redesigned letter,742.29,No,Metropolitan,2025-02-03,0,,Delivered
P12372,Summit Energy,Standard letter,1198.26,No,Metropolitan,2025-02-08,0,,Delivered
P12373,Summit Energy,Standard letter,1574.58,No,Metropolitan,2025-02-07,0,,Delivered
P12374,Summit Energy,Standard letter,445.09,No,Regional,2025-02-05,0,,Delivered
P12375,Kestrel Power,Redesigned letter,1279.67,Yes,Regional,2025-02-05,0,,Delivered
P12376,Everly Energy,Standard letter,538.88,No,Metropolitan,2025-02-13,0,,Delivered
P12377,Summit Energy,Redesigned letter,2320.8,No,Metropolitan,2025-02-14,0,,Delivered
P12378,Kestrel Power,Redesigned letter,1218.65,No,Metropolitan,2025-02-08,0,,Delivered
P12379,Harbour Energy,Standard letter,301.15,No,Metropolitan,2025-02-03,0,,Delivered
P12380,Harbour Energy,Standard letter,2195.26,No,Metropolitan,2025-02-07,0,,Delivered
P12381,Harbour Energy,Standard letter,1188.45,Yes,Regional,2025-02-03,0,,Delivered
P12382,Everly Energy,Standard letter,278.2,Yes,Metropolitan,2025-02-09,1,29,Delivered
P12383,Harbour Energy,Standard letter,730.68,No,Regional,2025-02-09,0,,Delivered
P12384,Kestrel Power,Standard letter,917.31,Yes,Metropolitan,2025-02-09,0,,Delivered
P12385,Summit Energy,Redesigned letter,928.9,Yes,Regional,2025-02-13,1,26,Delivered
P12386,Everly Energy,Redesigned letter,1049.58,No,Metropolitan,2025-02-07,,,Returned undeliverable
P12387,Harbour Energy,Redesigned letter,1105.98,No,Regional,2025-02-04,0,,Delivered
P12388,Harbour Energy,Redesigned letter,712.57,No,Metropolitan,2025-02-10,0,,Delivered
P12389,Harbour Energy,Redesigned letter,1128.01,No,Regional,2025-02-13,0,,Delivered
P12390,Solace Power,Standard letter,981.02,Yes,Regional,2025-02-08,1,17,Delivered
P12391,Harbour Energy,Redesigned letter,1292.03,No,Metropolitan,2025-02-03,0,,Delivered
P12392,Harbour Energy,Redesigned letter,591.55,No,Metropolitan,2025-02-12,0,,Delivered
P12393,Everly Energy,Standard letter,894.36,No,Metropolitan,2025-02-08,0,,Delivered
P12394,Everly Energy,Standard letter,1455.59,No,Regional,2025-02-03,0,,Delivered
P12395,Everly Energy,Redesigned letter,797.08,No,Metropolitan,2025-02-11,0,,Delivered
P12396,Harbour Energy,Redesigned letter,764.67,Yes,Regional,2025-02-05,1,25,Delivered
P12397,Harbour Energy,Standard letter,942.14,No,Regional,2025-02-10,0,,Delivered
P12398,Summit Energy,Standard letter,1524.06,No,Metropolitan,2025-02-13,1,1,Delivered
P12399,Lumen Energy,Standard letter,1523.2,No,Regional,2025-02-13,0,,Delivered
P12400,Harbour Energy,Redesigned letter,565.9,No,Metropolitan,2025-02-07,0,,Delivered
P12401,Lumen Energy,Standard letter,1816.67,No,Metropolitan,2025-02-06,0,,Delivered
P12402,Lumen Energy,Standard letter,1837.5,No,Metropolitan,2025-02-12,0,,Delivered
P12403,Solace Power,Standard letter,838.08,No,Regional,2025-02-04,0,,Delivered
P12404,Harbour Energy,Redesigned letter,1317.17,No,Metropolitan,2025-02-04,0,,Delivered
P12405,Summit Energy,Standard letter,1345.66,No,Regional,2025-02-06,1,4,Delivered
P12406,Everly Energy,Redesigned letter,1776.77,No,Regional,2025-02-08,0,,Delivered
P12407,Everly Energy,Standard letter,1841.42,No,Metropolitan,2025-02-13,0,,Delivered
P12408,Harbour Energy,Redesigned letter,988.45,No,Metropolitan,2025-02-13,0,,Delivered
P12409,Everly Energy,Redesigned letter,1178.06,No,Metropolitan,2025-02-08,0,,Delivered
P12410,Harbour Energy,Redesigned letter,2136.02,No,Metropolitan,2025-02-13,0,,Delivered
P12411,Everly Energy,Standard letter,697.42,No,Regional,2025-02-09,0,,Delivered
P12412,Summit Energy,Redesigned letter,451.29,No,Regional,2025-02-11,0,,Delivered
P12413,Everly Energy,Redesigned letter,1684.04,No,Metropolitan,2025-02-14,0,,Delivered
P12414,Lumen Energy,Standard letter,1347.41,No,Metropolitan,2025-02-10,1,13,Delivered
P12415,Harbour Energy,Standard letter,845.3,Yes,Regional,2025-02-13,0,,Delivered
P12416,Everly Energy,Redesigned letter,926.98,No,Metropolitan,2025-02-07,0,,Delivered
P12417,Everly Energy,Redesigned letter,769.52,No,Metropolitan,2025-02-07,0,,Delivered
P12418,Everly Energy,Redesigned letter,759.76,Yes,Regional,2025-02-07,0,,Delivered
P12419,Summit Energy,Redesigned letter,937.29,No,Regional,2025-02-04,0,,Delivered
P12420,Lumen Energy,Redesigned letter,2871.74,No,Metropolitan,2025-02-03,0,,Delivered
P12421,Harbour Energy,Redesigned letter,954.98,No,Metropolitan,2025-02-05,0,,Delivered
P12422,Solace Power,Standard letter,1970.97,No,Metropolitan,2025-02-09,0,,Delivered
P12423,Harbour Energy,Standard letter,635.23,No,Metropolitan,2025-02-03,0,,Delivered
P12424,Solace Power,Standard letter,2227.68,No,Regional,2025-02-07,0,,Delivered
P12425,Kestrel Power,Redesigned letter,1719.17,No,Regional,2025-02-06,0,,Delivered
P12426,Harbour Energy,Redesigned letter,590.88,Yes,Regional,2025-02-13,0,,Delivered
P12427,Summit Energy,Redesigned letter,2165.35,No,Metropolitan,2025-02-05,0,,Delivered
P12428,Harbour Energy,Standard letter,1062.89,No,Metropolitan,2025-02-03,0,,Delivered
P12429,Summit Energy,Standard letter,1482.29,No,Metropolitan,2025-02-06,1,3,Delivered
P12430,Harbour Energy,Redesigned letter,500.13,Yes,Metropolitan,2025-02-12,0,,Delivered
P12431,Harbour Energy,Redesigned letter,691.77,No,Regional,2025-02-06,1,5,Delivered
P12432,Everly Energy,Redesigned letter,360.68,No,Regional,2025-02-06,0,,Delivered
P12433,Kestrel Power,Redesigned letter,1018.3,Yes,Regional,2025-02-07,0,,Delivered
P12434,Everly Energy,Standard letter,1472.88,No,Metropolitan,2025-02-12,0,,Delivered
P12435,Harbour Energy,Standard letter,2887.39,No,Metropolitan,2025-02-03,0,,Delivered
P12436,Summit Energy,Redesigned letter,1161.99,No,Metropolitan,2025-02-03,1,23,Delivered
P12437,Everly Energy,Standard letter,301.76,No,Metropolitan,2025-02-07,0,,Delivered
P12438,Kestrel Power,Redesigned letter,1427.89,No,Regional,2025-02-14,0,,Delivered
P12439,Lumen Energy,Redesigned letter,1371.19,No,Metropolitan,2025-02-13,0,,Delivered
P12440,Summit Energy,Standard letter,752.93,No,Metropolitan,2025-02-11,0,,Delivered
P12441,Harbour Energy,Standard letter,791.33,Yes,Regional,2025-02-10,0,,Delivered
P12442,Solace Power,Standard letter,1998.32,No,Regional,2025-02-10,0,,Delivered
P12443,Kestrel Power,Redesigned letter,297.24,No,Metropolitan,2025-02-05,0,,Delivered
P12444,Everly Energy,Redesigned letter,408.77,No,Regional,2025-02-06,0,,Delivered
P12445,Summit Energy,Standard letter,603.8,Yes,Metropolitan,2025-02-12,0,,Delivered
P12446,Solace Power,Redesigned letter,774.83,Yes,Metropolitan,2025-02-13,0,,Delivered
P12447,Harbour Energy,Standard letter,805.82,No,Regional,2025-02-07,0,,Delivered
P12448,Summit Energy,Standard letter,871.9,No,Regional,2025-02-14,0,,Delivered
P12449,Harbour Energy,Standard letter,572.96,Yes,Metropolitan,2025-02-07,1,2,Delivered
P12450,Harbour Energy,Standard letter,762.81,Yes,Regional,2025-02-09,0,,Delivered
P12451,Everly Energy,Standard letter,1887.92,Yes,Metropolitan,2025-02-14,1,3,Delivered
P12452,Harbour Energy,Standard letter,1459.08,No,Regional,2025-02-10,0,,Delivered
P12453,Everly Energy,Redesigned letter,335.58,No,Regional,2025-02-10,0,,Delivered
P12454,Everly Energy,Standard letter,191.61,Yes,Metropolitan,2025-02-07,0,,Delivered
P12455,Everly Energy,Standard letter,1921.39,No,Regional,2025-02-11,0,,Delivered
P12456,Harbour Energy,Redesigned letter,731.75,No,Regional,2025-02-09,0,,Delivered
P12457,Everly Energy,Standard letter,1208.58,Yes,Metropolitan,2025-02-06,0,,Delivered
P12458,Lumen Energy,Standard letter,1309.9,No,Metropolitan,2025-02-11,0,,Delivered
P12459,Solace Power,Standard letter,868.16,Yes,Metropolitan,2025-02-13,0,,Delivered
P12460,Lumen Energy,Redesigned letter,625.71,No,Metropolitan,2025-02-08,0,,Delivered
P12461,Harbour Energy,Redesigned letter,1326.78,No,Metropolitan,2025-02-12,1,18,Delivered
P12462,Harbour Energy,Standard letter,1776.03,No,Regional,2025-02-04,1,25,Delivered
P12463,Kestrel Power,Redesigned letter,1286.27,No,Metropolitan,2025-02-10,0,,Delivered
P12464,Everly Energy,Redesigned letter,928.14,No,Metropolitan,2025-02-07,,,Returned undeliverable
P12465,Everly Energy,Standard letter,1953.43,Yes,Regional,2025-02-04,0,,Delivered
P12466,Harbour Energy,Redesigned letter,2126.45,No,Regional,2025-02-11,1,29,Delivered
P12467,Harbour Energy,Redesigned letter,175.01,No,Regional,2025-02-06,0,,Delivered
P12468,Everly Energy,Standard letter,1803.35,No,Metropolitan,2025-02-06,0,,Delivered
P12469,Solace Power,Redesigned letter,1241.39,No,Metropolitan,2025-02-08,0,,Delivered
P12470,Harbour Energy,Redesigned letter,696.43,No,Metropolitan,2025-02-08,1,27,Delivered
P12471,Everly Energy,Standard letter,889.9,Yes,Regional,2025-02-05,0,,Delivered
P12472,Everly Energy,Redesigned letter,251.02,Yes,Regional,2025-02-08,0,,Delivered
P12473,Everly Energy,Standard letter,473.07,No,Metropolitan,2025-02-07,0,,Delivered
P12474,Lumen Energy,Standard letter,586.81,No,Regional,2025-02-05,0,,Delivered
P12475,Summit Energy,Redesigned letter,2058.84,No,Regional,2025-02-05,0,,Delivered
P12476,Solace Power,Standard letter,1750.36,No,Metropolitan,2025-02-06,0,,Delivered
P12477,Everly Energy,Redesigned letter,532.36,No,Regional,2025-02-13,0,,Delivered
P12478,Summit Energy,Standard letter,590.55,No,Regional,2025-02-05,0,,Delivered
P12479,Solace Power,Standard letter,1422.29,No,Regional,2025-02-05,0,,Delivered
P12480,Harbour Energy,Standard letter,980.35,No,Metropolitan,2025-02-08,0,,Delivered
P12481,Harbour Energy,Standard letter,1320.09,Yes,Metropolitan,2025-02-11,0,,Delivered
P12482,Harbour Energy,Standard letter,1474.56,No,Regional,2025-02-09,0,,Delivered
P12483,Summit Energy,Redesigned letter,1568.61,Yes,Metropolitan,2025-02-06,0,,Delivered
P12484,Harbour Energy,Standard letter,1306.14,No,Regional,2025-02-07,0,,Delivered
P12485,Summit Energy,Standard letter,210.19,Yes,Metropolitan,2025-02-13,0,,Delivered
P12486,Solace Power,Standard letter,2310.94,Yes,Metropolitan,2025-02-08,0,,Delivered
P12487,Summit Energy,Redesigned letter,1139.22,No,Regional,2025-02-12,1,2,Delivered
P12488,Summit Energy,Redesigned letter,1582.05,No,Metropolitan,2025-02-08,0,,Delivered
P12489,Lumen Energy,Standard letter,434.93,Yes,Metropolitan,2025-02-06,,,Returned undeliverable
P12490,Everly Energy,Standard letter,1164.79,No,Regional,2025-02-14,1,13,Delivered
P12491,Harbour Energy,Standard letter,1042.65,No,Metropolitan,2025-02-03,1,22,Delivered
P12492,Everly Energy,Standard letter,609.34,Yes,Regional,2025-02-12,0,,Delivered
P12493,Everly Energy,Redesigned letter,641.36,No,Metropolitan,2025-02-11,0,,Delivered
P12494,Summit Energy,Standard letter,1046.69,Yes,Metropolitan,2025-02-12,1,7,Delivered
P12495,Everly Energy,Redesigned letter,180.54,No,Metropolitan,2025-02-05,0,,Delivered
P12496,Everly Energy,Redesigned letter,2178.78,Yes,Regional,2025-02-14,0,,Delivered
P12497,Harbour Energy,Standard letter,953.65,No,Regional,2025-02-08,0,,Delivered
P12498,Summit Energy,Standard letter,837.91,No,Metropolitan,2025-02-08,0,,Delivered
P12499,Solace Power,Standard letter,1014.24,No,Metropolitan,2025-02-12,0,,Delivered
P12500,Kestrel Power,Standard letter,1107.1,No,Regional,2025-02-03,0,,Delivered
P12501,Harbour Energy,Redesigned letter,851.06,Yes,Regional,2025-02-13,0,,Delivered
P12502,Everly Energy,Redesigned letter,1623.0,Yes,Metropolitan,2025-02-13,1,16,Delivered
P12503,Everly Energy,Redesigned letter,664.55,No,Metropolitan,2025-02-13,0,,Delivered
P12504,Harbour Energy,Redesigned letter,857.52,No,Metropolitan,2025-02-11,0,,Delivered
P12505,Harbour Energy,Standard letter,666.04,Yes,Regional,2025-02-14,0,,Delivered
P12506,Everly Energy,Standard letter,600.12,No,Regional,2025-02-03,0,,Delivered
P12507,Everly Energy,Standard letter,1049.59,No,Metropolitan,2025-02-07,1,22,Delivered
P12508,Everly Energy,Redesigned letter,1010.41,Yes,Metropolitan,2025-02-03,0,,Delivered
P12509,Everly Energy,Redesigned letter,2063.29,No,Metropolitan,2025-02-09,0,,Delivered
P12510,Harbour Energy,Standard letter,771.37,No,Metropolitan,2025-02-06,0,,Delivered
P12511,Lumen Energy,Standard letter,441.06,No,Metropolitan,2025-02-14,0,,Delivered
P12512,Lumen Energy,Standard letter,704.44,No,Metropolitan,2025-02-12,1,5,Delivered
P12513,Summit Energy,Standard letter,593.86,No,Metropolitan,2025-02-03,1,12,Delivered
P12514,Harbour Energy,Standard letter,533.97,No,Metropolitan,2025-02-05,0,,Delivered
P12515,Summit Energy,Redesigned letter,1600.35,Yes,Metropolitan,2025-02-09,0,,Delivered
P12516,Harbour Energy,Redesigned letter,526.39,No,Regional,2025-02-04,0,,Delivered
P12517,Kestrel Power,Redesigned letter,697.46,No,Metropolitan,2025-02-05,0,,Delivered
P12518,Harbour Energy,Redesigned letter,654.5,No,Regional,2025-02-12,0,,Delivered
P12519,Lumen Energy,Standard letter,512.78,Yes,Regional,2025-02-09,0,,Delivered
P12520,Harbour Energy,Standard letter,445.79,No,Regional,2025-02-03,0,,Delivered
P12521,Kestrel Power,Redesigned letter,1463.11,No,Metropolitan,2025-02-08,0,,Delivered
P12522,Kestrel Power,Standard letter,1002.19,Yes,Metropolitan,2025-02-07,1,13,Delivered
P12523,Harbour Energy,Redesigned letter,708.52,No,Regional,2025-02-12,0,,Delivered
P12524,Everly Energy,Redesigned letter,1148.37,Yes,Regional,2025-02-13,1,26,Delivered
P12525,Harbour Energy,Redesigned letter,1084.75,No,Metropolitan,2025-02-07,0,,Delivered
P12526,Kestrel Power,Redesigned letter,284.62,No,Regional,2025-02-09,1,19,Delivered
P12527,Lumen Energy,Standard letter,1915.4,No,Metropolitan,2025-02-07,1,6,Delivered
P12528,Kestrel Power,Standard letter,1982.11,No,Regional,2025-02-10,0,,Delivered
P12529,Summit Energy,Standard letter,703.61,Yes,Regional,2025-02-08,0,,Delivered
P12530,Harbour Energy,Standard letter,853.98,No,Metropolitan,2025-02-06,1,8,Delivered
P12531,Kestrel Power,Redesigned letter,764.05,No,Metropolitan,2025-02-03,0,,Delivered
P12532,Lumen Energy,Redesigned letter,355.58,No,Regional,2025-02-11,0,,Delivered
P12533,Summit Energy,Standard letter,745.01,No,Regional,2025-02-13,0,,Delivered
P12534,Harbour Energy,Redesigned letter,1309.71,Yes,Metropolitan,2025-02-10,1,24,Delivered
P12535,Harbour Energy,Standard letter,489.46,Yes,Regional,2025-02-14,0,,Delivered
P12536,Summit Energy,Standard letter,831.91,No,Regional,2025-02-11,0,,Delivered
P12537,Solace Power,Standard letter,1691.99,Yes,Metropolitan,2025-02-03,0,,Delivered
P12538,Everly Energy,Redesigned letter,2509.36,No,Metropolitan,2025-02-12,0,,Delivered
P12539,Kestrel Power,Redesigned letter,3449.01,No,Metropolitan,2025-02-13,1,2,Delivered
P12540,Everly Energy,Standard letter,954.69,No,Metropolitan,2025-02-10,0,,Delivered
P12541,Everly Energy,Standard letter,907.48,No,Regional,2025-02-14,0,,Delivered
P12542,Everly Energy,Redesigned letter,589.76,No,Regional,2025-02-03,0,,Delivered
P12543,Everly Energy,Standard letter,1050.45,No,Regional,2025-02-13,0,,Delivered
P12544,Harbour Energy,Standard letter,272.83,No,Metropolitan,2025-02-07,0,,Delivered
P12545,Kestrel Power,Redesigned letter,851.88,No,Metropolitan,2025-02-07,0,,Delivered
P12546,Lumen Energy,Standard letter,458.37,No,Metropolitan,2025-02-05,0,,Delivered
P12547,Kestrel Power,Redesigned letter,1168.85,Yes,Metropolitan,2025-02-11,,,Returned undeliverable
P12548,Summit Energy,Standard letter,1566.2,Yes,Regional,2025-02-13,0,,Delivered
P12549,Kestrel Power,Redesigned letter,800.11,No,Regional,2025-02-12,1,8,Delivered
P12550,Harbour Energy,Redesigned letter,340.67,No,Regional,2025-02-11,0,,Delivered
P12551,Solace Power,Standard letter,2227.28,No,Metropolitan,2025-02-03,0,,Delivered
P12552,Everly Energy,Redesigned letter,1444.83,No,Metropolitan,2025-02-05,0,,Delivered
P12553,Everly Energy,Redesigned letter,1008.34,No,Metropolitan,2025-02-04,0,,Delivered
P12554,Harbour Energy,Redesigned letter,1217.61,Yes,Regional,2025-02-09,1,12,Delivered
P12555,Everly Energy,Redesigned letter,891.82,No,Metropolitan,2025-02-07,1,20,Delivered
P12556,Kestrel Power,Redesigned letter,275.25,No,Metropolitan,2025-02-10,0,,Delivered
P12557,Summit Energy,Standard letter,1116.53,Yes,Metropolitan,2025-02-05,0,,Delivered
P12558,Everly Energy,Standard letter,263.12,No,Regional,2025-02-08,0,,Delivered
P12559,Everly Energy,Standard letter,855.86,No,Metropolitan,2025-02-12,0,,Delivered
P12560,Harbour Energy,Redesigned letter,674.18,No,Metropolitan,2025-02-07,0,,Delivered
P12561,Summit Energy,Redesigned letter,304.85,No,Metropolitan,2025-02-08,0,,Delivered
P12562,Harbour Energy,Standard letter,527.76,No,Metropolitan,2025-02-09,0,,Delivered
P12563,Everly Energy,Standard letter,360.74,Yes,Metropolitan,2025-02-09,1,30,Delivered
P12564,Lumen Energy,Standard letter,982.85,No,Regional,2025-02-13,0,,Delivered
P12565,Summit Energy,Redesigned letter,699.58,No,Metropolitan,2025-02-10,0,,Delivered
P12566,Kestrel Power,Standard letter,347.38,Yes,Regional,2025-02-08,0,,Delivered
P12567,Kestrel Power,Redesigned letter,638.74,No,Regional,2025-02-07,0,,Delivered
P12568,Kestrel Power,Redesigned letter,1477.79,No,Regional,2025-02-03,0,,Delivered
P12569,Lumen Energy,Standard letter,1775.98,No,Regional,2025-02-06,0,,Delivered
P12570,Everly Energy,Standard letter,2751.45,Yes,Metropolitan,2025-02-08,0,,Delivered
P12571,Harbour Energy,Standard letter,819.03,Yes,Metropolitan,2025-02-06,0,,Delivered
P12572,Summit Energy,Redesigned letter,2186.78,No,Metropolitan,2025-02-09,0,,Delivered
P12573,Harbour Energy,Redesigned letter,728.01,No,Metropolitan,2025-02-10,0,,Delivered
P12574,Harbour Energy,Redesigned letter,488.99,No,Metropolitan,2025-02-12,0,,Delivered
P12575,Everly Energy,Standard letter,2163.71,Yes,Metropolitan,2025-02-06,1,11,Delivered
P12576,Harbour Energy,Standard letter,842.55,Yes,Metropolitan,2025-02-07,1,2,Delivered
P12577,Everly Energy,Standard letter,996.95,Yes,Regional,2025-02-14,0,,Delivered
P12578,Kestrel Power,Standard letter,1557.82,Yes,Metropolitan,2025-02-03,0,,Delivered
P12579,Solace Power,Redesigned letter,1671.12,Yes,Metropolitan,2025-02-08,0,,Delivered
P12580,Summit Energy,Redesigned letter,709.63,Yes,Regional,2025-02-05,0,,Delivered
P12581,Solace Power,Standard letter,1422.73,No,Metropolitan,2025-02-11,0,,Delivered
P12582,Everly Energy,Standard letter,1307.58,Yes,Metropolitan,2025-02-06,0,,Delivered
P12583,Kestrel Power,Standard letter,1601.22,No,Metropolitan,2025-02-04,0,,Delivered
P12584,Summit Energy,Redesigned letter,510.27,Yes,Metropolitan,2025-02-09,1,16,Delivered
P12585,Kestrel Power,Standard letter,267.5,No,Metropolitan,2025-02-06,0,,Delivered
P12586,Everly Energy,Redesigned letter,1091.2,No,Metropolitan,2025-02-06,0,,Delivered
P12587,Kestrel Power,Redesigned letter,1376.21,No,Metropolitan,2025-02-08,0,,Delivered
P12588,Solace Power,Standard letter,614.36,No,Metropolitan,2025-02-06,1,29,Delivered
P12589,Harbour Energy,Redesigned letter,694.69,No,Regional,2025-02-03,0,,Delivered
P12590,Kestrel Power,Standard letter,468.25,Yes,Metropolitan,2025-02-05,0,,Delivered
P12591,Harbour Energy,Standard letter,618.82,Yes,Regional,2025-02-06,0,,Delivered
P12592,Everly Energy,Standard letter,997.39,Yes,Metropolitan,2025-02-03,0,,Delivered
P12593,Lumen Energy,Redesigned letter,1932.06,No,Metropolitan,2025-02-10,0,,Delivered
P12594,Lumen Energy,Redesigned letter,593.92,No,Regional,2025-02-08,1,21,Delivered
P12595,Everly Energy,Redesigned letter,790.93,No,Metropolitan,2025-02-11,0,,Delivered
P12596,Summit Energy,Redesigned letter,825.71,No,Regional,2025-02-13,0,,Delivered
P12597,Everly Energy,Standard letter,367.93,Yes,Metropolitan,2025-02-03,0,,Delivered
P12598,Lumen Energy,Standard letter,1043.46,No,Metropolitan,2025-02-06,1,5,Delivered
P12599,Lumen Energy,Standard letter,528.01,No,Regional,2025-02-11,0,,Delivered
P12600,Lumen Energy,Redesigned letter,1240.62,No,Regional,2025-02-04,1,25,Delivered
P12601,Lumen Energy,Redesigned letter,599.7,No,Metropolitan,2025-02-08,1,17,Delivered
P12602,Harbour Energy,Standard letter,427.52,No,Metropolitan,2025-02-05,1,2,Delivered
P12603,Everly Energy,Redesigned letter,2349.02,No,Regional,2025-02-11,0,,Delivered
P12604,Harbour Energy,Redesigned letter,474.73,No,Metropolitan,2025-02-10,0,,Delivered
P12605,Everly Energy,Redesigned letter,2167.28,No,Metropolitan,2025-02-14,,,Returned undeliverable
P12606,Kestrel Power,Standard letter,2053.69,Yes,Metropolitan,2025-02-04,1,1,Delivered
P12607,Everly Energy,Redesigned letter,1556.72,No,Metropolitan,2025-02-08,1,24,Delivered
P12608,Solace Power,Standard letter,711.68,Yes,Regional,2025-02-12,0,,Delivered
P12609,Kestrel Power,Standard letter,1958.76,No,Metropolitan,2025-02-07,0,,Delivered
P12610,Kestrel Power,Standard letter,942.81,Yes,Metropolitan,2025-02-08,0,,Delivered
P12611,Everly Energy,Redesigned letter,804.12,No,Regional,2025-02-14,0,,Delivered
P12612,Solace Power,Standard letter,357.52,No,Metropolitan,2025-02-06,0,,Delivered
P12613,Solace Power,Standard letter,947.36,No,Metropolitan,2025-02-03,0,,Delivered
P12614,Harbour Energy,Redesigned letter,2278.13,No,Metropolitan,2025-02-12,0,,Delivered
P12615,Summit Energy,Standard letter,1509.92,No,Regional,2025-02-04,0,,Delivered
P12616,Harbour Energy,Redesigned letter,3005.12,No,Metropolitan,2025-02-04,1,28,Delivered
P12617,Everly Energy,Redesigned letter,1447.97,Yes,Metropolitan,2025-02-12,0,,Delivered
P12618,Harbour Energy,Redesigned letter,508.96,No,Metropolitan,2025-02-08,0,,Delivered
P12619,Everly Energy,Redesigned letter,1891.37,No,Metropolitan,2025-02-03,1,29,Delivered
P12620,Summit Energy,Standard letter,467.79,No,Regional,2025-02-06,0,,Delivered
P12621,Harbour Energy,Standard letter,909.46,No,Metropolitan,2025-02-11,0,,Delivered
P12622,Harbour Energy,Standard letter,489.58,No,Metropolitan,2025-02-05,0,,Delivered
P12623,Lumen Energy,Standard letter,577.01,Yes,Regional,2025-02-12,1,20,Delivered
P12624,Harbour Energy,Standard letter,1383.77,No,Metropolitan,2025-02-03,0,,Delivered
P12625,Everly Energy,Redesigned letter,904.69,Yes,Regional,2025-02-09,0,,Delivered
P12626,Everly Energy,Redesigned letter,785.78,No,Metropolitan,2025-02-13,0,,Delivered
P12627,Kestrel Power,Redesigned letter,575.21,No,Metropolitan,2025-02-13,0,,Delivered
P12628,Solace Power,Standard letter,755.22,No,Metropolitan,2025-02-09,0,,Delivered
P12629,Kestrel Power,Standard letter,550.19,Yes,Regional,2025-02-12,0,,Delivered
P12630,Everly Energy,Standard letter,1373.71,No,Metropolitan,2025-02-04,0,,Delivered
P12631,Everly Energy,Redesigned letter,1419.93,No,Metropolitan,2025-02-04,0,,Delivered
P12632,Harbour Energy,Redesigned letter,550.48,No,Regional,2025-02-07,0,,Delivered
P12633,Everly Energy,Redesigned letter,939.3,No,Regional,2025-02-11,0,,Delivered
P12634,Summit Energy,Standard letter,843.47,Yes,Metropolitan,2025-02-06,0,,Delivered
P12635,Harbour Energy,Standard letter,551.36,No,Metropolitan,2025-02-12,0,,Delivered
P12636,Harbour Energy,Redesigned letter,294.15,No,Regional,2025-02-12,0,,Delivered
P12637,Everly Energy,Redesigned letter,573.63,Yes,Regional,2025-02-05,1,4,Delivered
P12638,Harbour Energy,Standard letter,1046.29,No,Regional,2025-02-05,0,,Delivered
P12639,Summit Energy,Redesigned letter,958.73,No,Regional,2025-02-04,0,,Delivered
P12640,Harbour Energy,Standard letter,1553.85,Yes,Regional,2025-02-14,1,26,Delivered
P12641,Summit Energy,Redesigned letter,573.62,No,Regional,2025-02-09,0,,Delivered
P12642,Lumen Energy,Standard letter,1754.19,Yes,Metropolitan,2025-02-06,0,,Delivered
P12643,Everly Energy,Standard letter,955.44,Yes,Metropolitan,2025-02-13,0,,Delivered
P12644,Everly Energy,Redesigned letter,612.56,Yes,Metropolitan,2025-02-10,0,,Delivered
P12645,Harbour Energy,Redesigned letter,522.42,No,Metropolitan,2025-02-05,0,,Delivered
P12646,Lumen Energy,Standard letter,1295.47,No,Metropolitan,2025-02-03,1,18,Delivered
P12647,Everly Energy,Standard letter,965.75,No,Metropolitan,2025-02-04,0,,Delivered
P12648,Lumen Energy,Redesigned letter,745.86,No,Regional,2025-02-10,0,,Delivered
P12649,Everly Energy,Standard letter,604.7,Yes,Regional,2025-02-10,0,,Delivered
P12650,Summit Energy,Redesigned letter,855.71,No,Regional,2025-02-12,0,,Delivered
P12651,Everly Energy,Redesigned letter,580.17,No,Regional,2025-02-10,1,17,Delivered
P12652,Everly Energy,Standard letter,1247.27,No,Metropolitan,2025-02-12,0,,Delivered
P12653,Summit Energy,Standard letter,296.73,Yes,Metropolitan,2025-02-10,0,,Delivered
P12654,Summit Energy,Standard letter,1718.83,Yes,Regional,2025-02-04,0,,Delivered
P12655,Everly Energy,Redesigned letter,1145.52,No,Regional,2025-02-09,0,,Delivered
P12656,Kestrel Power,Standard letter,1215.4,No,Metropolitan,2025-02-06,1,28,Delivered
P12657,Summit Energy,Redesigned letter,926.12,Yes,Metropolitan,2025-02-14,0,,Delivered
P12658,Everly Energy,Standard letter,991.17,No,Regional,2025-02-06,0,,Delivered
P12659,Lumen Energy,Standard letter,495.7,No,Metropolitan,2025-02-03,0,,Delivered
P12660,Kestrel Power,Standard letter,852.82,No,Regional,2025-02-12,0,,Delivered
P12661,Everly Energy,Standard letter,530.68,No,Metropolitan,2025-02-09,0,,Delivered
P12662,Everly Energy,Redesigned letter,408.19,No,Metropolitan,2025-02-09,1,21,Delivered
P12663,Everly Energy,Redesigned letter,2203.27,Yes,Metropolitan,2025-02-04,0,,Delivered
P12664,Kestrel Power,Standard letter,1465.92,No,Regional,2025-02-03,1,22,Delivered
P12665,Harbour Energy,Standard letter,1175.75,Yes,Regional,2025-02-09,0,,Delivered
P12666,Everly Energy,Standard letter,1376.81,No,Regional,2025-02-08,0,,Delivered
P12667,Harbour Energy,Redesigned letter,263.71,Yes,Regional,2025-02-07,1,22,Delivered
P12668,Kestrel Power,Redesigned letter,900.3,No,Metropolitan,2025-02-03,1,18,Delivered
P12669,Everly Energy,Standard letter,909.78,No,Regional,2025-02-03,1,14,Delivered
P12670,Harbour Energy,Standard letter,1528.18,No,Metropolitan,2025-02-13,0,,Delivered
P12671,Harbour Energy,Standard letter,1008.75,No,Metropolitan,2025-02-06,0,,Delivered
P12672,Lumen Energy,Standard letter,1322.6,No,Regional,2025-02-09,0,,Delivered
P12673,Harbour Energy,Redesigned letter,921.82,No,Metropolitan,2025-02-05,0,,Delivered
P12674,Harbour Energy,Redesigned letter,484.03,Yes,Metropolitan,2025-02-08,1,15,Delivered
P12675,Summit Energy,Standard letter,678.77,Yes,Regional,2025-02-09,1,22,Delivered
P12676,Summit Energy,Standard letter,1353.05,No,Metropolitan,2025-02-10,0,,Delivered
P12677,Summit Energy,Standard letter,1236.34,No,Metropolitan,2025-02-06,0,,Delivered
P12678,Summit Energy,Redesigned letter,1304.86,Yes,Metropolitan,2025-02-04,1,5,Delivered
P12679,Kestrel Power,Redesigned letter,1002.67,No,Metropolitan,2025-02-04,1,22,Delivered
P12680,Everly Energy,Redesigned letter,2743.13,No,Regional,2025-02-06,0,,Delivered
P12681,Kestrel Power,Standard letter,546.59,No,Regional,2025-02-11,0,,Delivered
P12682,Everly Energy,Redesigned letter,1019.3,No,Metropolitan,2025-02-14,0,,Delivered
P12683,Summit Energy,Redesigned letter,444.29,Yes,Metropolitan,2025-02-11,0,,Delivered
P12684,Everly Energy,Standard letter,1083.94,Yes,Regional,2025-02-06,1,25,Delivered
P12685,Everly Energy,Standard letter,576.07,No,Regional,2025-02-14,0,,Delivered
P12686,Kestrel Power,Standard letter,688.37,No,Metropolitan,2025-02-07,1,27,Delivered
P12687,Everly Energy,Redesigned letter,215.6,Yes,Regional,2025-02-10,0,,Delivered
P12688,Solace Power,Redesigned letter,825.9,Yes,Metropolitan,2025-02-05,0,,Delivered
P12689,Kestrel Power,Redesigned letter,649.99,No,Metropolitan,2025-02-07,1,4,Delivered
P12690,Everly Energy,Redesigned letter,1375.69,No,Regional,2025-02-03,0,,Delivered
P12691,Everly Energy,Standard letter,269.15,No,Metropolitan,2025-02-13,0,,Delivered
P12692,Harbour Energy,Redesigned letter,1276.66,No,Metropolitan,2025-02-08,0,,Delivered
P12693,Everly Energy,Redesigned letter,663.22,No,Regional,2025-02-12,0,,Delivered
P12694,Harbour Energy,Redesigned letter,1151.69,No,Metropolitan,2025-02-13,0,,Delivered
P12695,Everly Energy,Standard letter,2513.88,No,Regional,2025-02-13,0,,Delivered
P12696,Summit Energy,Redesigned letter,734.7,No,Regional,2025-02-07,0,,Delivered
P12697,Solace Power,Redesigned letter,825.74,Yes,Metropolitan,2025-02-14,0,,Delivered
P12698,Everly Energy,Standard letter,988.71,No,Metropolitan,2025-02-10,0,,Delivered
P12699,Everly Energy,Redesigned letter,1152.19,Yes,Metropolitan,2025-02-06,1,22,Delivered
P12700,Everly Energy,Redesigned letter,1054.66,No,Regional,2025-02-07,0,,Delivered
P12701,Everly Energy,Redesigned letter,1864.46,No,Metropolitan,2025-02-13,0,,Delivered
P12702,Harbour Energy,Standard letter,1600.51,Yes,Metropolitan,2025-02-11,0,,Delivered
P12703,Harbour Energy,Standard letter,299.07,No,Metropolitan,2025-02-14,0,,Delivered
P12704,Everly Energy,Standard letter,2645.76,Yes,Regional,2025-02-03,0,,Delivered
P12705,Summit Energy,Redesigned letter,1698.22,No,Regional,2025-02-08,0,,Delivered
P12706,Harbour Energy,Standard letter,2145.96,No,Metropolitan,2025-02-09,1,6,Delivered
P12707,Everly Energy,Redesigned letter,457.46,No,Metropolitan,2025-02-03,,,Returned undeliverable
P12708,Harbour Energy,Standard letter,1055.1,No,Metropolitan,2025-02-10,0,,Delivered
P12709,Harbour Energy,Standard letter,1390.12,No,Regional,2025-02-13,0,,Delivered
P12710,Kestrel Power,Standard letter,498.22,Yes,Metropolitan,2025-02-03,0,,Delivered
P12711,Everly Energy,Standard letter,1240.94,No,Regional,2025-02-08,0,,Delivered
P12712,Everly Energy,Redesigned letter,741.67,No,Metropolitan,2025-02-09,1,6,Delivered
P12713,Harbour Energy,Standard letter,1080.75,No,Regional,2025-02-12,0,,Delivered
P12714,Everly Energy,Standard letter,1994.8,No,Regional,2025-02-13,0,,Delivered
P12715,Summit Energy,Standard letter,667.11,No,Metropolitan,2025-02-04,0,,Delivered
P12716,Harbour Energy,Standard letter,694.48,Yes,Metropolitan,2025-02-08,0,,Delivered
P12717,Harbour Energy,Standard letter,2960.79,No,Metropolitan,2025-02-03,1,15,Delivered
P12718,Harbour Energy,Standard letter,2668.09,No,Metropolitan,2025-02-05,1,2,Delivered
P12719,Kestrel Power,Redesigned letter,641.01,Yes,Regional,2025-02-13,0,,Delivered
P12720,Summit Energy,Redesigned letter,758.39,No,Regional,2025-02-04,1,25,Delivered
P12721,Everly Energy,Redesigned letter,662.13,No,Metropolitan,2025-02-09,0,,Delivered
P12722,Summit Energy,Redesigned letter,410.55,Yes,Metropolitan,2025-02-14,0,,Delivered
P12723,Lumen Energy,Standard letter,661.7,No,Metropolitan,2025-02-13,0,,Delivered
P12724,Harbour Energy,Redesigned letter,582.71,Yes,Metropolitan,2025-02-04,0,,Delivered
P12725,Everly Energy,Redesigned letter,327.82,No,Metropolitan,2025-02-14,0,,Delivered
P12726,Everly Energy,Standard letter,466.37,No,Regional,2025-02-06,0,,Delivered
P12727,Solace Power,Redesigned letter,369.39,No,Metropolitan,2025-02-03,0,,Delivered
P12728,Lumen Energy,Redesigned letter,815.15,Yes,Regional,2025-02-04,0,,Delivered
P12729,Everly Energy,Standard letter,492.47,No,Regional,2025-02-09,0,,Delivered
P12730,Summit Energy,Standard letter,546.87,No,Metropolitan,2025-02-12,0,,Delivered
P12731,Everly Energy,Standard letter,724.01,No,Metropolitan,2025-02-08,,,Returned undeliverable
P12732,Kestrel Power,Redesigned letter,1527.7,No,Metropolitan,2025-02-09,0,,Delivered
P12733,Summit Energy,Standard letter,801.03,No,Metropolitan,2025-02-10,0,,Delivered
P12734,Everly Energy,Redesigned letter,404.86,No,Metropolitan,2025-02-14,0,,Delivered
P12735,Harbour Energy,Standard letter,1092.05,No,Metropolitan,2025-02-05,0,,Delivered
P12736,Harbour Energy,Standard letter,354.4,No,Metropolitan,2025-02-14,0,,Delivered
P12737,Everly Energy,Standard letter,361.03,No,Regional,2025-02-09,0,,Delivered
P12738,Kestrel Power,Redesigned letter,2397.72,No,Metropolitan,2025-02-13,0,,Delivered
P12739,Everly Energy,Standard letter,533.4,No,Regional,2025-02-05,0,,Delivered
P12740,Summit Energy,Standard letter,1762.18,No,Regional,2025-02-09,0,,Delivered
P12741,Everly Energy,Redesigned letter,1286.04,No,Metropolitan,2025-02-10,1,19,Delivered
P12742,Everly Energy,Redesigned letter,531.49,No,Metropolitan,2025-02-04,0,,Delivered
P12743,Summit Energy,Standard letter,887.16,No,Metropolitan,2025-02-05,0,,Delivered
P12744,Everly Energy,Standard letter,317.71,No,Metropolitan,2025-02-03,1,27,Delivered
P12745,Summit Energy,Standard letter,441.52,No,Metropolitan,2025-02-05,0,,Delivered
P12746,Kestrel Power,Standard letter,1709.16,Yes,Regional,2025-02-03,0,,Delivered
P12747,Everly Energy,Redesigned letter,2078.41,Yes,Metropolitan,2025-02-09,0,,Delivered
P12748,Solace Power,Redesigned letter,466.41,No,Metropolitan,2025-02-07,0,,Delivered
P12749,Summit Energy,Redesigned letter,271.98,No,Metropolitan,2025-02-13,0,,Delivered
P12750,Kestrel Power,Standard letter,725.83,No,Metropolitan,2025-02-11,0,,Delivered
P12751,Everly Energy,Standard letter,298.86,No,Regional,2025-02-06,0,,Delivered
P12752,Everly Energy,Redesigned letter,551.71,Yes,Metropolitan,2025-02-12,0,,Delivered
P12753,Lumen Energy,Redesigned letter,498.19,No,Metropolitan,2025-02-05,0,,Delivered
P12754,Everly Energy,Redesigned letter,451.72,No,Metropolitan,2025-02-14,1,29,Delivered
P12755,Everly Energy,Standard letter,1055.32,No,Metropolitan,2025-02-05,0,,Delivered
P12756,Summit Energy,Redesigned letter,660.92,No,Metropolitan,2025-02-14,0,,Delivered
P12757,Harbour Energy,Standard letter,1602.03,Yes,Regional,2025-02-12,1,4,Delivered
P12758,Harbour Energy,Standard letter,583.4,Yes,Metropolitan,2025-02-07,0,,Delivered
P12759,Summit Energy,Standard letter,983.7,Yes,Metropolitan,2025-02-07,0,,Delivered
P12760,Everly Energy,Redesigned letter,1222.39,No,Regional,2025-02-04,1,29,Delivered
P12761,Harbour Energy,Standard letter,658.96,Yes,Metropolitan,2025-02-13,1,23,Delivered
P12762,Harbour Energy,Standard letter,553.41,No,Metropolitan,2025-02-10,0,,Delivered
P12763,Solace Power,Redesigned letter,1331.31,No,Regional,2025-02-03,1,14,Delivered
P12764,Harbour Energy,Redesigned letter,1609.64,No,Metropolitan,2025-02-06,0,,Delivered
P12765,Harbour Energy,Redesigned letter,2141.01,No,Metropolitan,2025-02-10,1,11,Delivered
P12766,Everly Energy,Standard letter,3164.34,No,Regional,2025-02-04,1,8,Delivered
P12767,Lumen Energy,Standard letter,1222.1,No,Metropolitan,2025-02-05,0,,Delivered
P12768,Harbour Energy,Standard letter,683.21,No,Regional,2025-02-05,1,9,Delivered
P12769,Everly Energy,Standard letter,1132.93,No,Regional,2025-02-12,0,,Delivered
P12770,Harbour Energy,Standard letter,2332.21,No,Regional,2025-02-13,0,,Delivered
P12771,Everly Energy,Redesigned letter,1023.48,No,Metropolitan,2025-02-04,1,30,Delivered
P12772,Harbour Energy,Standard letter,846.39,No,Metropolitan,2025-02-08,0,,Delivered
P12773,Everly Energy,Standard letter,361.5,No,Metropolitan,2025-02-05,0,,Delivered
P12774,Everly Energy,Standard letter,241.68,Yes,Metropolitan,2025-02-06,1,3,Delivered
P12775,Everly Energy,Standard letter,508.76,No,Regional,2025-02-13,0,,Delivered
P12776,Everly Energy,Standard letter,1896.8,No,Metropolitan,2025-02-09,1,30,Delivered
P12777,Harbour Energy,Standard letter,436.55,No,Regional,2025-02-08,0,,Delivered
P12778,Kestrel Power,Standard letter,1147.96,Yes,Metropolitan,2025-02-05,1,28,Delivered
P12779,Summit Energy,Standard letter,408.31,No,Metropolitan,2025-02-11,0,,Delivered
P12780,Harbour Energy,Standard letter,157.36,Yes,Metropolitan,2025-02-06,0,,Delivered
P12781,Everly Energy,Standard letter,1945.63,No,Regional,2025-02-13,0,,Delivered
P12782,Kestrel Power,Redesigned letter,289.05,Yes,Metropolitan,2025-02-04,0,,Delivered
P12783,Everly Energy,Redesigned letter,1017.73,No,Metropolitan,2025-02-07,0,,Delivered
P12784,Summit Energy,Standard letter,418.36,Yes,Metropolitan,2025-02-13,0,,Delivered
P12785,Lumen Energy,Redesigned letter,945.0,No,Regional,2025-02-05,0,,Delivered
P12786,Summit Energy,Redesigned letter,1566.0,No,Metropolitan,2025-02-03,0,,Delivered
P12787,Harbour Energy,Redesigned letter,836.0,No,Metropolitan,2025-02-06,0,,Delivered
P12788,Everly Energy,Redesigned letter,878.53,No,Regional,2025-02-10,0,,Delivered
P12789,Everly Energy,Standard letter,768.02,No,Metropolitan,2025-02-14,0,,Delivered
P12790,Harbour Energy,Redesigned letter,688.9,No,Regional,2025-02-06,0,,Delivered
P12791,Lumen Energy,Standard letter,601.96,Yes,Regional,2025-02-04,0,,Delivered
P12792,Harbour Energy,Standard letter,1591.27,Yes,Regional,2025-02-06,0,,Delivered
P12793,Everly Energy,Standard letter,398.39,No,Metropolitan,2025-02-08,0,,Delivered
P12794,Harbour Energy,Redesigned letter,2326.81,Yes,Regional,2025-02-10,0,,Delivered
P12795,Everly Energy,Redesigned letter,637.88,No,Regional,2025-02-12,1,28,Delivered
P12796,Harbour Energy,Standard letter,679.45,No,Metropolitan,2025-02-14,0,,Delivered
P12797,Lumen Energy,Redesigned letter,659.78,No,Regional,2025-02-07,1,29,Delivered
P12798,Harbour Energy,Redesigned letter,560.45,Yes,Regional,2025-02-10,1,16,Delivered
P12799,Summit Energy,Standard letter,4348.83,Yes,Regional,2025-02-07,1,18,Delivered
P12800,Solace Power,Standard letter,1383.08,Yes,Regional,2025-02-09,0,,Delivered
P12801,Harbour Energy,Standard letter,490.21,No,Metropolitan,2025-02-10,0,,Delivered
P12802,Harbour Energy,Redesigned letter,706.62,No,Regional,2025-02-13,0,,Delivered
P12803,Everly Energy,Redesigned letter,777.27,No,Metropolitan,2025-02-07,0,,Delivered
P12804,Lumen Energy,Redesigned letter,962.24,No,Regional,2025-02-07,0,,Delivered
P12805,Everly Energy,Standard letter,1086.81,Yes,Regional,2025-02-06,0,,Delivered
P12806,Harbour Energy,Redesigned letter,1276.32,Yes,Metropolitan,2025-02-06,0,,Delivered
P12807,Kestrel Power,Redesigned letter,878.15,No,Regional,2025-02-05,1,14,Delivered
P12808,Everly Energy,Standard letter,579.67,Yes,Regional,2025-02-07,0,,Delivered
P12809,Harbour Energy,Standard letter,772.78,No,Metropolitan,2025-02-03,1,7,Delivered
P12810,Kestrel Power,Standard letter,468.01,Yes,Metropolitan,2025-02-08,0,,Delivered
P12811,Harbour Energy,Redesigned letter,880.2,No,Metropolitan,2025-02-11,0,,Delivered
P12812,Summit Energy,Redesigned letter,846.97,No,Regional,2025-02-04,1,21,Delivered
P12813,Harbour Energy,Redesigned letter,668.74,No,Metropolitan,2025-02-05,0,,Delivered
P12814,Solace Power,Redesigned letter,1053.53,No,Metropolitan,2025-02-10,1,9,Delivered
P12815,Harbour Energy,Standard letter,1264.36,Yes,Regional,2025-02-14,0,,Delivered
P12816,Lumen Energy,Redesigned letter,1960.73,No,Regional,2025-02-09,0,,Delivered
P12817,Harbour Energy,Standard letter,537.75,No,Metropolitan,2025-02-12,0,,Delivered
P12818,Everly Energy,Redesigned letter,633.15,Yes,Metropolitan,2025-02-09,0,,Delivered
P12819,Everly Energy,Standard letter,444.27,No,Metropolitan,2025-02-14,1,1,Delivered
P12820,Harbour Energy,Standard letter,1186.78,Yes,Regional,2025-02-09,0,,Delivered
P12821,Everly Energy,Standard letter,780.61,No,Metropolitan,2025-02-07,0,,Delivered
P12822,Harbour Energy,Standard letter,591.6,No,Metropolitan,2025-02-08,0,,Delivered
P12823,Everly Energy,Standard letter,1292.75,No,Regional,2025-02-05,0,,Delivered
P12824,Everly Energy,Redesigned letter,1313.39,No,Metropolitan,2025-02-12,1,30,Delivered
P12825,Kestrel Power,Standard letter,1342.42,No,Metropolitan,2025-02-12,1,30,Delivered
P12826,Everly Energy,Redesigned letter,745.74,No,Regional,2025-02-04,0,,Delivered
P12827,Summit Energy,Standard letter,396.71,No,Regional,2025-02-06,0,,Delivered
P12828,Solace Power,Standard letter,417.52,No,Metropolitan,2025-02-05,0,,Delivered
P12829,Everly Energy,Standard letter,794.32,No,Metropolitan,2025-02-03,0,,Delivered
P12830,Harbour Energy,Standard letter,1118.59,No,Regional,2025-02-04,1,3,Delivered
P12831,Kestrel Power,Standard letter,1570.93,No,Metropolitan,2025-02-06,0,,Delivered
P12832,Harbour Energy,Standard letter,1112.62,No,Metropolitan,2025-02-06,1,15,Delivered
P12833,Everly Energy,Standard letter,839.01,No,Metropolitan,2025-02-09,,,Returned undeliverable
P12834,Everly Energy,Redesigned letter,505.08,No,Regional,2025-02-14,0,,Delivered
P12835,Summit Energy,Redesigned letter,1472.09,No,Regional,2025-02-11,1,6,Delivered
P12836,Harbour Energy,Standard letter,786.81,No,Metropolitan,2025-02-05,0,,Delivered
P12837,Harbour Energy,Standard letter,978.13,No,Regional,2025-02-14,0,,Delivered
P12838,Summit Energy,Redesigned letter,431.4,No,Metropolitan,2025-02-13,0,,Delivered
P12839,Lumen Energy,Standard letter,287.3,No,Regional,2025-02-13,0,,Delivered
P12840,Solace Power,Redesigned letter,978.82,Yes,Regional,2025-02-13,0,,Delivered
P12841,Summit Energy,Redesigned letter,1383.87,Yes,Metropolitan,2025-02-12,0,,Delivered
P12842,Harbour Energy,Redesigned letter,919.69,No,Metropolitan,2025-02-10,0,,Delivered
P12843,Everly Energy,Redesigned letter,2471.25,No,Metropolitan,2025-02-12,0,,Delivered
P12844,Harbour Energy,Standard letter,1106.84,No,Metropolitan,2025-02-11,0,,Delivered
P12845,Everly Energy,Redesigned letter,352.98,No,Regional,2025-02-07,0,,Delivered
P12846,Summit Energy,Standard letter,1934.29,No,Metropolitan,2025-02-14,0,,Delivered
P12847,Everly Energy,Standard letter,585.69,No,Metropolitan,2025-02-06,1,6,Delivered
P12848,Lumen Energy,Redesigned letter,941.18,No,Metropolitan,2025-02-14,0,,Delivered
P12849,Kestrel Power,Standard letter,560.19,No,Regional,2025-02-11,0,,Delivered
P12850,Harbour Energy,Redesigned letter,1258.85,No,Metropolitan,2025-02-12,0,,Delivered
P12851,Solace Power,Standard letter,827.93,Yes,Metropolitan,2025-02-03,0,,Delivered
P12852,Lumen Energy,Redesigned letter,398.97,No,Regional,2025-02-04,1,18,Delivered
P12853,Everly Energy,Redesigned letter,1343.11,No,Metropolitan,2025-02-10,0,,Delivered
P12854,Solace Power,Standard letter,1699.69,Yes,Regional,2025-02-09,0,,Delivered
P12855,Lumen Energy,Standard letter,569.38,No,Metropolitan,2025-02-05,0,,Delivered
P12856,Harbour Energy,Standard letter,313.88,No,Metropolitan,2025-02-05,1,29,Delivered
P12857,Lumen Energy,Standard letter,1026.78,No,Metropolitan,2025-02-12,0,,Delivered
P12858,Everly Energy,Standard letter,756.92,No,Regional,2025-02-13,1,19,Delivered
P12859,Harbour Energy,Standard letter,670.53,No,Metropolitan,2025-02-05,0,,Delivered
P12860,Kestrel Power,Standard letter,495.09,No,Metropolitan,2025-02-03,0,,Delivered
P12861,Harbour Energy,Redesigned letter,477.46,No,Regional,2025-02-05,0,,Delivered
P12862,Harbour Energy,Standard letter,1789.1,No,Metropolitan,2025-02-14,0,,Delivered
P12863,Lumen Energy,Standard letter,705.48,No,Metropolitan,2025-02-07,0,,Delivered
P12864,Summit Energy,Redesigned letter,638.49,No,Metropolitan,2025-02-08,0,,Delivered
P12865,Summit Energy,Standard letter,1195.06,Yes,Metropolitan,2025-02-05,1,25,Delivered
P12866,Summit Energy,Redesigned letter,709.46,Yes,Regional,2025-02-09,1,28,Delivered
P12867,Everly Energy,Redesigned letter,741.17,No,Metropolitan,2025-02-12,0,,Delivered
P12868,Kestrel Power,Redesigned letter,934.32,Yes,Metropolitan,2025-02-06,0,,Delivered
P12869,Harbour Energy,Standard letter,784.84,Yes,Regional,2025-02-10,0,,Delivered
P12870,Everly Energy,Redesigned letter,1096.02,Yes,Metropolitan,2025-02-11,0,,Delivered
P12871,Everly Energy,Redesigned letter,456.31,Yes,Regional,2025-02-14,,,Returned undeliverable
P12872,Summit Energy,Standard letter,712.45,No,Metropolitan,2025-02-14,1,28,Delivered
P12873,Everly Energy,Standard letter,958.95,No,Metropolitan,2025-02-11,0,,Delivered
P12874,Everly Energy,Standard letter,751.95,Yes,Regional,2025-02-04,0,,Delivered
P12875,Harbour Energy,Redesigned letter,827.05,No,Regional,2025-02-04,0,,Delivered
P12876,Solace Power,Standard letter,2375.16,Yes,Metropolitan,2025-02-05,0,,Delivered
P12877,Harbour Energy,Standard letter,549.85,No,Regional,2025-02-14,1,14,Delivered
P12878,Everly Energy,Redesigned letter,437.34,No,Metropolitan,2025-02-04,0,,Delivered
P12879,Kestrel Power,Standard letter,649.34,No,Metropolitan,2025-02-04,0,,Delivered
P12880,Summit Energy,Redesigned letter,1014.29,No,Metropolitan,2025-02-04,1,15,Delivered
P12881,Everly Energy,Redesigned letter,2075.28,No,Regional,2025-02-13,0,,Delivered
P12882,Kestrel Power,Standard letter,559.2,No,Metropolitan,2025-02-07,0,,Delivered
P12883,Harbour Energy,Standard letter,1888.66,No,Metropolitan,2025-02-06,0,,Delivered
P12884,Everly Energy,Standard letter,1532.06,No,Metropolitan,2025-02-12,0,,Delivered
P12885,Everly Energy,Redesigned letter,793.72,No,Regional,2025-02-03,1,7,Delivered
P12886,Everly Energy,Standard letter,448.79,No,Regional,2025-02-07,0,,Delivered
P12887,Summit Energy,Redesigned letter,957.73,No,Metropolitan,2025-02-03,1,22,Delivered
P12888,Harbour Energy,Redesigned letter,903.37,No,Regional,2025-02-10,0,,Delivered
P12889,Everly Energy,Standard letter,1381.17,No,Metropolitan,2025-02-12,0,,Delivered
P12890,Summit Energy,Standard letter,2696.37,No,Metropolitan,2025-02-07,0,,Delivered
P12891,Harbour Energy,Standard letter,548.23,Yes,Metropolitan,2025-02-06,0,,Delivered
P12892,Harbour Energy,Redesigned letter,2143.8,No,Metropolitan,2025-02-12,0,,Delivered
P12893,Summit Energy,Standard letter,698.46,No,Metropolitan,2025-02-14,0,,Delivered
P12894,Kestrel Power,Standard letter,356.26,No,Metropolitan,2025-02-13,0,,Delivered
P12895,Everly Energy,Redesigned letter,1321.04,No,Regional,2025-02-11,0,,Delivered
P12896,Harbour Energy,Standard letter,2932.32,No,Metropolitan,2025-02-09,1,8,Delivered
P12897,Everly Energy,Redesigned letter,560.27,Yes,Metropolitan,2025-02-12,0,,Delivered
P12898,Harbour Energy,Redesigned letter,717.53,No,Regional,2025-02-14,1,21,Delivered
P12899,Everly Energy,Standard letter,593.17,No,Metropolitan,2025-02-08,1,25,Delivered
P12900,Everly Energy,Redesigned letter,536.86,No,Metropolitan,2025-02-10,1,21,Delivered
P12901,Kestrel Power,Redesigned letter,569.01,No,Regional,2025-02-03,0,,Delivered
P12902,Everly Energy,Redesigned letter,2629.25,No,Regional,2025-02-06,0,,Delivered
P12903,Lumen Energy,Standard letter,753.79,Yes,Metropolitan,2025-02-09,0,,Delivered
P12904,Harbour Energy,Redesigned letter,1081.77,No,Metropolitan,2025-02-09,1,3,Delivered
P12905,Kestrel Power,Standard letter,429.83,No,Metropolitan,2025-02-05,0,,Delivered
P12906,Harbour Energy,Standard letter,810.56,Yes,Metropolitan,2025-02-07,0,,Delivered
P12907,Harbour Energy,Standard letter,1882.17,No,Metropolitan,2025-02-07,0,,Delivered
P12908,Harbour Energy,Redesigned letter,855.16,No,Metropolitan,2025-02-05,0,,Delivered
P12909,Harbour Energy,Standard letter,261.1,No,Metropolitan,2025-02-04,1,24,Delivered
P12910,Summit Energy,Redesigned letter,1497.33,Yes,Metropolitan,2025-02-08,0,,Delivered
P12911,Summit Energy,Redesigned letter,651.44,No,Regional,2025-02-11,1,23,Delivered
P12912,Harbour Energy,Standard letter,492.64,No,Metropolitan,2025-02-04,0,,Delivered
P12913,Everly Energy,Standard letter,525.15,No,Regional,2025-02-08,0,,Delivered
P12914,Harbour Energy,Redesigned letter,555.55,No,Metropolitan,2025-02-10,0,,Delivered
P12915,Kestrel Power,Redesigned letter,560.93,No,Regional,2025-02-03,1,8,Delivered
P12916,Everly Energy,Redesigned letter,425.1,Yes,Regional,2025-02-08,0,,Delivered
P12917,Solace Power,Redesigned letter,1522.79,No,Metropolitan,2025-02-05,0,,Delivered
P12918,Everly Energy,Standard letter,1212.67,No,Regional,2025-02-13,0,,Delivered
P12919,Lumen Energy,Redesigned letter,339.09,No,Metropolitan,2025-02-03,0,,Delivered
P12920,Everly Energy,Redesigned letter,385.14,No,Regional,2025-02-09,0,,Delivered
P12921,Lumen Energy,Redesigned letter,613.89,Yes,Metropolitan,2025-02-11,1,1,Delivered
P12922,Lumen Energy,Standard letter,1572.59,Yes,Metropolitan,2025-02-13,0,,Delivered
P12923,Summit Energy,Redesigned letter,683.7,No,Metropolitan,2025-02-04,0,,Delivered
P12924,Solace Power,Redesigned letter,828.04,No,Regional,2025-02-09,0,,Delivered
P12925,Everly Energy,Standard letter,1015.0,No,Metropolitan,2025-02-07,0,,Delivered
P12926,Everly Energy,Standard letter,921.93,No,Regional,2025-02-12,0,,Delivered
P12927,Kestrel Power,Redesigned letter,663.69,No,Metropolitan,2025-02-04,0,,Delivered
P12928,Everly Energy,Redesigned letter,1399.23,No,Metropolitan,2025-02-06,0,,Delivered
P12929,Summit Energy,Redesigned letter,837.76,Yes,Metropolitan,2025-02-06,1,1,Delivered
P12930,Everly Energy,Standard letter,1587.47,No,Regional,2025-02-14,0,,Delivered
P12931,Harbour Energy,Standard letter,659.99,No,Regional,2025-02-08,0,,Delivered
P12932,Everly Energy,Redesigned letter,1506.56,No,Metropolitan,2025-02-06,0,,Delivered
P12933,Kestrel Power,Redesigned letter,359.41,Yes,Metropolitan,2025-02-13,1,28,Delivered
P12934,Harbour Energy,Redesigned letter,1003.23,No,Regional,2025-02-05,0,,Delivered
P12935,Harbour Energy,Standard letter,658.45,No,Regional,2025-02-05,0,,Delivered
P12936,Harbour Energy,Standard letter,590.01,No,Metropolitan,2025-02-08,0,,Delivered
P12937,Summit Energy,Standard letter,785.15,No,Regional,2025-02-12,1,14,Delivered
P12938,Summit Energy,Standard letter,1514.85,No,Metropolitan,2025-02-12,0,,Delivered
P12939,Kestrel Power,Redesigned letter,671.75,No,Metropolitan,2025-02-05,0,,Delivered
P12940,Harbour Energy,Standard letter,753.92,No,Metropolitan,2025-02-06,1,10,Delivered
P12941,Solace Power,Standard letter,675.92,No,Metropolitan,2025-02-11,0,,Delivered
P12942,Kestrel Power,Standard letter,917.58,No,Regional,2025-02-10,0,,Delivered
P12943,Harbour Energy,Redesigned letter,1056.03,Yes,Regional,2025-02-13,1,2,Delivered
P12944,Summit Energy,Redesigned letter,1503.16,No,Regional,2025-02-05,0,,Delivered
P12945,Everly Energy,Standard letter,1290.74,No,Metropolitan,2025-02-04,0,,Delivered
P12946,Everly Energy,Standard letter,346.77,No,Metropolitan,2025-02-09,,,Returned undeliverable
P12947,Harbour Energy,Standard letter,2160.49,No,Metropolitan,2025-02-05,0,,Delivered
P12948,Harbour Energy,Standard letter,479.11,No,Regional,2025-02-08,1,2,Delivered
P12949,Harbour Energy,Redesigned letter,316.05,No,Metropolitan,2025-02-07,1,5,Delivered
P12950,Everly Energy,Redesigned letter,958.82,No,Metropolitan,2025-02-14,0,,Delivered
P12951,Lumen Energy,Standard letter,1078.53,No,Metropolitan,2025-02-13,0,,Delivered
P12952,Everly Energy,Standard letter,331.99,Yes,Metropolitan,2025-02-05,0,,Delivered
P12953,Everly Energy,Standard letter,529.42,Yes,Metropolitan,2025-02-04,0,,Delivered
P12954,Summit Energy,Standard letter,1000.36,No,Metropolitan,2025-02-09,0,,Delivered
P12955,Lumen Energy,Redesigned letter,231.49,No,Metropolitan,2025-02-13,0,,Delivered
P12956,Solace Power,Redesigned letter,2968.53,No,Metropolitan,2025-02-13,0,,Delivered
P12957,Summit Energy,Standard letter,1342.18,No,Metropolitan,2025-02-13,0,,Delivered
P12958,Harbour Energy,Redesigned letter,1065.16,No,Metropolitan,2025-02-11,1,16,Delivered
P12959,Harbour Energy,Standard letter,765.18,No,Metropolitan,2025-02-08,0,,Delivered
P12960,Harbour Energy,Redesigned letter,923.74,No,Metropolitan,2025-02-03,0,,Delivered
P12961,Lumen Energy,Standard letter,1546.93,Yes,Regional,2025-02-11,0,,Delivered
P12962,Everly Energy,Redesigned letter,1666.11,No,Metropolitan,2025-02-12,0,,Delivered
P12963,Everly Energy,Redesigned letter,1488.24,No,Metropolitan,2025-02-09,0,,Delivered
P12964,Everly Energy,Standard letter,791.95,No,Metropolitan,2025-02-13,0,,Delivered
P12965,Harbour Energy,Redesigned letter,585.86,Yes,Regional,2025-02-04,0,,Delivered
P12966,Solace Power,Redesigned letter,1217.11,No,Regional,2025-02-03,1,10,Delivered
P12967,Kestrel Power,Redesigned letter,1288.84,No,Regional,2025-02-09,0,,Delivered
P12968,Harbour Energy,Standard letter,557.27,No,Metropolitan,2025-02-04,0,,Delivered
P12969,Lumen Energy,Standard letter,344.66,No,Metropolitan,2025-02-13,0,,Delivered
P12970,Kestrel Power,Standard letter,1292.2,No,Regional,2025-02-13,0,,Delivered
P12971,Harbour Energy,Redesigned letter,1129.66,No,Metropolitan,2025-02-12,1,23,Delivered
P12972,Everly Energy,Standard letter,765.64,No,Metropolitan,2025-02-09,0,,Delivered
P12973,Everly Energy,Standard letter,369.24,No,Regional,2025-02-12,0,,Delivered
P12974,Everly Energy,Redesigned letter,2362.59,No,Metropolitan,2025-02-07,0,,Delivered
P12975,Harbour Energy,Redesigned letter,1064.65,No,Metropolitan,2025-02-14,1,13,Delivered
P12976,Everly Energy,Standard letter,221.09,No,Metropolitan,2025-02-10,0,,Delivered
P12977,Harbour Energy,Standard letter,1922.62,No,Metropolitan,2025-02-13,0,,Delivered
P12978,Everly Energy,Standard letter,674.77,Yes,Regional,2025-02-14,0,,Delivered
P12979,Harbour Energy,Standard letter,2205.24,No,Metropolitan,2025-02-09,1,21,Delivered
P12980,Harbour Energy,Redesigned letter,785.76,No,Metropolitan,2025-02-09,0,,Delivered
P12981,Kestrel Power,Redesigned letter,597.49,No,Metropolitan,2025-02-08,0,,Delivered
P12982,Everly Energy,Redesigned letter,434.24,No,Regional,2025-02-11,0,,Delivered
P12983,Harbour Energy,Standard letter,953.17,No,Metropolitan,2025-02-14,1,9,Delivered
P12984,Summit Energy,Redesigned letter,1443.05,No,Metropolitan,2025-02-05,0,,Delivered
P12985,Summit Energy,Standard letter,1080.27,No,Metropolitan,2025-02-06,0,,Delivered
P12986,Kestrel Power,Standard letter,534.75,Yes,Regional,2025-02-07,0,,Delivered
P12987,Lumen Energy,Redesigned letter,483.37,No,Regional,2025-02-05,1,17,Delivered
P12988,Kestrel Power,Standard letter,793.09,No,Metropolitan,2025-02-06,0,,Delivered
P12989,Kestrel Power,Standard letter,859.6,No,Metropolitan,2025-02-10,0,,Delivered
P12990,Summit Energy,Standard letter,1319.9,No,Metropolitan,2025-02-04,0,,Delivered
P12991,Harbour Energy,Redesigned letter,525.8,No,Regional,2025-02-12,0,,Delivered
P12992,Summit Energy,Redesigned letter,648.7,No,Metropolitan,2025-02-09,0,,Delivered
P12993,Summit Energy,Standard letter,358.65,No,Regional,2025-02-14,0,,Delivered
P12994,Solace Power,Standard letter,780.51,No,Metropolitan,2025-02-07,0,,Delivered
P12995,Summit Energy,Standard letter,771.34,No,Metropolitan,2025-02-05,0,,Delivered
P12996,Kestrel Power,Standard letter,713.48,Yes,Metropolitan,2025-02-03,0,,Delivered
P12997,Solace Power,Redesigned letter,1674.02,No,Regional,2025-02-13,1,27,Delivered
P12998,Everly Energy,Standard letter,804.71,No,Metropolitan,2025-02-04,0,,Delivered
P12999,Everly Energy,Standard letter,2163.41,No,Metropolitan,2025-02-03,0,,Delivered
P13000,Everly Energy,Standard letter,623.69,No,Regional,2025-02-07,1,8,Delivered
P13001,Everly Energy,Redesigned letter,1467.2,Yes,Metropolitan,2025-02-11,0,,Delivered
P13002,Everly Energy,Redesigned letter,930.04,Yes,Metropolitan,2025-02-08,1,9,Delivered
P13003,Harbour Energy,Redesigned letter,1674.98,No,Regional,2025-02-11,1,5,Delivered
P13004,Harbour Energy,Redesigned letter,1455.34,No,Regional,2025-02-09,0,,Delivered
P13005,Everly Energy,Standard letter,772.45,No,Metropolitan,2025-02-09,1,12,Delivered
P13006,Harbour Energy,Redesigned letter,346.19,No,Metropolitan,2025-02-09,0,,Delivered
P13007,Summit Energy,Redesigned letter,1053.37,No,Metropolitan,2025-02-05,0,,Delivered
P13008,Solace Power,Standard letter,1115.71,No,Regional,2025-02-14,0,,Delivered
P13009,Everly Energy,Standard letter,857.7,No,Regional,2025-02-10,0,,Delivered
P13010,Harbour Energy,Redesigned letter,1151.84,Yes,Regional,2025-02-03,0,,Delivered
P13011,Kestrel Power,Standard letter,653.97,Yes,Metropolitan,2025-02-14,1,2,Delivered
P13012,Everly Energy,Redesigned letter,631.31,No,Metropolitan,2025-02-09,0,,Delivered
P13013,Solace Power,Redesigned letter,519.66,No,Metropolitan,2025-02-04,0,,Delivered
P13014,Harbour Energy,Standard letter,641.05,No,Metropolitan,2025-02-05,0,,Delivered
P13015,Harbour Energy,Standard letter,1411.64,Yes,Metropolitan,2025-02-05,0,,Delivered
P13016,Harbour Energy,Standard letter,3926.92,No,Metropolitan,2025-02-09,0,,Delivered
P13017,Summit Energy,Standard letter,2019.03,Yes,Metropolitan,2025-02-10,0,,Delivered
P13018,Everly Energy,Standard letter,347.67,No,Metropolitan,2025-02-07,0,,Delivered
P13019,Everly Energy,Standard letter,756.56,No,Regional,2025-02-13,0,,Delivered
P13020,Harbour Energy,Redesigned letter,1159.71,No,Metropolitan,2025-02-04,1,2,Delivered
P13021,Everly Energy,Redesigned letter,848.13,Yes,Regional,2025-02-10,0,,Delivered
P13022,Solace Power,Redesigned letter,1073.8,No,Metropolitan,2025-02-03,0,,Delivered
P13023,Summit Energy,Redesigned letter,1061.34,No,Metropolitan,2025-02-05,0,,Delivered
P13024,Harbour Energy,Standard letter,1139.81,No,Metropolitan,2025-02-06,1,16,Delivered
P13025,Harbour Energy,Redesigned letter,2225.17,No,Regional,2025-02-06,0,,Delivered
P13026,Everly Energy,Redesigned letter,1594.88,No,Metropolitan,2025-02-04,0,,Delivered
P13027,Everly Energy,Standard letter,696.42,No,Regional,2025-02-07,1,30,Delivered
P13028,Lumen Energy,Standard letter,2447.6,No,Metropolitan,2025-02-10,0,,Delivered
P13029,Harbour Energy,Standard letter,2703.9,No,Regional,2025-02-12,0,,Delivered
P13030,Everly Energy,Standard letter,528.99,No,Regional,2025-02-04,1,24,Delivered
P13031,Kestrel Power,Redesigned letter,1754.18,No,Regional,2025-02-03,1,26,Delivered
P13032,Summit Energy,Standard letter,1553.41,No,Regional,2025-02-09,0,,Delivered
P13033,Kestrel Power,Redesigned letter,3016.44,No,Metropolitan,2025-02-06,0,,Delivered
P13034,Everly Energy,Standard letter,755.99,No,Metropolitan,2025-02-14,0,,Delivered
P13035,Everly Energy,Standard letter,271.33,No,Metropolitan,2025-02-08,0,,Delivered
P13036,Harbour Energy,Standard letter,265.88,Yes,Metropolitan,2025-02-13,0,,Delivered
P13037,Everly Energy,Redesigned letter,748.49,Yes,Regional,2025-02-11,1,17,Delivered
P13038,Kestrel Power,Standard letter,605.38,Yes,Metropolitan,2025-02-10,0,,Delivered
P13039,Harbour Energy,Standard letter,634.68,Yes,Regional,2025-02-08,0,,Delivered
P13040,Everly Energy,Standard letter,484.28,No,Regional,2025-02-06,1,1,Delivered
P13041,Summit Energy,Redesigned letter,1358.66,No,Metropolitan,2025-02-12,0,,Delivered
P13042,Lumen Energy,Redesigned letter,1816.08,No,Metropolitan,2025-02-13,0,,Delivered
P13043,Kestrel Power,Redesigned letter,2223.29,Yes,Metropolitan,2025-02-14,1,11,Delivered
P13044,Everly Energy,Standard letter,688.02,No,Metropolitan,2025-02-10,1,20,Delivered
P13045,Harbour Energy,Standard letter,1468.2,No,Metropolitan,2025-02-05,0,,Delivered
P13046,Kestrel Power,Standard letter,923.7,Yes,Regional,2025-02-04,0,,Delivered
P13047,Summit Energy,Redesigned letter,391.15,No,Regional,2025-02-04,0,,Delivered
P13048,Summit Energy,Standard letter,2085.92,No,Metropolitan,2025-02-07,1,30,Delivered
P13049,Everly Energy,Redesigned letter,1075.54,No,Metropolitan,2025-02-07,0,,Delivered
P13050,Kestrel Power,Standard letter,224.3,Yes,Metropolitan,2025-02-04,0,,Delivered
P13051,Everly Energy,Standard letter,362.28,No,Metropolitan,2025-02-05,0,,Delivered
P13052,Harbour Energy,Standard letter,788.08,No,Metropolitan,2025-02-12,0,,Delivered
P13053,Summit Energy,Standard letter,1146.94,Yes,Metropolitan,2025-02-11,0,,Delivered
P13054,Everly Energy,Redesigned letter,1925.32,Yes,Metropolitan,2025-02-09,1,26,Delivered
P13055,Harbour Energy,Redesigned letter,1912.06,Yes,Regional,2025-02-05,0,,Delivered
P13056,Everly Energy,Standard letter,801.68,No,Metropolitan,2025-02-05,0,,Delivered
P13057,Everly Energy,Standard letter,1996.42,Yes,Regional,2025-02-06,0,,Delivered
P13058,Everly Energy,Redesigned letter,3843.93,No,Regional,2025-02-06,0,,Delivered
P13059,Summit Energy,Redesigned letter,439.5,No,Metropolitan,2025-02-12,1,14,Delivered
P13060,Harbour Energy,Standard letter,505.5,No,Metropolitan,2025-02-04,0,,Delivered
P13061,Everly Energy,Redesigned letter,596.47,Yes,Regional,2025-02-14,1,30,Delivered
P13062,Kestrel Power,Redesigned letter,1023.82,No,Regional,2025-02-09,0,,Delivered
P13063,Harbour Energy,Redesigned letter,1283.64,No,Metropolitan,2025-02-03,0,,Delivered
P13064,Lumen Energy,Standard letter,1712.81,No,Metropolitan,2025-02-05,0,,Delivered
P13065,Summit Energy,Standard letter,1546.16,No,Metropolitan,2025-02-14,0,,Delivered
P13066,Harbour Energy,Standard letter,707.98,No,Regional,2025-02-05,0,,Delivered
P13067,Harbour Energy,Redesigned letter,640.62,No,Metropolitan,2025-02-05,0,,Delivered
P13068,Everly Energy,Redesigned letter,758.15,No,Metropolitan,2025-02-06,0,,Delivered
P13069,Summit Energy,Redesigned letter,590.42,Yes,Metropolitan,2025-02-04,0,,Delivered
P13070,Lumen Energy,Standard letter,1748.37,Yes,Metropolitan,2025-02-14,0,,Delivered
P13071,Lumen Energy,Standard letter,594.16,No,Regional,2025-02-06,0,,Delivered
P13072,Summit Energy,Standard letter,1776.52,No,Metropolitan,2025-02-03,0,,Delivered
P13073,Summit Energy,Standard letter,1017.58,No,Regional,2025-02-06,0,,Delivered
P13074,Everly Energy,Redesigned letter,1970.94,No,Regional,2025-02-05,0,,Delivered
P13075,Lumen Energy,Redesigned letter,392.44,No,Metropolitan,2025-02-03,0,,Delivered
P13076,Everly Energy,Standard letter,1283.88,No,Metropolitan,2025-02-08,0,,Delivered
P13077,Summit Energy,Standard letter,1285.93,Yes,Regional,2025-02-11,0,,Delivered
P13078,Harbour Energy,Redesigned letter,912.22,No,Metropolitan,2025-02-12,1,18,Delivered
P13079,Everly Energy,Redesigned letter,757.38,No,Metropolitan,2025-02-06,1,18,Delivered
P13080,Kestrel Power,Redesigned letter,791.05,No,Metropolitan,2025-02-13,0,,Delivered
P13081,Everly Energy,Standard letter,1576.18,No,Metropolitan,2025-02-03,0,,Delivered
P13082,Kestrel Power,Standard letter,1982.64,No,Regional,2025-02-13,1,9,Delivered
P13083,Kestrel Power,Standard letter,582.02,No,Regional,2025-02-04,1,13,Delivered
P13084,Harbour Energy,Redesigned letter,1284.02,No,Metropolitan,2025-02-07,1,28,Delivered
P13085,Harbour Energy,Redesigned letter,238.45,No,Regional,2025-02-03,0,,Delivered
P13086,Everly Energy,Standard letter,2684.81,Yes,Regional,2025-02-10,1,30,Delivered
P13087,Everly Energy,Redesigned letter,1243.6,No,Metropolitan,2025-02-07,,,Returned undeliverable
P13088,Kestrel Power,Standard letter,658.75,No,Regional,2025-02-14,0,,Delivered
P13089,Everly Energy,Standard letter,1019.23,No,Metropolitan,2025-02-13,0,,Delivered
P13090,Everly Energy,Redesigned letter,2304.63,No,Regional,2025-02-07,0,,Delivered
P13091,Harbour Energy,Standard letter,627.66,No,Metropolitan,2025-02-13,0,,Delivered
P13092,Everly Energy,Standard letter,1385.58,No,Metropolitan,2025-02-11,1,23,Delivered
P13093,Lumen Energy,Standard letter,1303.84,No,Metropolitan,2025-02-09,0,,Delivered
P13094,Kestrel Power,Redesigned letter,521.35,No,Metropolitan,2025-02-11,0,,Delivered
P13095,Solace Power,Standard letter,760.54,No,Regional,2025-02-08,0,,Delivered
P13096,Lumen Energy,Standard letter,2371.04,Yes,Metropolitan,2025-02-12,0,,Delivered
P13097,Harbour Energy,Standard letter,992.57,No,Regional,2025-02-11,0,,Delivered
P13098,Everly Energy,Standard letter,788.49,No,Regional,2025-02-10,0,,Delivered
P13099,Summit Energy,Standard letter,683.52,No,Metropolitan,2025-02-11,0,,Delivered
P13100,Summit Energy,Redesigned letter,1349.08,No,Metropolitan,2025-02-05,0,,Delivered
P13101,Harbour Energy,Redesigned letter,690.24,No,Metropolitan,2025-02-08,0,,Delivered
P13102,Harbour Energy,Standard letter,186.66,No,Metropolitan,2025-02-05,1,15,Delivered
P13103,Kestrel Power,Standard letter,1825.29,No,Metropolitan,2025-02-05,0,,Delivered
P13104,Harbour Energy,Standard letter,2226.16,Yes,Regional,2025-02-04,1,28,Delivered
P13105,Everly Energy,Redesigned letter,772.55,No,Regional,2025-02-13,1,24,Delivered
P13106,Harbour Energy,Redesigned letter,737.85,No,Metropolitan,2025-02-14,0,,Delivered
P13107,Solace Power,Redesigned letter,697.78,No,Regional,2025-02-11,1,6,Delivered
P13108,Everly Energy,Redesigned letter,1729.1,No,Metropolitan,2025-02-13,0,,Delivered
P13109,Everly Energy,Standard letter,522.63,No,Metropolitan,2025-02-14,0,,Delivered
P13110,Harbour Energy,Standard letter,553.48,No,Metropolitan,2025-02-07,1,19,Delivered
P13111,Everly Energy,Standard letter,164.58,No,Metropolitan,2025-02-04,0,,Delivered
P13112,Harbour Energy,Standard letter,627.1,Yes,Metropolitan,2025-02-04,0,,Delivered
P13113,Everly Energy,Standard letter,645.61,No,Metropolitan,2025-02-11,0,,Delivered
P13114,Harbour Energy,Standard letter,2118.6,No,Metropolitan,2025-02-03,0,,Delivered
P13115,Kestrel Power,Redesigned letter,887.43,Yes,Metropolitan,2025-02-11,0,,Delivered
P13116,Summit Energy,Standard letter,466.04,Yes,Metropolitan,2025-02-03,,,Returned undeliverable
P13117,Harbour Energy,Standard letter,572.0,No,Regional,2025-02-08,0,,Delivered
P13118,Harbour Energy,Standard letter,1510.79,No,Metropolitan,2025-02-11,0,,Delivered
P13119,Summit Energy,Standard letter,1263.29,No,Metropolitan,2025-02-13,0,,Delivered
P13120,Harbour Energy,Standard letter,1135.53,No,Regional,2025-02-06,1,1,Delivered
P13121,Harbour Energy,Standard letter,409.98,Yes,Metropolitan,2025-02-13,0,,Delivered
P13122,Harbour Energy,Redesigned letter,902.69,No,Regional,2025-02-03,0,,Delivered
P13123,Everly Energy,Standard letter,1383.18,No,Metropolitan,2025-02-09,0,,Delivered
P13124,Harbour Energy,Standard letter,1612.17,No,Regional,2025-02-07,0,,Delivered
P13125,Everly Energy,Redesigned letter,543.63,No,Metropolitan,2025-02-07,0,,Delivered
P13126,Everly Energy,Redesigned letter,1445.6,No,Metropolitan,2025-02-03,0,,Delivered
P13127,Kestrel Power,Standard letter,746.53,No,Metropolitan,2025-02-03,0,,Delivered
P13128,Harbour Energy,Redesigned letter,710.9,No,Metropolitan,2025-02-04,0,,Delivered
P13129,Everly Energy,Standard letter,1526.88,Yes,Metropolitan,2025-02-05,0,,Delivered
P13130,Summit Energy,Standard letter,649.85,No,Regional,2025-02-14,1,14,Delivered
P13131,Harbour Energy,Standard letter,930.68,No,Metropolitan,2025-02-10,0,,Delivered
P13132,Solace Power,Standard letter,1579.38,No,Metropolitan,2025-02-06,0,,Delivered
P13133,Lumen Energy,Standard letter,1235.3,No,Metropolitan,2025-02-13,0,,Delivered
P13134,Everly Energy,Redesigned letter,203.06,Yes,Regional,2025-02-03,0,,Delivered
P13135,Harbour Energy,Standard letter,5566.84,No,Metropolitan,2025-02-06,1,3,Delivered
P13136,Everly Energy,Standard letter,2850.58,No,Regional,2025-02-11,0,,Delivered
P13137,Everly Energy,Standard letter,426.23,No,Metropolitan,2025-02-11,0,,Delivered
P13138,Harbour Energy,Standard letter,590.05,No,Metropolitan,2025-02-06,0,,Delivered
P13139,Everly Energy,Standard letter,750.55,Yes,Regional,2025-02-11,0,,Delivered
P13140,Solace Power,Standard letter,1766.84,No,Metropolitan,2025-02-11,0,,Delivered
P13141,Harbour Energy,Standard letter,823.01,No,Regional,2025-02-12,0,,Delivered
P13142,Everly Energy,Redesigned letter,906.52,No,Regional,2025-02-05,0,,Delivered
P13143,Everly Energy,Redesigned letter,1647.57,No,Regional,2025-02-14,0,,Delivered
P13144,Everly Energy,Redesigned letter,811.56,Yes,Regional,2025-02-09,1,14,Delivered
P13145,Everly Energy,Redesigned letter,1143.8,Yes,Metropolitan,2025-02-10,0,,Delivered
P13146,Harbour Energy,Standard letter,3000.67,No,Regional,2025-02-06,1,26,Delivered
P13147,Summit Energy,Redesigned letter,1300.63,No,Metropolitan,2025-02-10,0,,Delivered
P13148,Summit Energy,Standard letter,363.5,Yes,Regional,2025-02-07,0,,Delivered
P13149,Harbour Energy,Standard letter,2030.45,Yes,Metropolitan,2025-02-05,0,,Delivered
P13150,Kestrel Power,Standard letter,789.73,No,Metropolitan,2025-02-14,0,,Delivered
P13151,Harbour Energy,Redesigned letter,1016.28,Yes,Metropolitan,2025-02-11,0,,Delivered
P13152,Summit Energy,Standard letter,2866.69,No,Metropolitan,2025-02-11,0,,Delivered
P13153,Kestrel Power,Standard letter,840.33,No,Metropolitan,2025-02-08,0,,Delivered
P13154,Kestrel Power,Standard letter,997.4,No,Regional,2025-02-14,0,,Delivered
P13155,Everly Energy,Standard letter,812.23,No,Regional,2025-02-07,1,1,Delivered
P13156,Harbour Energy,Redesigned letter,4170.87,No,Regional,2025-02-11,0,,Delivered
P13157,Everly Energy,Standard letter,1059.01,No,Regional,2025-02-10,0,,Delivered
P13158,Summit Energy,Standard letter,1170.37,No,Metropolitan,2025-02-08,0,,Delivered
P13159,Harbour Energy,Redesigned letter,698.45,No,Regional,2025-02-14,0,,Delivered
P13160,Harbour Energy,Standard letter,441.5,No,Regional,2025-02-11,1,4,Delivered
P13161,Everly Energy,Redesigned letter,684.81,Yes,Metropolitan,2025-02-03,0,,Delivered
P13162,Harbour Energy,Standard letter,1759.67,No,Regional,2025-02-14,0,,Delivered
P13163,Everly Energy,Redesigned letter,926.14,No,Metropolitan,2025-02-14,0,,Delivered
P13164,Harbour Energy,Redesigned letter,670.91,No,Metropolitan,2025-02-03,0,,Delivered
P13165,Lumen Energy,Standard letter,1939.29,No,Metropolitan,2025-02-06,0,,Delivered
P13166,Harbour Energy,Standard letter,1059.69,No,Metropolitan,2025-02-10,0,,Delivered
P13167,Solace Power,Standard letter,740.0,No,Regional,2025-02-04,0,,Delivered
P13168,Summit Energy,Standard letter,265.38,Yes,Metropolitan,2025-02-13,0,,Delivered
P13169,Everly Energy,Redesigned letter,1911.68,No,Metropolitan,2025-02-07,0,,Delivered
P13170,Harbour Energy,Redesigned letter,639.37,No,Metropolitan,2025-02-07,0,,Delivered
P13171,Harbour Energy,Redesigned letter,683.33,Yes,Regional,2025-02-14,0,,Delivered
P13172,Harbour Energy,Redesigned letter,2021.32,Yes,Regional,2025-02-08,0,,Delivered
P13173,Lumen Energy,Redesigned letter,415.8,Yes,Metropolitan,2025-02-12,0,,Delivered
P13174,Summit Energy,Redesigned letter,408.65,No,Metropolitan,2025-02-06,0,,Delivered
P13175,Harbour Energy,Standard letter,302.58,Yes,Regional,2025-02-08,0,,Delivered
P13176,Summit Energy,Redesigned letter,1359.05,No,Metropolitan,2025-02-10,0,,Delivered
P13177,Summit Energy,Redesigned letter,456.44,No,Metropolitan,2025-02-14,0,,Delivered
P13178,Solace Power,Standard letter,1406.21,No,Regional,2025-02-11,0,,Delivered
P13179,Everly Energy,Redesigned letter,1149.88,Yes,Metropolitan,2025-02-11,0,,Delivered
P13180,Summit Energy,Redesigned letter,1220.93,No,Metropolitan,2025-02-09,0,,Delivered
P13181,Everly Energy,Redesigned letter,1362.52,No,Metropolitan,2025-02-07,0,,Delivered
P13182,Harbour Energy,Redesigned letter,561.29,No,Regional,2025-02-12,0,,Delivered
P13183,Everly Energy,Standard letter,916.42,Yes,Metropolitan,2025-02-05,0,,Delivered
P13184,Kestrel Power,Redesigned letter,2673.45,No,Metropolitan,2025-02-12,0,,Delivered
P13185,Harbour Energy,Redesigned letter,2138.72,Yes,Regional,2025-02-10,0,,Delivered
P13186,Harbour Energy,Standard letter,362.81,Yes,Regional,2025-02-08,0,,Delivered
P13187,Lumen Energy,Standard letter,653.0,No,Metropolitan,2025-02-05,0,,Delivered
P13188,Kestrel Power,Redesigned letter,358.6,No,Metropolitan,2025-02-03,0,,Delivered
P13189,Everly Energy,Standard letter,3472.73,No,Metropolitan,2025-02-09,0,,Delivered
P13190,Solace Power,Standard letter,1473.3,No,Metropolitan,2025-02-11,1,4,Delivered
P13191,Solace Power,Standard letter,2163.59,No,Metropolitan,2025-02-12,1,14,Delivered
P13192,Harbour Energy,Standard letter,666.08,Yes,Metropolitan,2025-02-04,0,,Delivered
P13193,Solace Power,Redesigned letter,191.09,No,Regional,2025-02-06,,,Returned undeliverable
P13194,Everly Energy,Standard letter,631.22,No,Metropolitan,2025-02-03,0,,Delivered
P13195,Everly Energy,Standard letter,1276.86,No,Metropolitan,2025-02-05,0,,Delivered
P13196,Summit Energy,Redesigned letter,285.58,No,Metropolitan,2025-02-13,0,,Delivered
P13197,Lumen Energy,Redesigned letter,1730.85,No,Metropolitan,2025-02-14,0,,Delivered
P13198,Everly Energy,Standard letter,1006.86,No,Metropolitan,2025-02-14,0,,Delivered
P13199,Lumen Energy,Standard letter,992.57,Yes,Regional,2025-02-06,0,,Delivered
P13200,Harbour Energy,Redesigned letter,1610.2,Yes,Regional,2025-02-12,0,,Delivered
P13201,Everly Energy,Redesigned letter,1733.72,No,Metropolitan,2025-02-05,0,,Delivered
P13202,Harbour Energy,Redesigned letter,2393.4,No,Regional,2025-02-03,0,,Delivered
P13203,Everly Energy,Redesigned letter,1624.53,No,Metropolitan,2025-02-08,0,,Delivered
P13204,Harbour Energy,Standard letter,644.0,No,Metropolitan,2025-02-11,0,,Delivered
P13205,Solace Power,Standard letter,879.11,No,Metropolitan,2025-02-13,0,,Delivered
P13206,Summit Energy,Redesigned letter,790.45,No,Regional,2025-02-06,0,,Delivered
P13207,Everly Energy,Standard letter,1002.22,No,Metropolitan,2025-02-06,0,,Delivered
P13208,Harbour Energy,Standard letter,690.95,Yes,Metropolitan,2025-02-07,1,16,Delivered
P13209,Everly Energy,Redesigned letter,461.32,No,Regional,2025-02-04,1,26,Delivered
P13210,Summit Energy,Redesigned letter,701.5,Yes,Metropolitan,2025-02-04,0,,Delivered
P13211,Lumen Energy,Redesigned letter,4407.06,No,Regional,2025-02-06,0,,Delivered
P13212,Harbour Energy,Redesigned letter,716.05,Yes,Regional,2025-02-11,0,,Delivered
P13213,Harbour Energy,Redesigned letter,1192.03,Yes,Metropolitan,2025-02-11,1,17,Delivered
P13214,Harbour Energy,Standard letter,1118.33,No,Metropolitan,2025-02-10,0,,Delivered
P13215,Harbour Energy,Standard letter,2143.15,No,Regional,2025-02-12,1,16,Delivered
P13216,Everly Energy,Standard letter,1051.82,Yes,Metropolitan,2025-02-12,0,,Delivered
P13217,Everly Energy,Redesigned letter,481.42,No,Regional,2025-02-03,0,,Delivered
P13218,Summit Energy,Redesigned letter,568.95,No,Regional,2025-02-14,0,,Delivered
P13219,Lumen Energy,Redesigned letter,1376.9,No,Metropolitan,2025-02-09,0,,Delivered
P13220,Everly Energy,Redesigned letter,432.64,No,Metropolitan,2025-02-11,0,,Delivered
P13221,Harbour Energy,Redesigned letter,1227.35,Yes,Regional,2025-02-13,0,,Delivered
P13222,Harbour Energy,Standard letter,1417.12,No,Regional,2025-02-10,0,,Delivered
P13223,Summit Energy,Standard letter,912.06,Yes,Metropolitan,2025-02-03,0,,Delivered
P13224,Harbour Energy,Redesigned letter,1761.55,No,Regional,2025-02-06,0,,Delivered
P13225,Everly Energy,Standard letter,1381.16,Yes,Regional,2025-02-08,0,,Delivered
P13226,Everly Energy,Standard letter,2612.28,No,Regional,2025-02-09,1,19,Delivered
P13227,Kestrel Power,Redesigned letter,2404.84,No,Regional,2025-02-11,0,,Delivered
P13228,Harbour Energy,Standard letter,4876.5,Yes,Metropolitan,2025-02-11,1,3,Delivered
P13229,Kestrel Power,Redesigned letter,4442.18,Yes,Regional,2025-02-12,0,,Delivered
P13230,Harbour Energy,Redesigned letter,816.96,No,Regional,2025-02-09,0,,Delivered
P13231,Summit Energy,Redesigned letter,609.2,No,Metropolitan,2025-02-08,1,28,Delivered
P13232,Harbour Energy,Redesigned letter,257.79,No,Metropolitan,2025-02-14,0,,Delivered
P13233,Summit Energy,Standard letter,1681.23,No,Metropolitan,2025-02-04,0,,Delivered
P13234,Harbour Energy,Standard letter,747.92,No,Regional,2025-02-04,1,11,Delivered
P13235,Solace Power,Standard letter,1355.23,No,Metropolitan,2025-02-03,0,,Delivered
P13236,Summit Energy,Redesigned letter,1390.04,No,Regional,2025-02-06,,,Returned undeliverable
P13237,Summit Energy,Standard letter,553.43,No,Metropolitan,2025-02-04,0,,Delivered
P13238,Harbour Energy,Redesigned letter,682.26,No,Metropolitan,2025-02-09,0,,Delivered
P13239,Summit Energy,Redesigned letter,1475.21,No,Regional,2025-02-14,0,,Delivered
P13240,Everly Energy,Standard letter,1113.82,Yes,Regional,2025-02-08,0,,Delivered
P13241,Summit Energy,Standard letter,1069.38,No,Metropolitan,2025-02-09,0,,Delivered
P13242,Lumen Energy,Redesigned letter,541.03,No,Regional,2025-02-06,0,,Delivered
P13243,Kestrel Power,Redesigned letter,3242.33,No,Regional,2025-02-07,0,,Delivered
P13244,Harbour Energy,Redesigned letter,2116.6,No,Metropolitan,2025-02-06,1,23,Delivered
P13245,Everly Energy,Redesigned letter,729.45,No,Metropolitan,2025-02-04,0,,Delivered
P13246,Harbour Energy,Standard letter,450.65,Yes,Regional,2025-02-07,0,,Delivered
P13247,Kestrel Power,Redesigned letter,729.43,Yes,Metropolitan,2025-02-13,1,11,Delivered
P13248,Harbour Energy,Standard letter,699.35,No,Metropolitan,2025-02-08,0,,Delivered
P13249,Everly Energy,Redesigned letter,576.02,No,Metropolitan,2025-02-12,0,,Delivered
P13250,Summit Energy,Redesigned letter,470.21,No,Metropolitan,2025-02-03,0,,Delivered
P13251,Lumen Energy,Redesigned letter,843.12,No,Regional,2025-02-14,0,,Delivered
P13252,Solace Power,Redesigned letter,579.09,No,Regional,2025-02-05,0,,Delivered
P13253,Everly Energy,Redesigned letter,201.96,Yes,Regional,2025-02-12,1,30,Delivered
P13254,Harbour Energy,Standard letter,1461.48,No,Metropolitan,2025-02-05,0,,Delivered
P13255,Kestrel Power,Redesigned letter,1361.93,No,Regional,2025-02-07,0,,Delivered
P13256,Kestrel Power,Standard letter,955.64,Yes,Metropolitan,2025-02-13,1,6,Delivered
P13257,Everly Energy,Redesigned letter,2238.24,No,Metropolitan,2025-02-08,0,,Delivered
P13258,Everly Energy,Standard letter,447.58,No,Metropolitan,2025-02-10,0,,Delivered
P13259,Solace Power,Standard letter,987.26,No,Metropolitan,2025-02-09,0,,Delivered
P13260,Everly Energy,Redesigned letter,1204.9,Yes,Regional,2025-02-07,0,,Delivered
P13261,Summit Energy,Standard letter,1201.94,No,Metropolitan,2025-02-07,0,,Delivered
P13262,Everly Energy,Redesigned letter,1051.49,No,Metropolitan,2025-02-04,0,,Delivered
P13263,Lumen Energy,Standard letter,811.6,No,Metropolitan,2025-02-06,0,,Delivered
P13264,Harbour Energy,Redesigned letter,1788.92,No,Metropolitan,2025-02-12,1,17,Delivered
P13265,Summit Energy,Redesigned letter,918.52,No,Metropolitan,2025-02-12,0,,Delivered
P13266,Summit Energy,Standard letter,1282.8,No,Regional,2025-02-12,0,,Delivered
P13267,Everly Energy,Redesigned letter,1641.95,No,Metropolitan,2025-02-03,1,28,Delivered
P13268,Summit Energy,Redesigned letter,2632.34,Yes,Metropolitan,2025-02-11,0,,Delivered
P13269,Everly Energy,Standard letter,459.38,No,Regional,2025-02-12,0,,Delivered
P13270,Lumen Energy,Standard letter,1199.15,Yes,Regional,2025-02-06,0,,Delivered
P13271,Solace Power,Standard letter,475.51,Yes,Metropolitan,2025-02-04,0,,Delivered
P13272,Everly Energy,Redesigned letter,1601.37,No,Regional,2025-02-03,0,,Delivered
P13273,Everly Energy,Redesigned letter,732.7,No,Metropolitan,2025-02-05,0,,Delivered
P13274,Kestrel Power,Redesigned letter,1399.39,No,Metropolitan,2025-02-09,1,29,Delivered
P13275,Lumen Energy,Redesigned letter,1060.27,No,Metropolitan,2025-02-13,1,13,Delivered
P13276,Harbour Energy,Redesigned letter,1614.72,No,Regional,2025-02-09,0,,Delivered
P13277,Harbour Energy,Standard letter,487.19,No,Regional,2025-02-07,,,Returned undeliverable
P13278,Everly Energy,Redesigned letter,757.23,No,Metropolitan,2025-02-08,0,,Delivered
P13279,Summit Energy,Redesigned letter,460.62,No,Regional,2025-02-14,0,,Delivered
P13280,Solace Power,Redesigned letter,542.69,No,Metropolitan,2025-02-11,0,,Delivered
P13281,Harbour Energy,Redesigned letter,1628.99,No,Metropolitan,2025-02-03,1,22,Delivered
P13282,Kestrel Power,Standard letter,591.68,No,Regional,2025-02-13,0,,Delivered
P13283,Summit Energy,Standard letter,735.24,Yes,Metropolitan,2025-02-13,0,,Delivered
P13284,Harbour Energy,Standard letter,605.9,No,Regional,2025-02-09,0,,Delivered
P13285,Summit Energy,Standard letter,2158.46,No,Regional,2025-02-07,0,,Delivered
P13286,Summit Energy,Standard letter,1144.84,No,Regional,2025-02-05,0,,Delivered
P13287,Everly Energy,Standard letter,192.56,No,Metropolitan,2025-02-07,,,Returned undeliverable
P13288,Lumen Energy,Standard letter,1104.95,Yes,Metropolitan,2025-02-13,0,,Delivered
P13289,Harbour Energy,Standard letter,579.08,No,Regional,2025-02-14,0,,Delivered
P13290,Harbour Energy,Standard letter,865.88,No,Metropolitan,2025-02-05,0,,Delivered
P13291,Everly Energy,Standard letter,1380.48,Yes,Metropolitan,2025-02-14,1,22,Delivered
P13292,Everly Energy,Redesigned letter,423.53,Yes,Metropolitan,2025-02-12,0,,Delivered
P13293,Kestrel Power,Redesigned letter,424.92,No,Metropolitan,2025-02-04,0,,Delivered
P13294,Harbour Energy,Standard letter,1241.56,No,Metropolitan,2025-02-09,0,,Delivered
P13295,Summit Energy,Standard letter,1450.52,No,Regional,2025-02-05,1,17,Delivered
P13296,Harbour Energy,Redesigned letter,551.64,No,Metropolitan,2025-02-11,0,,Delivered
P13297,Kestrel Power,Redesigned letter,1093.97,No,Metropolitan,2025-02-03,0,,Delivered
P13298,Kestrel Power,Redesigned letter,1460.92,Yes,Metropolitan,2025-02-14,1,1,Delivered
P13299,Harbour Energy,Standard letter,528.53,No,Metropolitan,2025-02-09,0,,Delivered
P13300,Everly Energy,Standard letter,762.65,No,Metropolitan,2025-02-13,0,,Delivered
P13301,Summit Energy,Redesigned letter,4510.73,Yes,Regional,2025-02-03,0,,Delivered
P13302,Everly Energy,Standard letter,1868.99,Yes,Regional,2025-02-13,0,,Delivered
P13303,Summit Energy,Redesigned letter,745.98,No,Regional,2025-02-14,0,,Delivered
P13304,Everly Energy,Standard letter,1069.99,Yes,Regional,2025-02-06,0,,Delivered
P13305,Everly Energy,Standard letter,1622.54,No,Metropolitan,2025-02-03,0,,Delivered
P13306,Everly Energy,Standard letter,587.4,Yes,Regional,2025-02-05,0,,Delivered
P13307,Kestrel Power,Standard letter,778.79,No,Metropolitan,2025-02-05,0,,Delivered
P13308,Everly Energy,Redesigned letter,1159.49,No,Metropolitan,2025-02-14,0,,Delivered
P13309,Everly Energy,Redesigned letter,476.53,Yes,Regional,2025-02-13,0,,Delivered
P13310,Lumen Energy,Redesigned letter,696.72,Yes,Metropolitan,2025-02-03,0,,Delivered
P13311,Harbour Energy,Standard letter,687.8,No,Regional,2025-02-08,0,,Delivered
P13312,Harbour Energy,Redesigned letter,691.21,Yes,Metropolitan,2025-02-05,,,Returned undeliverable
P13313,Everly Energy,Redesigned letter,341.19,No,Metropolitan,2025-02-11,1,7,Delivered
P13314,Summit Energy,Redesigned letter,2161.73,No,Regional,2025-02-14,0,,Delivered
P13315,Summit Energy,Standard letter,1729.35,Yes,Metropolitan,2025-02-08,0,,Delivered
P13316,Harbour Energy,Redesigned letter,379.85,No,Metropolitan,2025-02-14,0,,Delivered
P13317,Kestrel Power,Standard letter,1008.47,No,Metropolitan,2025-02-09,0,,Delivered
P13318,Kestrel Power,Redesigned letter,1414.84,Yes,Regional,2025-02-04,0,,Delivered
P13319,Kestrel Power,Standard letter,819.41,No,Regional,2025-02-08,0,,Delivered
P13320,Lumen Energy,Redesigned letter,3657.02,No,Metropolitan,2025-02-14,0,,Delivered
P13321,Solace Power,Standard letter,1654.83,No,Regional,2025-02-09,0,,Delivered
P13322,Everly Energy,Redesigned letter,775.97,Yes,Metropolitan,2025-02-11,0,,Delivered
P13323,Everly Energy,Standard letter,208.41,No,Metropolitan,2025-02-12,1,2,Delivered
P13324,Everly Energy,Standard letter,347.18,No,Metropolitan,2025-02-12,0,,Delivered
P13325,Everly Energy,Redesigned letter,2518.23,No,Metropolitan,2025-02-08,0,,Delivered
P13326,Harbour Energy,Redesigned letter,967.14,No,Metropolitan,2025-02-12,0,,Delivered
P13327,Everly Energy,Redesigned letter,857.93,No,Metropolitan,2025-02-14,0,,Delivered
P13328,Harbour Energy,Standard letter,2270.78,No,Metropolitan,2025-02-10,0,,Delivered
P13329,Everly Energy,Redesigned letter,1208.01,Yes,Regional,2025-02-07,0,,Delivered
P13330,Everly Energy,Redesigned letter,1006.73,No,Metropolitan,2025-02-04,0,,Delivered
P13331,Harbour Energy,Redesigned letter,2681.87,Yes,Metropolitan,2025-02-12,0,,Delivered
P13332,Harbour Energy,Standard letter,1647.0,Yes,Metropolitan,2025-02-03,1,7,Delivered
P13333,Lumen Energy,Standard letter,759.08,No,Metropolitan,2025-02-10,0,,Delivered
P13334,Harbour Energy,Redesigned letter,682.4,No,Metropolitan,2025-02-14,0,,Delivered
P13335,Summit Energy,Redesigned letter,1021.76,No,Metropolitan,2025-02-04,1,27,Delivered
P13336,Harbour Energy,Standard letter,1259.31,Yes,Metropolitan,2025-02-05,0,,Delivered
P13337,Kestrel Power,Standard letter,555.86,Yes,Metropolitan,2025-02-12,1,5,Delivered
P13338,Lumen Energy,Standard letter,3180.89,No,Regional,2025-02-05,0,,Delivered
P13339,Harbour Energy,Redesigned letter,511.24,No,Regional,2025-02-07,0,,Delivered
P13340,Harbour Energy,Standard letter,904.19,Yes,Metropolitan,2025-02-04,,,Returned undeliverable
P13341,Harbour Energy,Standard letter,2339.26,Yes,Metropolitan,2025-02-11,1,6,Delivered
P13342,Solace Power,Redesigned letter,844.14,Yes,Metropolitan,2025-02-06,1,26,Delivered
P13343,Lumen Energy,Redesigned letter,446.11,No,Metropolitan,2025-02-09,1,17,Delivered
P13344,Everly Energy,Standard letter,860.92,No,Regional,2025-02-08,0,,Delivered
P13345,Everly Energy,Redesigned letter,802.85,No,Metropolitan,2025-02-03,0,,Delivered
P13346,Harbour Energy,Standard letter,502.4,No,Metropolitan,2025-02-05,1,2,Delivered
P13347,Harbour Energy,Redesigned letter,579.74,No,Metropolitan,2025-02-11,0,,Delivered
P13348,Lumen Energy,Redesigned letter,781.08,No,Metropolitan,2025-02-11,1,26,Delivered
P13349,Everly Energy,Redesigned letter,604.28,No,Metropolitan,2025-02-04,1,30,Delivered
P13350,Kestrel Power,Standard letter,785.7,No,Metropolitan,2025-02-12,0,,Delivered
P13351,Everly Energy,Standard letter,439.52,No,Regional,2025-02-05,0,,Delivered
P13352,Everly Energy,Standard letter,1434.75,No,Metropolitan,2025-02-05,0,,Delivered
P13353,Summit Energy,Standard letter,2285.59,Yes,Metropolitan,2025-02-11,0,,Delivered
P13354,Harbour Energy,Redesigned letter,4234.74,No,Metropolitan,2025-02-14,0,,Delivered
P13355,Kestrel Power,Redesigned letter,799.78,No,Metropolitan,2025-02-03,0,,Delivered
P13356,Everly Energy,Redesigned letter,1911.0,No,Metropolitan,2025-02-07,1,7,Delivered
P13357,Kestrel Power,Standard letter,895.88,No,Regional,2025-02-14,0,,Delivered
P13358,Summit Energy,Standard letter,1269.44,Yes,Metropolitan,2025-02-04,1,17,Delivered
P13359,Harbour Energy,Standard letter,1154.71,No,Metropolitan,2025-02-08,1,20,Delivered
P13360,Everly Energy,Redesigned letter,275.6,No,Metropolitan,2025-02-05,0,,Delivered
P13361,Harbour Energy,Standard letter,1360.68,No,Regional,2025-02-14,0,,Delivered
P13362,Kestrel Power,Redesigned letter,396.72,No,Metropolitan,2025-02-11,0,,Delivered
P13363,Everly Energy,Redesigned letter,981.61,No,Metropolitan,2025-02-12,0,,Delivered
P13364,Summit Energy,Redesigned letter,1061.71,No,Metropolitan,2025-02-13,,,Returned undeliverable
P13365,Everly Energy,Standard letter,1043.61,No,Metropolitan,2025-02-14,0,,Delivered
P13366,Lumen Energy,Standard letter,1055.6,No,Regional,2025-02-06,0,,Delivered
P13367,Everly Energy,Standard letter,1084.67,No,Regional,2025-02-11,1,10,Delivered
P13368,Everly Energy,Redesigned letter,1786.74,No,Regional,2025-02-08,0,,Delivered
P13369,Everly Energy,Standard letter,709.68,No,Regional,2025-02-07,0,,Delivered
P13370,Summit Energy,Standard letter,1132.53,No,Metropolitan,2025-02-04,0,,Delivered
P13371,Solace Power,Redesigned letter,3306.46,No,Metropolitan,2025-02-03,0,,Delivered
P13372,Everly Energy,Redesigned letter,9191.15,No,Metropolitan,2025-02-14,1,1,Delivered
P13373,Harbour Energy,Redesigned letter,1934.49,No,Regional,2025-02-07,0,,Delivered
P13374,Kestrel Power,Standard letter,536.73,No,Metropolitan,2025-02-06,1,18,Delivered
P13375,Summit Energy,Redesigned letter,781.93,Yes,Metropolitan,2025-02-03,0,,Delivered
P13376,Harbour Energy,Standard letter,605.39,No,Metropolitan,2025-02-09,0,,Delivered
P13377,Everly Energy,Standard letter,1468.3,No,Metropolitan,2025-02-11,0,,Delivered
P13378,Summit Energy,Redesigned letter,1125.99,No,Metropolitan,2025-02-09,0,,Delivered
P13379,Summit Energy,Redesigned letter,972.32,No,Regional,2025-02-10,0,,Delivered
P13380,Everly Energy,Standard letter,2657.06,Yes,Metropolitan,2025-02-07,0,,Delivered
P13381,Everly Energy,Redesigned letter,819.23,No,Metropolitan,2025-02-08,0,,Delivered
P13382,Harbour Energy,Standard letter,681.96,No,Metropolitan,2025-02-11,0,,Delivered
P13383,Harbour Energy,Standard letter,665.08,No,Metropolitan,2025-02-06,0,,Delivered
P13384,Kestrel Power,Standard letter,981.22,Yes,Metropolitan,2025-02-08,0,,Delivered
P13385,Harbour Energy,Standard letter,2319.2,Yes,Regional,2025-02-06,0,,Delivered
P13386,Harbour Energy,Redesigned letter,275.64,No,Metropolitan,2025-02-12,1,7,Delivered
P13387,Everly Energy,Standard letter,1094.98,Yes,Regional,2025-02-04,0,,Delivered
P13388,Everly Energy,Redesigned letter,509.94,No,Regional,2025-02-10,0,,Delivered
P13389,Everly Energy,Standard letter,451.3,No,Metropolitan,2025-02-08,0,,Delivered
P13390,Summit Energy,Redesigned letter,1774.33,No,Regional,2025-02-12,1,4,Delivered
P13391,Lumen Energy,Redesigned letter,649.82,No,Regional,2025-02-12,0,,Delivered
P13392,Summit Energy,Standard letter,690.24,Yes,Regional,2025-02-14,0,,Delivered
P13393,Everly Energy,Redesigned letter,424.31,Yes,Regional,2025-02-13,0,,Delivered
P13394,Kestrel Power,Redesigned letter,373.54,No,Metropolitan,2025-02-05,1,6,Delivered
P13395,Everly Energy,Standard letter,789.12,No,Regional,2025-02-12,0,,Delivered
P13396,Harbour Energy,Redesigned letter,1498.3,Yes,Metropolitan,2025-02-06,0,,Delivered
P13397,Lumen Energy,Redesigned letter,1074.66,Yes,Regional,2025-02-14,0,,Delivered
P13398,Everly Energy,Redesigned letter,1599.91,No,Regional,2025-02-05,0,,Delivered
P13399,Everly Energy,Redesigned letter,598.12,Yes,Regional,2025-02-14,0,,Delivered
P13400,Everly Energy,Redesigned letter,2517.36,No,Regional,2025-02-14,0,,Delivered
P13401,Lumen Energy,Redesigned letter,819.04,No,Regional,2025-02-09,0,,Delivered
P13402,Everly Energy,Standard letter,729.92,Yes,Metropolitan,2025-02-06,0,,Delivered
P13403,Summit Energy,Redesigned letter,358.69,No,Metropolitan,2025-02-12,0,,Delivered
P13404,Harbour Energy,Standard letter,846.0,No,Metropolitan,2025-02-08,0,,Delivered
P13405,Harbour Energy,Standard letter,472.03,No,Metropolitan,2025-02-12,1,26,Delivered
P13406,Summit Energy,Redesigned letter,416.19,No,Regional,2025-02-10,0,,Delivered
P13407,Harbour Energy,Standard letter,2399.05,Yes,Regional,2025-02-04,0,,Delivered
P13408,Harbour Energy,Standard letter,2470.34,No,Metropolitan,2025-02-04,1,3,Delivered
P13409,Everly Energy,Redesigned letter,925.96,No,Regional,2025-02-09,1,16,Delivered
P13410,Everly Energy,Redesigned letter,350.31,No,Regional,2025-02-12,0,,Delivered
P13411,Harbour Energy,Redesigned letter,721.29,No,Metropolitan,2025-02-13,0,,Delivered
P13412,Everly Energy,Redesigned letter,776.85,No,Metropolitan,2025-02-05,0,,Delivered
P13413,Harbour Energy,Standard letter,430.72,Yes,Regional,2025-02-06,1,2,Delivered
P13414,Harbour Energy,Redesigned letter,746.99,No,Regional,2025-02-10,0,,Delivered
P13415,Everly Energy,Standard letter,1154.66,No,Metropolitan,2025-02-11,0,,Delivered
P13416,Summit Energy,Redesigned letter,1240.64,No,Metropolitan,2025-02-07,0,,Delivered
P13417,Summit Energy,Redesigned letter,1046.34,No,Metropolitan,2025-02-03,1,11,Delivered
P13418,Harbour Energy,Redesigned letter,1133.13,Yes,Metropolitan,2025-02-08,0,,Delivered
P13419,Everly Energy,Redesigned letter,677.33,No,Metropolitan,2025-02-06,0,,Delivered
P13420,Everly Energy,Redesigned letter,601.41,No,Regional,2025-02-04,0,,Delivered
P13421,Lumen Energy,Standard letter,515.51,No,Regional,2025-02-12,0,,Delivered
P13422,Summit Energy,Standard letter,1656.85,No,Regional,2025-02-04,0,,Delivered
P13423,Everly Energy,Redesigned letter,1394.01,No,Metropolitan,2025-02-14,0,,Delivered
P13424,Everly Energy,Standard letter,570.66,Yes,Metropolitan,2025-02-09,0,,Delivered
P13425,Everly Energy,Standard letter,648.0,Yes,Regional,2025-02-04,0,,Delivered
P13426,Kestrel Power,Redesigned letter,1011.4,No,Metropolitan,2025-02-11,1,1,Delivered
P13427,Summit Energy,Standard letter,2043.84,No,Metropolitan,2025-02-06,0,,Delivered
P13428,Harbour Energy,Standard letter,590.07,No,Metropolitan,2025-02-11,0,,Delivered
P13429,Kestrel Power,Redesigned letter,1394.29,No,Metropolitan,2025-02-09,0,,Delivered
P13430,Solace Power,Redesigned letter,845.6,No,Metropolitan,2025-02-14,0,,Delivered
P13431,Harbour Energy,Redesigned letter,999.29,No,Regional,2025-02-07,1,23,Delivered
P13432,Everly Energy,Standard letter,628.78,No,Metropolitan,2025-02-06,0,,Delivered
P13433,Summit Energy,Standard letter,2439.11,Yes,Regional,2025-02-08,0,,Delivered
P13434,Everly Energy,Standard letter,1720.83,Yes,Regional,2025-02-12,1,15,Delivered
P13435,Everly Energy,Standard letter,805.36,Yes,Regional,2025-02-10,0,,Delivered
P13436,Everly Energy,Standard letter,638.73,No,Metropolitan,2025-02-09,0,,Delivered
P13437,Summit Energy,Redesigned letter,874.52,No,Metropolitan,2025-02-09,1,14,Delivered
P13438,Harbour Energy,Standard letter,324.92,No,Metropolitan,2025-02-12,0,,Delivered
P13439,Kestrel Power,Standard letter,936.6,No,Regional,2025-02-13,0,,Delivered
P13440,Everly Energy,Standard letter,879.3,No,Metropolitan,2025-02-04,0,,Delivered
P13441,Summit Energy,Standard letter,207.78,No,Metropolitan,2025-02-03,0,,Delivered
P13442,Everly Energy,Standard letter,1843.68,No,Regional,2025-02-07,,,Returned undeliverable
P13443,Lumen Energy,Redesigned letter,524.99,No,Metropolitan,2025-02-12,1,5,Delivered
P13444,Everly Energy,Redesigned letter,768.6,Yes,Metropolitan,2025-02-05,0,,Delivered
P13445,Everly Energy,Standard letter,350.92,No,Regional,2025-02-12,0,,Delivered
P13446,Everly Energy,Standard letter,500.44,No,Metropolitan,2025-02-06,0,,Delivered
P13447,Kestrel Power,Standard letter,924.16,No,Regional,2025-02-06,0,,Delivered
P13448,Kestrel Power,Standard letter,586.44,No,Metropolitan,2025-02-13,0,,Delivered
P13449,Harbour Energy,Redesigned letter,1159.59,No,Metropolitan,2025-02-09,0,,Delivered
P13450,Kestrel Power,Standard letter,883.58,No,Regional,2025-02-08,0,,Delivered
P13451,Lumen Energy,Standard letter,848.33,No,Metropolitan,2025-02-03,0,,Delivered
P13452,Kestrel Power,Redesigned letter,1588.91,Yes,Metropolitan,2025-02-06,1,2,Delivered
P13453,Lumen Energy,Redesigned letter,976.24,No,Regional,2025-02-07,0,,Delivered
P13454,Everly Energy,Standard letter,562.19,No,Metropolitan,2025-02-07,0,,Delivered
P13455,Harbour Energy,Standard letter,974.06,No,Regional,2025-02-10,0,,Delivered
P13456,Everly Energy,Redesigned letter,421.27,Yes,Metropolitan,2025-02-05,0,,Delivered
P13457,Lumen Energy,Redesigned letter,355.69,No,Metropolitan,2025-02-11,0,,Delivered
P13458,Lumen Energy,Redesigned letter,589.9,No,Metropolitan,2025-02-04,0,,Delivered
P13459,Solace Power,Standard letter,1543.88,No,Metropolitan,2025-02-03,1,2,Delivered
P13460,Everly Energy,Standard letter,1163.49,No,Regional,2025-02-10,1,1,Delivered
P13461,Harbour Energy,Redesigned letter,1498.07,No,Metropolitan,2025-02-05,1,20,Delivered
P13462,Solace Power,Standard letter,1326.58,Yes,Regional,2025-02-07,1,24,Delivered
P13463,Summit Energy,Standard letter,716.1,Yes,Regional,2025-02-10,0,,Delivered
P13464,Everly Energy,Redesigned letter,588.28,No,Regional,2025-02-08,1,20,Delivered
P13465,Summit Energy,Standard letter,365.12,Yes,Metropolitan,2025-02-12,0,,Delivered
P13466,Kestrel Power,Standard letter,368.93,No,Metropolitan,2025-02-12,1,16,Delivered
P13467,Kestrel Power,Standard letter,1206.22,Yes,Regional,2025-02-14,0,,Delivered
P13468,Everly Energy,Redesigned letter,943.66,No,Metropolitan,2025-02-14,0,,Delivered
P13469,Everly Energy,Standard letter,2909.6,No,Metropolitan,2025-02-11,0,,Delivered
P13470,Everly Energy,Redesigned letter,1130.04,No,Metropolitan,2025-02-05,1,10,Delivered
P13471,Harbour Energy,Redesigned letter,446.5,No,Metropolitan,2025-02-04,1,14,Delivered
P13472,Harbour Energy,Standard letter,1031.72,No,Regional,2025-02-11,0,,Delivered
P13473,Summit Energy,Redesigned letter,1027.14,No,Regional,2025-02-09,0,,Delivered
P13474,Summit Energy,Redesigned letter,1852.93,No,Regional,2025-02-04,0,,Delivered
P13475,Harbour Energy,Standard letter,756.35,Yes,Metropolitan,2025-02-03,1,14,Delivered
P13476,Kestrel Power,Standard letter,2497.82,No,Metropolitan,2025-02-04,1,23,Delivered
P13477,Everly Energy,Standard letter,1278.16,No,Metropolitan,2025-02-11,1,27,Delivered
P13478,Summit Energy,Standard letter,1336.96,Yes,Metropolitan,2025-02-06,0,,Delivered
P13479,Harbour Energy,Redesigned letter,1554.29,Yes,Metropolitan,2025-02-11,1,6,Delivered
P13480,Everly Energy,Redesigned letter,523.77,Yes,Regional,2025-02-14,0,,Delivered
P13481,Harbour Energy,Redesigned letter,624.3,Yes,Regional,2025-02-05,0,,Delivered
P13482,Everly Energy,Standard letter,918.35,No,Metropolitan,2025-02-10,1,11,Delivered
P13483,Harbour Energy,Standard letter,2003.09,No,Metropolitan,2025-02-09,0,,Delivered
P13484,Harbour Energy,Standard letter,242.79,No,Regional,2025-02-07,0,,Delivered
P13485,Everly Energy,Standard letter,1045.37,Yes,Metropolitan,2025-02-03,0,,Delivered
P13486,Harbour Energy,Standard letter,655.75,No,Metropolitan,2025-02-13,0,,Delivered
P13487,Everly Energy,Redesigned letter,396.55,No,Regional,2025-02-04,0,,Delivered
P13488,Everly Energy,Standard letter,1643.67,No,Regional,2025-02-09,0,,Delivered
P13489,Kestrel Power,Redesigned letter,369.97,No,Metropolitan,2025-02-09,0,,Delivered
P13490,Kestrel Power,Redesigned letter,973.22,Yes,Regional,2025-02-13,1,26,Delivered
P13491,Harbour Energy,Standard letter,778.72,No,Metropolitan,2025-02-05,0,,Delivered
P13492,Harbour Energy,Redesigned letter,892.7,No,Metropolitan,2025-02-08,0,,Delivered
P13493,Kestrel Power,Standard letter,550.65,No,Regional,2025-02-03,0,,Delivered
P13494,Everly Energy,Standard letter,708.16,No,Metropolitan,2025-02-03,0,,Delivered
P13495,Kestrel Power,Redesigned letter,581.56,No,Regional,2025-02-10,0,,Delivered
P13496,Harbour Energy,Redesigned letter,776.57,Yes,Metropolitan,2025-02-06,0,,Delivered
P13497,Everly Energy,Standard letter,361.56,No,Metropolitan,2025-02-03,0,,Delivered
P13498,Everly Energy,Standard letter,1874.13,No,Metropolitan,2025-02-04,0,,Delivered
P13499,Summit Energy,Redesigned letter,408.02,No,Regional,2025-02-06,0,,Delivered
P13500,Everly Energy,Standard letter,1751.6,No,Regional,2025-02-03,1,13,Delivered
P13501,Kestrel Power,Standard letter,1067.13,Yes,Metropolitan,2025-02-06,0,,Delivered
P13502,Summit Energy,Redesigned letter,1045.41,No,Metropolitan,2025-02-10,0,,Delivered
P13503,Harbour Energy,Standard letter,493.79,No,Metropolitan,2025-02-08,1,18,Delivered
P13504,Lumen Energy,Standard letter,1108.62,No,Metropolitan,2025-02-11,0,,Delivered
P13505,Harbour Energy,Standard letter,1794.74,No,Metropolitan,2025-02-10,0,,Delivered
P13506,Harbour Energy,Redesigned letter,557.39,No,Metropolitan,2025-02-12,0,,Delivered
P13507,Lumen Energy,Standard letter,392.1,Yes,Metropolitan,2025-02-04,0,,Delivered
P13508,Solace Power,Standard letter,509.54,No,Regional,2025-02-06,0,,Delivered
P13509,Summit Energy,Standard letter,1703.86,Yes,Regional,2025-02-04,0,,Delivered
P13510,Lumen Energy,Standard letter,369.68,No,Regional,2025-02-04,0,,Delivered
P13511,Harbour Energy,Standard letter,515.57,No,Metropolitan,2025-02-07,0,,Delivered
P13512,Everly Energy,Redesigned letter,2231.15,No,Metropolitan,2025-02-12,0,,Delivered
P13513,Everly Energy,Redesigned letter,854.43,No,Metropolitan,2025-02-08,1,27,Delivered
P13514,Harbour Energy,Standard letter,281.31,No,Metropolitan,2025-02-03,0,,Delivered
P13515,Summit Energy,Redesigned letter,776.83,Yes,Metropolitan,2025-02-06,0,,Delivered
P13516,Everly Energy,Redesigned letter,1333.95,No,Metropolitan,2025-02-06,0,,Delivered
P13517,Harbour Energy,Standard letter,1025.5,No,Metropolitan,2025-02-04,0,,Delivered
P13518,Summit Energy,Redesigned letter,1129.56,No,Metropolitan,2025-02-11,0,,Delivered
P13519,Harbour Energy,Redesigned letter,936.77,No,Regional,2025-02-12,0,,Delivered
P13520,Harbour Energy,Standard letter,1303.64,No,Regional,2025-02-13,1,14,Delivered
P13521,Solace Power,Redesigned letter,400.02,No,Metropolitan,2025-02-04,0,,Delivered
P13522,Solace Power,Redesigned letter,2356.44,No,Regional,2025-02-07,1,11,Delivered
P13523,Everly Energy,Redesigned letter,462.55,No,Metropolitan,2025-02-05,0,,Delivered
P13524,Harbour Energy,Redesigned letter,711.7,Yes,Metropolitan,2025-02-10,0,,Delivered
P13525,Lumen Energy,Standard letter,2953.14,No,Regional,2025-02-03,0,,Delivered
P13526,Everly Energy,Redesigned letter,454.1,No,Regional,2025-02-06,0,,Delivered
P13527,Lumen Energy,Redesigned letter,1943.44,Yes,Metropolitan,2025-02-09,1,9,Delivered
P13528,Summit Energy,Standard letter,1154.13,Yes,Regional,2025-02-05,0,,Delivered
P13529,Lumen Energy,Standard letter,1800.59,No,Metropolitan,2025-02-09,0,,Delivered
P13530,Everly Energy,Standard letter,1624.5,Yes,Metropolitan,2025-02-08,,,Returned undeliverable
P13531,Solace Power,Redesigned letter,328.66,No,Metropolitan,2025-02-08,1,19,Delivered
P13532,Harbour Energy,Standard letter,1309.05,Yes,Metropolitan,2025-02-11,0,,Delivered
P13533,Harbour Energy,Standard letter,654.92,No,Metropolitan,2025-02-03,0,,Delivered
P13534,Harbour Energy,Standard letter,506.36,No,Metropolitan,2025-02-07,1,16,Delivered
P13535,Everly Energy,Redesigned letter,1372.53,Yes,Metropolitan,2025-02-03,1,24,Delivered
P13536,Solace Power,Redesigned letter,1331.49,No,Regional,2025-02-13,0,,Delivered
P13537,Summit Energy,Standard letter,882.85,Yes,Metropolitan,2025-02-13,0,,Delivered
P13538,Everly Energy,Standard letter,402.83,No,Regional,2025-02-12,0,,Delivered
P13539,Solace Power,Standard letter,1748.1,Yes,Regional,2025-02-03,1,18,Delivered
P13540,Everly Energy,Standard letter,1105.33,Yes,Metropolitan,2025-02-14,1,27,Delivered
P13541,Harbour Energy,Redesigned letter,1067.51,Yes,Regional,2025-02-08,1,2,Delivered
P13542,Harbour Energy,Redesigned letter,2034.47,No,Metropolitan,2025-02-13,1,22,Delivered
P13543,Everly Energy,Redesigned letter,2096.35,No,Metropolitan,2025-02-05,1,22,Delivered
P13544,Everly Energy,Redesigned letter,965.62,Yes,Metropolitan,2025-02-03,1,26,Delivered
P13545,Everly Energy,Standard letter,1525.56,No,Regional,2025-02-10,0,,Delivered
P13546,Kestrel Power,Redesigned letter,1844.61,Yes,Regional,2025-02-04,0,,Delivered
P13547,Everly Energy,Standard letter,1617.36,No,Metropolitan,2025-02-11,0,,Delivered
P13548,Harbour Energy,Redesigned letter,381.76,No,Regional,2025-02-07,0,,Delivered
P13549,Everly Energy,Redesigned letter,3197.45,No,Regional,2025-02-14,1,8,Delivered
P13550,Kestrel Power,Standard letter,479.59,No,Metropolitan,2025-02-10,0,,Delivered
P13551,Everly Energy,Redesigned letter,379.09,No,Regional,2025-02-14,0,,Delivered
P13552,Kestrel Power,Redesigned letter,699.49,No,Metropolitan,2025-02-12,0,,Delivered
P13553,Lumen Energy,Redesigned letter,888.0,No,Regional,2025-02-03,0,,Delivered
P13554,Lumen Energy,Redesigned letter,336.75,Yes,Metropolitan,2025-02-10,0,,Delivered
P13555,Everly Energy,Standard letter,927.47,No,Regional,2025-02-13,0,,Delivered
P13556,Harbour Energy,Redesigned letter,683.58,Yes,Regional,2025-02-08,0,,Delivered
P13557,Harbour Energy,Redesigned letter,1452.53,No,Regional,2025-02-08,0,,Delivered
P13558,Summit Energy,Standard letter,1252.68,Yes,Metropolitan,2025-02-11,0,,Delivered
P13559,Harbour Energy,Standard letter,1107.09,No,Metropolitan,2025-02-13,1,19,Delivered
P13560,Harbour Energy,Standard letter,393.98,No,Metropolitan,2025-02-04,0,,Delivered
P13561,Harbour Energy,Redesigned letter,395.98,No,Metropolitan,2025-02-09,0,,Delivered
P13562,Everly Energy,Standard letter,714.7,Yes,Metropolitan,2025-02-03,0,,Delivered
P13563,Harbour Energy,Redesigned letter,1652.38,Yes,Metropolitan,2025-02-08,0,,Delivered
P13564,Everly Energy,Redesigned letter,644.0,No,Metropolitan,2025-02-07,0,,Delivered
P13565,Harbour Energy,Standard letter,1041.35,No,Metropolitan,2025-02-09,1,30,Delivered
P13566,Everly Energy,Redesigned letter,2805.31,No,Regional,2025-02-12,0,,Delivered
P13567,Solace Power,Standard letter,1484.82,No,Metropolitan,2025-02-04,0,,Delivered
P13568,Everly Energy,Redesigned letter,798.27,Yes,Regional,2025-02-03,0,,Delivered
P13569,Everly Energy,Redesigned letter,1021.0,No,Regional,2025-02-08,0,,Delivered
P13570,Summit Energy,Standard letter,704.34,No,Regional,2025-02-10,0,,Delivered
P13571,Solace Power,Redesigned letter,300.69,Yes,Metropolitan,2025-02-13,0,,Delivered
P13572,Harbour Energy,Redesigned letter,1114.87,No,Metropolitan,2025-02-12,0,,Delivered
P13573,Summit Energy,Standard letter,914.59,Yes,Metropolitan,2025-02-06,1,3,Delivered
P13574,Solace Power,Redesigned letter,1140.47,Yes,Metropolitan,2025-02-03,1,14,Delivered
P13575,Harbour Energy,Redesigned letter,541.87,No,Metropolitan,2025-02-12,1,2,Delivered
P13576,Summit Energy,Redesigned letter,432.6,No,Regional,2025-02-06,0,,Delivered
P13577,Summit Energy,Standard letter,392.57,No,Metropolitan,2025-02-06,1,7,Delivered
P13578,Lumen Energy,Redesigned letter,571.09,No,Regional,2025-02-12,0,,Delivered
P13579,Summit Energy,Standard letter,1310.83,No,Metropolitan,2025-02-13,0,,Delivered
P13580,Harbour Energy,Redesigned letter,314.21,Yes,Metropolitan,2025-02-05,0,,Delivered
P13581,Summit Energy,Redesigned letter,222.28,No,Regional,2025-02-03,0,,Delivered
P13582,Kestrel Power,Standard letter,887.69,Yes,Regional,2025-02-13,0,,Delivered
P13583,Summit Energy,Redesigned letter,491.37,No,Regional,2025-02-10,0,,Delivered
P13584,Summit Energy,Standard letter,1781.17,Yes,Metropolitan,2025-02-08,0,,Delivered
P13585,Everly Energy,Redesigned letter,962.94,No,Metropolitan,2025-02-12,0,,Delivered
P13586,Lumen Energy,Standard letter,799.19,No,Regional,2025-02-10,0,,Delivered
P13587,Everly Energy,Standard letter,1289.59,No,Metropolitan,2025-02-09,0,,Delivered
P13588,Harbour Energy,Standard letter,1100.27,Yes,Regional,2025-02-12,0,,Delivered
P13589,Summit Energy,Standard letter,1877.22,No,Metropolitan,2025-02-06,0,,Delivered
P13590,Everly Energy,Redesigned letter,2560.43,No,Regional,2025-02-08,1,4,Delivered
P13591,Lumen Energy,Redesigned letter,616.43,No,Regional,2025-02-13,0,,Delivered
P13592,Lumen Energy,Redesigned letter,648.66,Yes,Metropolitan,2025-02-03,0,,Delivered
P13593,Everly Energy,Standard letter,844.77,Yes,Metropolitan,2025-02-03,1,14,Delivered
P13594,Summit Energy,Redesigned letter,929.29,No,Regional,2025-02-10,1,3,Delivered
P13595,Summit Energy,Standard letter,1761.49,Yes,Metropolitan,2025-02-07,1,3,Delivered
P13596,Solace Power,Redesigned letter,2554.86,No,Metropolitan,2025-02-07,0,,Delivered
P13597,Harbour Energy,Redesigned letter,1465.88,Yes,Metropolitan,2025-02-03,0,,Delivered
P13598,Everly Energy,Standard letter,931.91,Yes,Regional,2025-02-14,1,24,Delivered
P13599,Everly Energy,Standard letter,952.16,No,Metropolitan,2025-02-07,0,,Delivered
P13600,Harbour Energy,Redesigned letter,1396.17,Yes,Metropolitan,2025-02-06,0,,Delivered
P13601,Harbour Energy,Redesigned letter,749.93,Yes,Metropolitan,2025-02-05,0,,Delivered
P13602,Kestrel Power,Standard letter,1564.61,No,Regional,2025-02-06,0,,Delivered
P13603,Harbour Energy,Redesigned letter,433.4,Yes,Metropolitan,2025-02-08,1,6,Delivered
P13604,Lumen Energy,Standard letter,1372.32,No,Metropolitan,2025-02-09,1,18,Delivered
P13605,Lumen Energy,Redesigned letter,482.63,No,Metropolitan,2025-02-07,1,27,Delivered
P13606,Solace Power,Redesigned letter,4341.91,No,Metropolitan,2025-02-13,0,,Delivered
P13607,Everly Energy,Redesigned letter,1676.65,No,Metropolitan,2025-02-12,0,,Delivered
P13608,Summit Energy,Standard letter,1163.85,No,Metropolitan,2025-02-13,,,Returned undeliverable
P13609,Harbour Energy,Redesigned letter,1068.94,No,Metropolitan,2025-02-13,1,26,Delivered
P13610,Everly Energy,Redesigned letter,1107.47,Yes,Metropolitan,2025-02-09,0,,Delivered
P13611,Summit Energy,Redesigned letter,870.26,No,Regional,2025-02-05,0,,Delivered
P13612,Harbour Energy,Standard letter,1480.14,No,Metropolitan,2025-02-14,0,,Delivered
P13613,Harbour Energy,Redesigned letter,1029.05,Yes,Metropolitan,2025-02-11,1,6,Delivered
P13614,Harbour Energy,Standard letter,1532.0,No,Metropolitan,2025-02-10,0,,Delivered
P13615,Everly Energy,Redesigned letter,323.5,No,Regional,2025-02-08,0,,Delivered
P13616,Solace Power,Standard letter,1398.69,Yes,Metropolitan,2025-02-09,0,,Delivered
P13617,Harbour Energy,Redesigned letter,711.6,No,Metropolitan,2025-02-13,0,,Delivered
P13618,Summit Energy,Redesigned letter,699.19,No,Metropolitan,2025-02-04,0,,Delivered
P13619,Everly Energy,Standard letter,1610.61,Yes,Metropolitan,2025-02-14,0,,Delivered
P13620,Summit Energy,Standard letter,1622.37,No,Metropolitan,2025-02-05,0,,Delivered
P13621,Harbour Energy,Standard letter,597.49,No,Metropolitan,2025-02-07,0,,Delivered
P13622,Lumen Energy,Redesigned letter,1042.87,No,Metropolitan,2025-02-06,0,,Delivered
P13623,Summit Energy,Standard letter,1594.99,No,Regional,2025-02-03,0,,Delivered
P13624,Everly Energy,Standard letter,338.59,No,Regional,2025-02-03,0,,Delivered
P13625,Summit Energy,Standard letter,490.57,Yes,Regional,2025-02-03,0,,Delivered
P13626,Everly Energy,Redesigned letter,1692.86,No,Metropolitan,2025-02-04,1,25,Delivered
P13627,Summit Energy,Redesigned letter,1128.7,No,Metropolitan,2025-02-05,0,,Delivered
P13628,Everly Energy,Redesigned letter,1644.0,No,Metropolitan,2025-02-10,1,3,Delivered
P13629,Harbour Energy,Redesigned letter,1189.4,Yes,Metropolitan,2025-02-08,1,13,Delivered
P13630,Everly Energy,Standard letter,807.69,No,Regional,2025-02-10,0,,Delivered
P13631,Summit Energy,Standard letter,981.63,No,Metropolitan,2025-02-09,0,,Delivered
P13632,Lumen Energy,Standard letter,272.43,No,Metropolitan,2025-02-03,0,,Delivered
P13633,Kestrel Power,Standard letter,800.66,No,Regional,2025-02-14,0,,Delivered
P13634,Harbour Energy,Redesigned letter,1390.94,No,Regional,2025-02-06,0,,Delivered
P13635,Solace Power,Standard letter,337.17,No,Metropolitan,2025-02-07,0,,Delivered
P13636,Solace Power,Redesigned letter,611.65,No,Metropolitan,2025-02-06,0,,Delivered
P13637,Harbour Energy,Standard letter,1378.63,No,Metropolitan,2025-02-12,0,,Delivered
P13638,Harbour Energy,Redesigned letter,621.5,No,Metropolitan,2025-02-07,0,,Delivered
P13639,Summit Energy,Standard letter,443.0,No,Metropolitan,2025-02-10,0,,Delivered
P13640,Summit Energy,Redesigned letter,677.88,No,Metropolitan,2025-02-08,1,1,Delivered
P13641,Everly Energy,Redesigned letter,1125.76,Yes,Metropolitan,2025-02-06,0,,Delivered
P13642,Kestrel Power,Redesigned letter,437.61,Yes,Regional,2025-02-04,0,,Delivered
P13643,Harbour Energy,Redesigned letter,859.86,No,Metropolitan,2025-02-08,0,,Delivered
P13644,Summit Energy,Standard letter,1297.64,No,Metropolitan,2025-02-08,0,,Delivered
P13645,Kestrel Power,Redesigned letter,3568.24,No,Metropolitan,2025-02-07,0,,Delivered
P13646,Kestrel Power,Standard letter,277.77,Yes,Regional,2025-02-08,1,5,Delivered
P13647,Solace Power,Standard letter,1259.64,No,Regional,2025-02-06,0,,Delivered
P13648,Everly Energy,Standard letter,924.93,Yes,Metropolitan,2025-02-11,0,,Delivered
P13649,Harbour Energy,Redesigned letter,521.7,No,Regional,2025-02-11,0,,Delivered
P13650,Everly Energy,Standard letter,161.63,No,Metropolitan,2025-02-04,0,,Delivered
P13651,Summit Energy,Redesigned letter,615.03,No,Metropolitan,2025-02-12,0,,Delivered
P13652,Summit Energy,Redesigned letter,1195.6,Yes,Metropolitan,2025-02-10,1,19,Delivered
P13653,Harbour Energy,Redesigned letter,806.34,Yes,Regional,2025-02-13,1,13,Delivered
P13654,Everly Energy,Standard letter,608.67,Yes,Regional,2025-02-11,0,,Delivered
P13655,Harbour Energy,Standard letter,574.37,Yes,Metropolitan,2025-02-13,0,,Delivered
P13656,Everly Energy,Standard letter,1167.25,No,Metropolitan,2025-02-10,0,,Delivered
P13657,Harbour Energy,Redesigned letter,366.34,No,Metropolitan,2025-02-14,0,,Delivered
P13658,Summit Energy,Redesigned letter,565.9,No,Metropolitan,2025-02-14,0,,Delivered
P13659,Everly Energy,Redesigned letter,1943.54,Yes,Metropolitan,2025-02-12,0,,Delivered
P13660,Everly Energy,Redesigned letter,1518.45,No,Metropolitan,2025-02-07,1,13,Delivered
P13661,Lumen Energy,Redesigned letter,691.42,No,Metropolitan,2025-02-10,1,14,Delivered
P13662,Everly Energy,Redesigned letter,887.41,Yes,Metropolitan,2025-02-12,1,11,Delivered
P13663,Everly Energy,Standard letter,862.9,No,Metropolitan,2025-02-07,0,,Delivered
P13664,Solace Power,Redesigned letter,1319.14,Yes,Metropolitan,2025-02-09,0,,Delivered
P13665,Kestrel Power,Redesigned letter,949.59,No,Metropolitan,2025-02-08,0,,Delivered
P13666,Summit Energy,Standard letter,2191.08,No,Metropolitan,2025-02-12,0,,Delivered
P13667,Everly Energy,Standard letter,451.86,Yes,Regional,2025-02-05,1,17,Delivered
P13668,Kestrel Power,Standard letter,528.5,No,Regional,2025-02-10,0,,Delivered
P13669,Everly Energy,Redesigned letter,891.1,No,Metropolitan,2025-02-07,0,,Delivered
P13670,Harbour Energy,Standard letter,1011.76,No,Metropolitan,2025-02-09,0,,Delivered
P13671,Lumen Energy,Standard letter,1300.6,No,Regional,2025-02-06,0,,Delivered
P13672,Lumen Energy,Redesigned letter,1039.09,Yes,Regional,2025-02-11,0,,Delivered
P13673,Everly Energy,Redesigned letter,1895.52,Yes,Regional,2025-02-03,0,,Delivered
P13674,Summit Energy,Redesigned letter,548.72,No,Metropolitan,2025-02-13,1,21,Delivered
P13675,Harbour Energy,Standard letter,1415.87,No,Regional,2025-02-12,0,,Delivered
P13676,Summit Energy,Redesigned letter,1483.85,No,Metropolitan,2025-02-11,0,,Delivered
P13677,Lumen Energy,Redesigned letter,658.65,No,Regional,2025-02-05,1,7,Delivered
P13678,Everly Energy,Redesigned letter,618.43,Yes,Metropolitan,2025-02-14,0,,Delivered
P13679,Everly Energy,Redesigned letter,1210.97,No,Metropolitan,2025-02-04,0,,Delivered
P13680,Lumen Energy,Redesigned letter,586.49,No,Metropolitan,2025-02-04,0,,Delivered
P13681,Lumen Energy,Redesigned letter,993.67,No,Metropolitan,2025-02-12,1,21,Delivered
P13682,Summit Energy,Standard letter,945.86,No,Regional,2025-02-10,0,,Delivered
P13683,Summit Energy,Standard letter,1209.92,No,Metropolitan,2025-02-08,0,,Delivered
P13684,Lumen Energy,Redesigned letter,561.89,Yes,Metropolitan,2025-02-07,0,,Delivered
P13685,Summit Energy,Standard letter,227.52,Yes,Metropolitan,2025-02-05,1,23,Delivered
P13686,Solace Power,Redesigned letter,1863.83,No,Regional,2025-02-10,0,,Delivered
P13687,Harbour Energy,Standard letter,1418.09,No,Metropolitan,2025-02-09,0,,Delivered
P13688,Harbour Energy,Standard letter,1237.52,No,Metropolitan,2025-02-04,0,,Delivered
P13689,Kestrel Power,Redesigned letter,1110.77,No,Metropolitan,2025-02-05,0,,Delivered
P13690,Kestrel Power,Standard letter,2434.31,Yes,Metropolitan,2025-02-12,0,,Delivered
P13691,Lumen Energy,Standard letter,1207.72,No,Metropolitan,2025-02-05,0,,Delivered
P13692,Harbour Energy,Standard letter,511.18,No,Metropolitan,2025-02-06,0,,Delivered
P13693,Harbour Energy,Standard letter,274.56,Yes,Metropolitan,2025-02-11,0,,Delivered
P13694,Summit Energy,Redesigned letter,2720.65,Yes,Regional,2025-02-05,0,,Delivered
P13695,Harbour Energy,Redesigned letter,781.83,No,Regional,2025-02-09,0,,Delivered
P13696,Summit Energy,Redesigned letter,394.18,No,Regional,2025-02-06,1,16,Delivered
P13697,Solace Power,Redesigned letter,1161.8,No,Metropolitan,2025-02-03,0,,Delivered
P13698,Kestrel Power,Redesigned letter,489.45,No,Metropolitan,2025-02-03,0,,Delivered
P13699,Harbour Energy,Standard letter,670.16,No,Metropolitan,2025-02-12,0,,Delivered
P13700,Everly Energy,Redesigned letter,1245.98,No,Metropolitan,2025-02-05,0,,Delivered
P13701,Kestrel Power,Standard letter,1684.14,No,Metropolitan,2025-02-07,0,,Delivered
P13702,Everly Energy,Standard letter,237.07,No,Metropolitan,2025-02-06,1,28,Delivered
P13703,Solace Power,Standard letter,2058.19,Yes,Metropolitan,2025-02-14,0,,Delivered
P13704,Summit Energy,Redesigned letter,869.49,No,Metropolitan,2025-02-09,0,,Delivered
P13705,Harbour Energy,Standard letter,1073.1,No,Regional,2025-02-07,0,,Delivered
P13706,Lumen Energy,Redesigned letter,1412.68,Yes,Regional,2025-02-14,0,,Delivered
P13707,Kestrel Power,Standard letter,1329.71,No,Regional,2025-02-03,0,,Delivered
P13708,Lumen Energy,Redesigned letter,616.14,No,Metropolitan,2025-02-11,0,,Delivered
P13709,Harbour Energy,Standard letter,2612.71,No,Metropolitan,2025-02-12,0,,Delivered
P13710,Harbour Energy,Redesigned letter,942.73,No,Metropolitan,2025-02-11,0,,Delivered
P13711,Harbour Energy,Redesigned letter,662.67,No,Metropolitan,2025-02-08,0,,Delivered
P13712,Kestrel Power,Redesigned letter,2367.71,Yes,Metropolitan,2025-02-11,0,,Delivered
P13713,Everly Energy,Standard letter,1174.13,No,Regional,2025-02-08,0,,Delivered
P13714,Harbour Energy,Redesigned letter,992.1,No,Metropolitan,2025-02-13,0,,Delivered
P13715,Harbour Energy,Redesigned letter,894.05,No,Regional,2025-02-04,1,20,Delivered
P13716,Everly Energy,Redesigned letter,1529.97,No,Regional,2025-02-11,0,,Delivered
P13717,Summit Energy,Redesigned letter,1009.93,No,Regional,2025-02-04,1,13,Delivered
P13718,Everly Energy,Standard letter,3166.21,Yes,Regional,2025-02-10,1,25,Delivered
P13719,Everly Energy,Standard letter,217.07,No,Regional,2025-02-09,0,,Delivered
P13720,Summit Energy,Standard letter,2120.72,No,Metropolitan,2025-02-03,0,,Delivered
P13721,Everly Energy,Redesigned letter,1300.03,No,Metropolitan,2025-02-05,0,,Delivered
P13722,Lumen Energy,Standard letter,1411.91,No,Metropolitan,2025-02-13,0,,Delivered
P13723,Kestrel Power,Redesigned letter,1697.14,No,Regional,2025-02-10,0,,Delivered
P13724,Everly Energy,Redesigned letter,616.1,No,Regional,2025-02-11,0,,Delivered
P13725,Harbour Energy,Standard letter,1188.87,No,Regional,2025-02-04,0,,Delivered
P13726,Harbour Energy,Redesigned letter,375.48,No,Metropolitan,2025-02-05,0,,Delivered
P13727,Kestrel Power,Redesigned letter,1898.57,No,Metropolitan,2025-02-06,0,,Delivered
P13728,Harbour Energy,Standard letter,481.76,Yes,Metropolitan,2025-02-12,0,,Delivered
P13729,Everly Energy,Redesigned letter,1034.14,No,Regional,2025-02-08,0,,Delivered
P13730,Harbour Energy,Standard letter,662.05,No,Regional,2025-02-09,0,,Delivered
P13731,Kestrel Power,Standard letter,635.35,Yes,Metropolitan,2025-02-09,0,,Delivered
P13732,Harbour Energy,Redesigned letter,459.84,Yes,Regional,2025-02-09,1,24,Delivered
P13733,Kestrel Power,Redesigned letter,598.11,No,Metropolitan,2025-02-03,0,,Delivered
P13734,Everly Energy,Redesigned letter,3429.06,No,Regional,2025-02-04,0,,Delivered
P13735,Harbour Energy,Redesigned letter,767.22,No,Metropolitan,2025-02-10,0,,Delivered
P13736,Harbour Energy,Redesigned letter,871.12,No,Regional,2025-02-05,0,,Delivered
P13737,Harbour Energy,Standard letter,555.85,Yes,Metropolitan,2025-02-09,1,17,Delivered
P13738,Summit Energy,Standard letter,1397.43,No,Regional,2025-02-14,1,27,Delivered
P13739,Summit Energy,Standard letter,1306.81,No,Regional,2025-02-11,0,,Delivered
P13740,Summit Energy,Redesigned letter,147.96,No,Regional,2025-02-08,0,,Delivered
P13741,Kestrel Power,Redesigned letter,1168.41,No,Metropolitan,2025-02-11,0,,Delivered
P13742,Everly Energy,Standard letter,1436.63,Yes,Metropolitan,2025-02-10,0,,Delivered
P13743,Lumen Energy,Standard letter,870.55,No,Regional,2025-02-10,1,11,Delivered
P13744,Harbour Energy,Redesigned letter,1596.72,No,Regional,2025-02-11,1,18,Delivered
P13745,Lumen Energy,Redesigned letter,1600.2,Yes,Metropolitan,2025-02-08,0,,Delivered
P13746,Harbour Energy,Redesigned letter,2515.06,No,Metropolitan,2025-02-09,0,,Delivered
P13747,Harbour Energy,Redesigned letter,890.03,Yes,Metropolitan,2025-02-11,0,,Delivered
P13748,Lumen Energy,Standard letter,1438.23,No,Regional,2025-02-13,0,,Delivered
P13749,Harbour Energy,Standard letter,1942.1,No,Metropolitan,2025-02-14,0,,Delivered
P13750,Lumen Energy,Redesigned letter,1605.04,No,Regional,2025-02-14,0,,Delivered
P13751,Lumen Energy,Standard letter,319.77,No,Metropolitan,2025-02-11,1,23,Delivered
P13752,Harbour Energy,Standard letter,927.57,No,Regional,2025-02-14,0,,Delivered
P13753,Kestrel Power,Standard letter,794.43,No,Metropolitan,2025-02-13,0,,Delivered
P13754,Everly Energy,Redesigned letter,594.87,No,Metropolitan,2025-02-06,0,,Delivered
P13755,Everly Energy,Standard letter,1439.42,No,Metropolitan,2025-02-03,0,,Delivered
P13756,Harbour Energy,Standard letter,1082.85,No,Metropolitan,2025-02-07,0,,Delivered
P13757,Harbour Energy,Redesigned letter,831.22,Yes,Regional,2025-02-08,0,,Delivered
P13758,Everly Energy,Redesigned letter,845.05,No,Metropolitan,2025-02-09,0,,Delivered
P13759,Lumen Energy,Standard letter,465.1,No,Regional,2025-02-14,0,,Delivered
P13760,Kestrel Power,Redesigned letter,400.35,No,Metropolitan,2025-02-03,1,19,Delivered
P13761,Harbour Energy,Redesigned letter,1485.93,No,Metropolitan,2025-02-09,0,,Delivered
P13762,Everly Energy,Redesigned letter,5421.19,No,Regional,2025-02-14,0,,Delivered
P13763,Everly Energy,Standard letter,1101.44,No,Regional,2025-02-14,0,,Delivered
P13764,Harbour Energy,Standard letter,314.98,No,Metropolitan,2025-02-06,0,,Delivered
P13765,Everly Energy,Standard letter,682.86,No,Metropolitan,2025-02-05,0,,Delivered
P13766,Harbour Energy,Standard letter,845.25,No,Regional,2025-02-04,0,,Delivered
P13767,Kestrel Power,Standard letter,3474.82,No,Metropolitan,2025-02-03,0,,Delivered
P13768,Summit Energy,Redesigned letter,745.65,No,Metropolitan,2025-02-13,1,21,Delivered
P13769,Kestrel Power,Standard letter,1083.28,Yes,Metropolitan,2025-02-10,0,,Delivered
P13770,Harbour Energy,Redesigned letter,487.37,No,Metropolitan,2025-02-03,0,,Delivered
P13771,Summit Energy,Standard letter,680.19,No,Metropolitan,2025-02-09,0,,Delivered
P13772,Lumen Energy,Standard letter,1269.59,No,Regional,2025-02-03,0,,Delivered
P13773,Lumen Energy,Redesigned letter,1292.81,No,Regional,2025-02-09,0,,Delivered
P13774,Summit Energy,Standard letter,1175.72,No,Metropolitan,2025-02-14,0,,Delivered
P13775,Everly Energy,Redesigned letter,579.69,No,Regional,2025-02-14,1,22,Delivered
P13776,Harbour Energy,Standard letter,483.13,No,Metropolitan,2025-02-04,0,,Delivered
P13777,Lumen Energy,Redesigned letter,1420.86,No,Metropolitan,2025-02-04,0,,Delivered
P13778,Lumen Energy,Standard letter,597.94,No,Metropolitan,2025-02-10,0,,Delivered
P13779,Summit Energy,Redesigned letter,1004.34,No,Metropolitan,2025-02-09,0,,Delivered
P13780,Everly Energy,Redesigned letter,613.53,No,Regional,2025-02-05,1,14,Delivered
P13781,Kestrel Power,Redesigned letter,694.94,No,Regional,2025-02-13,0,,Delivered
P13782,Kestrel Power,Standard letter,1472.51,Yes,Metropolitan,2025-02-06,0,,Delivered
P13783,Harbour Energy,Redesigned letter,1644.47,Yes,Metropolitan,2025-02-10,1,1,Delivered
P13784,Kestrel Power,Standard letter,1230.51,No,Metropolitan,2025-02-14,1,21,Delivered
P13785,Everly Energy,Standard letter,504.91,Yes,Regional,2025-02-06,0,,Delivered
P13786,Harbour Energy,Standard letter,369.03,No,Metropolitan,2025-02-07,0,,Delivered
P13787,Summit Energy,Standard letter,714.28,No,Metropolitan,2025-02-09,0,,Delivered
P13788,Lumen Energy,Standard letter,660.04,No,Metropolitan,2025-02-08,0,,Delivered
P13789,Summit Energy,Redesigned letter,563.88,No,Regional,2025-02-06,0,,Delivered
P13790,Summit Energy,Redesigned letter,944.15,No,Metropolitan,2025-02-13,0,,Delivered
P13791,Harbour Energy,Standard letter,729.04,No,Regional,2025-02-12,0,,Delivered
P13792,Solace Power,Standard letter,1514.93,No,Regional,2025-02-12,1,26,Delivered
P13793,Lumen Energy,Redesigned letter,1451.86,No,Metropolitan,2025-02-12,1,28,Delivered
P13794,Summit Energy,Redesigned letter,243.15,No,Metropolitan,2025-02-07,1,28,Delivered
P13795,Harbour Energy,Standard letter,616.65,No,Regional,2025-02-13,0,,Delivered
P13796,Everly Energy,Standard letter,488.34,Yes,Metropolitan,2025-02-12,0,,Delivered
P13797,Everly Energy,Standard letter,356.18,No,Regional,2025-02-06,0,,Delivered
P13798,Lumen Energy,Redesigned letter,1146.71,No,Regional,2025-02-13,1,8,Delivered
P13799,Lumen Energy,Standard letter,3498.93,Yes,Metropolitan,2025-02-14,0,,Delivered
P13800,Harbour Energy,Redesigned letter,877.41,No,Metropolitan,2025-02-05,0,,Delivered
P13801,Everly Energy,Standard letter,776.05,No,Regional,2025-02-13,1,29,Delivered
P13802,Harbour Energy,Standard letter,1015.61,No,Metropolitan,2025-02-14,0,,Delivered
P13803,Kestrel Power,Redesigned letter,1187.62,Yes,Regional,2025-02-05,,,Returned undeliverable
P13804,Lumen Energy,Standard letter,994.42,No,Metropolitan,2025-02-14,0,,Delivered
P13805,Harbour Energy,Standard letter,763.5,No,Metropolitan,2025-02-08,1,7,Delivered
P13806,Summit Energy,Redesigned letter,1845.85,No,Metropolitan,2025-02-08,0,,Delivered
P13807,Lumen Energy,Redesigned letter,483.71,No,Metropolitan,2025-02-05,1,22,Delivered
P13808,Kestrel Power,Redesigned letter,907.51,No,Metropolitan,2025-02-09,0,,Delivered
P13809,Kestrel Power,Redesigned letter,1020.06,No,Regional,2025-02-13,,,Returned undeliverable
P13810,Harbour Energy,Standard letter,901.23,No,Metropolitan,2025-02-10,0,,Delivered
P13811,Lumen Energy,Redesigned letter,244.68,No,Metropolitan,2025-02-04,0,,Delivered
P13812,Harbour Energy,Redesigned letter,615.71,Yes,Metropolitan,2025-02-09,,,Returned undeliverable
P13813,Harbour Energy,Standard letter,723.65,Yes,Metropolitan,2025-02-08,0,,Delivered
P13814,Solace Power,Standard letter,534.34,No,Regional,2025-02-05,0,,Delivered
P13815,Lumen Energy,Redesigned letter,671.01,No,Regional,2025-02-11,0,,Delivered
P13816,Harbour Energy,Redesigned letter,888.8,Yes,Metropolitan,2025-02-08,1,11,Delivered
P13817,Summit Energy,Standard letter,1503.98,No,Regional,2025-02-13,0,,Delivered
P13818,Summit Energy,Standard letter,1996.87,No,Metropolitan,2025-02-13,0,,Delivered
P13819,Lumen Energy,Standard letter,1047.88,Yes,Metropolitan,2025-02-05,1,14,Delivered
P13820,Everly Energy,Redesigned letter,556.32,No,Regional,2025-02-13,1,6,Delivered
P13821,Kestrel Power,Standard letter,821.14,No,Metropolitan,2025-02-14,0,,Delivered
P13822,Everly Energy,Standard letter,2488.96,No,Regional,2025-02-07,0,,Delivered
P13823,Lumen Energy,Standard letter,1327.57,No,Metropolitan,2025-02-06,0,,Delivered
P13824,Summit Energy,Redesigned letter,764.81,No,Metropolitan,2025-02-03,0,,Delivered
P13825,Lumen Energy,Redesigned letter,1934.39,Yes,Regional,2025-02-05,1,8,Delivered
P13826,Everly Energy,Standard letter,1272.81,Yes,Metropolitan,2025-02-03,0,,Delivered
P13827,Summit Energy,Redesigned letter,1036.27,Yes,Metropolitan,2025-02-07,0,,Delivered
P13828,Summit Energy,Standard letter,847.61,No,Metropolitan,2025-02-04,0,,Delivered
P13829,Summit Energy,Redesigned letter,1130.29,No,Metropolitan,2025-02-09,0,,Delivered
P13830,Lumen Energy,Redesigned letter,1004.09,No,Metropolitan,2025-02-06,0,,Delivered
P13831,Everly Energy,Redesigned letter,1285.16,No,Regional,2025-02-12,0,,Delivered
P13832,Harbour Energy,Redesigned letter,1178.42,Yes,Metropolitan,2025-02-10,0,,Delivered
P13833,Harbour Energy,Redesigned letter,1916.65,No,Metropolitan,2025-02-06,0,,Delivered
P13834,Lumen Energy,Standard letter,619.28,No,Metropolitan,2025-02-03,0,,Delivered
P13835,Everly Energy,Standard letter,1168.85,No,Regional,2025-02-09,0,,Delivered
P13836,Harbour Energy,Redesigned letter,526.89,No,Metropolitan,2025-02-04,0,,Delivered
P13837,Kestrel Power,Redesigned letter,709.22,Yes,Regional,2025-02-11,0,,Delivered
P13838,Everly Energy,Standard letter,570.17,No,Metropolitan,2025-02-14,0,,Delivered
P13839,Harbour Energy,Standard letter,488.1,No,Metropolitan,2025-02-03,0,,Delivered
P13840,Summit Energy,Standard letter,1992.31,Yes,Regional,2025-02-03,1,24,Delivered
P13841,Everly Energy,Standard letter,1594.76,No,Regional,2025-02-10,1,28,Delivered
P13842,Everly Energy,Standard letter,398.22,No,Metropolitan,2025-02-07,0,,Delivered
P13843,Solace Power,Redesigned letter,1049.04,No,Metropolitan,2025-02-07,0,,Delivered
P13844,Solace Power,Standard letter,894.56,No,Metropolitan,2025-02-07,0,,Delivered
P13845,Harbour Energy,Redesigned letter,1558.6,No,Regional,2025-02-12,0,,Delivered
P13846,Kestrel Power,Redesigned letter,636.59,No,Metropolitan,2025-02-04,0,,Delivered
P13847,Harbour Energy,Redesigned letter,693.99,No,Metropolitan,2025-02-11,1,12,Delivered
P13848,Solace Power,Redesigned letter,655.18,No,Metropolitan,2025-02-13,0,,Delivered
P13849,Solace Power,Redesigned letter,1155.75,No,Metropolitan,2025-02-10,0,,Delivered
P13850,Kestrel Power,Standard letter,400.55,Yes,Metropolitan,2025-02-04,0,,Delivered
P13851,Harbour Energy,Redesigned letter,650.94,Yes,Regional,2025-02-11,0,,Delivered
P13852,Everly Energy,Standard letter,1373.34,No,Metropolitan,2025-02-11,0,,Delivered
P13853,Summit Energy,Redesigned letter,1162.36,No,Metropolitan,2025-02-04,0,,Delivered
P13854,Harbour Energy,Redesigned letter,2376.71,No,Regional,2025-02-06,1,13,Delivered
P13855,Everly Energy,Standard letter,435.26,No,Metropolitan,2025-02-11,0,,Delivered
P13856,Everly Energy,Redesigned letter,1613.03,No,Regional,2025-02-12,0,,Delivered
P13857,Everly Energy,Standard letter,921.5,Yes,Metropolitan,2025-02-10,1,3,Delivered
P13858,Lumen Energy,Standard letter,1396.68,Yes,Metropolitan,2025-02-05,0,,Delivered
P13859,Kestrel Power,Standard letter,756.24,No,Metropolitan,2025-02-06,1,1,Delivered
P13860,Lumen Energy,Standard letter,814.86,No,Metropolitan,2025-02-09,0,,Delivered
P13861,Solace Power,Standard letter,1018.36,No,Metropolitan,2025-02-13,0,,Delivered
P13862,Harbour Energy,Standard letter,239.7,No,Metropolitan,2025-02-08,0,,Delivered
P13863,Solace Power,Redesigned letter,1702.31,No,Regional,2025-02-08,0,,Delivered
P13864,Kestrel Power,Standard letter,1689.01,No,Metropolitan,2025-02-05,0,,Delivered
P13865,Summit Energy,Standard letter,440.53,No,Regional,2025-02-06,0,,Delivered
P13866,Kestrel Power,Standard letter,737.66,Yes,Metropolitan,2025-02-05,0,,Delivered
P13867,Everly Energy,Standard letter,671.76,No,Metropolitan,2025-02-03,0,,Delivered
P13868,Harbour Energy,Standard letter,999.9,Yes,Regional,2025-02-06,0,,Delivered
P13869,Harbour Energy,Standard letter,1652.67,No,Metropolitan,2025-02-09,0,,Delivered
P13870,Summit Energy,Redesigned letter,1028.22,No,Regional,2025-02-04,0,,Delivered
P13871,Lumen Energy,Redesigned letter,1590.95,No,Metropolitan,2025-02-12,1,4,Delivered
P13872,Kestrel Power,Redesigned letter,349.95,No,Metropolitan,2025-02-10,0,,Delivered
P13873,Harbour Energy,Redesigned letter,1210.12,Yes,Regional,2025-02-10,0,,Delivered
P13874,Kestrel Power,Standard letter,1437.21,Yes,Regional,2025-02-14,0,,Delivered
P13875,Lumen Energy,Redesigned letter,1474.89,No,Metropolitan,2025-02-09,0,,Delivered
P13876,Everly Energy,Standard letter,792.57,No,Metropolitan,2025-02-04,1,24,Delivered
P13877,Everly Energy,Standard letter,1264.13,No,Metropolitan,2025-02-13,0,,Delivered
P13878,Lumen Energy,Redesigned letter,1049.77,No,Regional,2025-02-13,0,,Delivered
P13879,Harbour Energy,Standard letter,1787.65,Yes,Metropolitan,2025-02-07,0,,Delivered
P13880,Kestrel Power,Redesigned letter,436.24,No,Regional,2025-02-11,1,19,Delivered
P13881,Lumen Energy,Standard letter,1386.71,Yes,Metropolitan,2025-02-10,0,,Delivered
P13882,Harbour Energy,Standard letter,868.74,No,Regional,2025-02-05,0,,Delivered
P13883,Kestrel Power,Redesigned letter,1899.55,No,Metropolitan,2025-02-03,0,,Delivered
P13884,Kestrel Power,Standard letter,1058.35,No,Metropolitan,2025-02-13,0,,Delivered
P13885,Everly Energy,Redesigned letter,382.3,No,Metropolitan,2025-02-08,0,,Delivered
P13886,Summit Energy,Redesigned letter,590.66,No,Regional,2025-02-13,0,,Delivered
P13887,Harbour Energy,Redesigned letter,1747.25,No,Regional,2025-02-11,0,,Delivered
P13888,Kestrel Power,Standard letter,699.09,No,Metropolitan,2025-02-12,0,,Delivered
P13889,Solace Power,Standard letter,1830.73,No,Regional,2025-02-12,0,,Delivered
P13890,Everly Energy,Standard letter,1399.1,No,Regional,2025-02-06,0,,Delivered
P13891,Harbour Energy,Redesigned letter,1060.57,No,Metropolitan,2025-02-10,0,,Delivered
P13892,Solace Power,Redesigned letter,1138.15,No,Metropolitan,2025-02-04,1,1,Delivered
P13893,Solace Power,Redesigned letter,144.87,No,Metropolitan,2025-02-09,0,,Delivered
P13894,Summit Energy,Standard letter,220.74,No,Metropolitan,2025-02-03,1,16,Delivered
P13895,Harbour Energy,Redesigned letter,2314.04,No,Metropolitan,2025-02-05,0,,Delivered
P13896,Everly Energy,Redesigned letter,219.64,No,Metropolitan,2025-02-07,0,,Delivered
P13897,Harbour Energy,Standard letter,586.94,No,Metropolitan,2025-02-09,0,,Delivered
P13898,Everly Energy,Standard letter,444.89,Yes,Metropolitan,2025-02-10,1,6,Delivered
P13899,Summit Energy,Redesigned letter,1762.24,No,Metropolitan,2025-02-06,1,6,Delivered
P13900,Lumen Energy,Redesigned letter,793.58,Yes,Regional,2025-02-14,0,,Delivered
P13901,Summit Energy,Standard letter,1315.98,No,Metropolitan,2025-02-04,0,,Delivered
P13902,Everly Energy,Standard letter,630.73,No,Regional,2025-02-03,0,,Delivered
P13903,Harbour Energy,Standard letter,2954.81,No,Metropolitan,2025-02-14,0,,Delivered
P13904,Everly Energy,Standard letter,645.95,No,Regional,2025-02-08,0,,Delivered
P13905,Harbour Energy,Redesigned letter,250.17,Yes,Regional,2025-02-06,0,,Delivered
P13906,Summit Energy,Redesigned letter,2045.05,No,Metropolitan,2025-02-09,0,,Delivered
P13907,Everly Energy,Redesigned letter,1465.11,No,Regional,2025-02-05,0,,Delivered
P13908,Everly Energy,Redesigned letter,668.51,No,Regional,2025-02-11,0,,Delivered
P13909,Everly Energy,Redesigned letter,1327.4,No,Regional,2025-02-03,0,,Delivered
P13910,Harbour Energy,Redesigned letter,1408.37,No,Metropolitan,2025-02-03,0,,Delivered
P13911,Harbour Energy,Redesigned letter,2394.67,No,Metropolitan,2025-02-14,0,,Delivered
P13912,Harbour Energy,Redesigned letter,1446.34,Yes,Regional,2025-02-06,1,16,Delivered
P13913,Everly Energy,Standard letter,643.93,Yes,Metropolitan,2025-02-06,0,,Delivered
P13914,Everly Energy,Redesigned letter,1138.33,Yes,Metropolitan,2025-02-11,1,25,Delivered
P13915,Harbour Energy,Redesigned letter,1803.31,No,Metropolitan,2025-02-06,0,,Delivered
P13916,Summit Energy,Redesigned letter,400.6,No,Metropolitan,2025-02-03,1,2,Delivered
P13917,Harbour Energy,Redesigned letter,1242.19,No,Regional,2025-02-14,0,,Delivered
P13918,Lumen Energy,Redesigned letter,1513.8,No,Metropolitan,2025-02-09,0,,Delivered
P13919,Summit Energy,Redesigned letter,655.6,Yes,Metropolitan,2025-02-11,1,20,Delivered
P13920,Kestrel Power,Redesigned letter,244.83,No,Metropolitan,2025-02-05,0,,Delivered
P13921,Kestrel Power,Standard letter,986.57,No,Regional,2025-02-08,0,,Delivered
P13922,Harbour Energy,Redesigned letter,619.77,No,Metropolitan,2025-02-05,1,25,Delivered
P13923,Lumen Energy,Standard letter,988.28,No,Metropolitan,2025-02-05,0,,Delivered
P13924,Kestrel Power,Redesigned letter,2514.4,No,Regional,2025-02-07,1,9,Delivered
P13925,Harbour Energy,Standard letter,405.63,Yes,Metropolitan,2025-02-04,0,,Delivered
P13926,Harbour Energy,Redesigned letter,1046.28,No,Metropolitan,2025-02-04,0,,Delivered
P13927,Everly Energy,Standard letter,1457.28,No,Metropolitan,2025-02-11,1,28,Delivered
P13928,Summit Energy,Redesigned letter,1630.91,No,Metropolitan,2025-02-11,1,17,Delivered
P13929,Harbour Energy,Standard letter,640.48,No,Regional,2025-02-03,0,,Delivered
P13930,Everly Energy,Redesigned letter,632.08,Yes,Metropolitan,2025-02-10,0,,Delivered
P13931,Lumen Energy,Redesigned letter,536.58,No,Regional,2025-02-13,0,,Delivered
P13932,Everly Energy,Standard letter,1277.17,No,Regional,2025-02-06,1,22,Delivered
P13933,Lumen Energy,Redesigned letter,876.27,Yes,Metropolitan,2025-02-05,0,,Delivered
P13934,Harbour Energy,Standard letter,1271.81,No,Regional,2025-02-07,0,,Delivered
P13935,Harbour Energy,Standard letter,3635.97,No,Regional,2025-02-09,1,10,Delivered
P13936,Everly Energy,Standard letter,3584.69,No,Regional,2025-02-11,0,,Delivered
P13937,Everly Energy,Redesigned letter,439.68,No,Regional,2025-02-07,0,,Delivered
P13938,Everly Energy,Standard letter,1799.1,No,Metropolitan,2025-02-09,1,25,Delivered
P13939,Harbour Energy,Redesigned letter,1224.68,Yes,Metropolitan,2025-02-04,0,,Delivered
P13940,Solace Power,Redesigned letter,377.26,No,Metropolitan,2025-02-11,0,,Delivered
P13941,Kestrel Power,Standard letter,397.46,Yes,Metropolitan,2025-02-04,1,8,Delivered
P13942,Everly Energy,Redesigned letter,1706.16,No,Metropolitan,2025-02-08,0,,Delivered
P13943,Harbour Energy,Standard letter,2027.87,No,Metropolitan,2025-02-09,0,,Delivered
P13944,Summit Energy,Standard letter,844.97,No,Metropolitan,2025-02-14,,,Returned undeliverable
P13945,Everly Energy,Redesigned letter,741.06,Yes,Metropolitan,2025-02-06,0,,Delivered
P13946,Kestrel Power,Standard letter,1759.64,No,Metropolitan,2025-02-05,1,11,Delivered
P13947,Summit Energy,Standard letter,568.24,No,Metropolitan,2025-02-09,0,,Delivered
P13948,Everly Energy,Standard letter,802.63,No,Metropolitan,2025-02-09,0,,Delivered
P13949,Everly Energy,Standard letter,1120.9,No,Metropolitan,2025-02-09,0,,Delivered
P13950,Harbour Energy,Standard letter,1219.91,No,Metropolitan,2025-02-08,0,,Delivered
P13951,Kestrel Power,Redesigned letter,1253.87,No,Metropolitan,2025-02-08,0,,Delivered
P13952,Everly Energy,Redesigned letter,1423.31,Yes,Metropolitan,2025-02-03,0,,Delivered
P13953,Everly Energy,Standard letter,2162.03,No,Metropolitan,2025-02-07,1,9,Delivered
P13954,Everly Energy,Standard letter,585.16,No,Regional,2025-02-10,0,,Delivered
P13955,Everly Energy,Standard letter,3122.5,No,Regional,2025-02-08,,,Returned undeliverable
P13956,Solace Power,Standard letter,2827.09,Yes,Metropolitan,2025-02-06,0,,Delivered
P13957,Summit Energy,Redesigned letter,890.62,No,Metropolitan,2025-02-05,1,30,Delivered
P13958,Summit Energy,Redesigned letter,1888.37,No,Regional,2025-02-09,0,,Delivered
P13959,Everly Energy,Redesigned letter,728.78,No,Metropolitan,2025-02-04,0,,Delivered
P13960,Harbour Energy,Standard letter,771.46,No,Regional,2025-02-03,0,,Delivered
P13961,Lumen Energy,Redesigned letter,1028.72,No,Regional,2025-02-06,0,,Delivered
P13962,Solace Power,Redesigned letter,1051.18,No,Metropolitan,2025-02-07,0,,Delivered
P13963,Harbour Energy,Standard letter,624.08,No,Regional,2025-02-12,0,,Delivered
P13964,Harbour Energy,Redesigned letter,1636.6,No,Metropolitan,2025-02-03,0,,Delivered
P13965,Harbour Energy,Redesigned letter,2817.17,No,Metropolitan,2025-02-04,0,,Delivered
P13966,Everly Energy,Standard letter,1460.22,No,Metropolitan,2025-02-07,0,,Delivered
P13967,Everly Energy,Redesigned letter,979.76,No,Regional,2025-02-06,0,,Delivered
P13968,Everly Energy,Redesigned letter,445.2,No,Metropolitan,2025-02-14,0,,Delivered
P13969,Kestrel Power,Redesigned letter,1356.39,Yes,Regional,2025-02-08,1,25,Delivered
P13970,Everly Energy,Standard letter,981.99,No,Metropolitan,2025-02-05,1,30,Delivered
P13971,Everly Energy,Standard letter,591.34,No,Metropolitan,2025-02-13,0,,Delivered
P13972,Harbour Energy,Standard letter,1221.43,No,Regional,2025-02-03,0,,Delivered
P13973,Everly Energy,Redesigned letter,449.18,No,Regional,2025-02-11,0,,Delivered
P13974,Everly Energy,Redesigned letter,473.44,Yes,Regional,2025-02-08,0,,Delivered
P13975,Kestrel Power,Standard letter,580.88,No,Metropolitan,2025-02-09,0,,Delivered
P13976,Harbour Energy,Standard letter,728.2,No,Metropolitan,2025-02-08,0,,Delivered
P13977,Harbour Energy,Standard letter,339.99,No,Metropolitan,2025-02-05,0,,Delivered
P13978,Everly Energy,Standard letter,1509.15,No,Metropolitan,2025-02-08,0,,Delivered
P13979,Harbour Energy,Redesigned letter,650.47,No,Metropolitan,2025-02-14,0,,Delivered
P13980,Everly Energy,Standard letter,957.86,No,Regional,2025-02-09,0,,Delivered
P13981,Summit Energy,Standard letter,515.09,No,Metropolitan,2025-02-10,0,,Delivered
P13982,Kestrel Power,Redesigned letter,591.98,No,Metropolitan,2025-02-08,1,21,Delivered
P13983,Harbour Energy,Standard letter,1341.0,Yes,Metropolitan,2025-02-12,0,,Delivered
P13984,Solace Power,Redesigned letter,774.39,No,Regional,2025-02-11,0,,Delivered
P13985,Summit Energy,Redesigned letter,423.96,No,Regional,2025-02-13,1,12,Delivered
P13986,Everly Energy,Standard letter,802.16,Yes,Metropolitan,2025-02-04,0,,Delivered
P13987,Summit Energy,Standard letter,540.55,Yes,Metropolitan,2025-02-05,0,,Delivered
P13988,Kestrel Power,Standard letter,671.41,No,Metropolitan,2025-02-12,0,,Delivered
P13989,Kestrel Power,Standard letter,1213.71,No,Metropolitan,2025-02-06,0,,Delivered
P13990,Everly Energy,Redesigned letter,939.72,Yes,Metropolitan,2025-02-11,1,8,Delivered
P13991,Everly Energy,Redesigned letter,1314.62,Yes,Metropolitan,2025-02-05,0,,Delivered
P13992,Everly Energy,Standard letter,751.75,No,Regional,2025-02-04,0,,Delivered
P13993,Everly Energy,Redesigned letter,698.9,No,Metropolitan,2025-02-10,0,,Delivered
P13994,Harbour Energy,Standard letter,4124.99,No,Metropolitan,2025-02-05,0,,Delivered
P13995,Solace Power,Redesigned letter,1540.25,No,Metropolitan,2025-02-04,0,,Delivered
P13996,Solace Power,Redesigned letter,830.77,No,Regional,2025-02-14,0,,Delivered
P13997,Summit Energy,Standard letter,1000.03,Yes,Metropolitan,2025-02-13,1,7,Delivered
P13998,Summit Energy,Redesigned letter,1837.43,No,Metropolitan,2025-02-10,0,,Delivered
P13999,Everly Energy,Redesigned letter,142.66,No,Metropolitan,2025-02-05,0,,Delivered
P14000,Harbour Energy,Standard letter,993.73,No,Metropolitan,2025-02-11,0,,Delivered
P14001,Harbour Energy,Redesigned letter,2133.29,No,Regional,2025-02-12,0,,Delivered
P14002,Lumen Energy,Standard letter,337.79,No,Regional,2025-02-03,0,,Delivered
P14003,Harbour Energy,Redesigned letter,1777.0,Yes,Metropolitan,2025-02-03,,,Returned undeliverable
P14004,Solace Power,Redesigned letter,500.55,No,Regional,2025-02-05,0,,Delivered
P14005,Everly Energy,Redesigned letter,1266.76,No,Metropolitan,2025-02-10,0,,Delivered
P14006,Harbour Energy,Redesigned letter,1067.58,No,Metropolitan,2025-02-03,0,,Delivered
P14007,Harbour Energy,Standard letter,5085.2,No,Metropolitan,2025-02-04,1,17,Delivered
P14008,Summit Energy,Standard letter,890.7,No,Metropolitan,2025-02-09,1,19,Delivered
P14009,Everly Energy,Redesigned letter,1425.22,No,Metropolitan,2025-02-10,0,,Delivered
P14010,Harbour Energy,Redesigned letter,1798.42,No,Metropolitan,2025-02-08,0,,Delivered
P14011,Kestrel Power,Standard letter,1192.69,Yes,Metropolitan,2025-02-09,0,,Delivered
P14012,Everly Energy,Redesigned letter,1185.08,No,Metropolitan,2025-02-13,0,,Delivered
P14013,Kestrel Power,Standard letter,516.72,No,Metropolitan,2025-02-12,0,,Delivered
P14014,Everly Energy,Redesigned letter,1293.35,No,Metropolitan,2025-02-05,0,,Delivered
P14015,Lumen Energy,Standard letter,293.42,Yes,Regional,2025-02-05,1,9,Delivered
P14016,Summit Energy,Redesigned letter,1295.52,No,Metropolitan,2025-02-05,0,,Delivered
P14017,Everly Energy,Standard letter,749.25,No,Metropolitan,2025-02-08,0,,Delivered
P14018,Harbour Energy,Redesigned letter,922.95,No,Metropolitan,2025-02-03,0,,Delivered
P14019,Everly Energy,Standard letter,1154.69,No,Metropolitan,2025-02-07,,,Returned undeliverable
P14020,Kestrel Power,Standard letter,558.24,Yes,Metropolitan,2025-02-09,0,,Delivered
P14021,Kestrel Power,Redesigned letter,721.01,Yes,Regional,2025-02-13,0,,Delivered
P14022,Kestrel Power,Redesigned letter,648.28,No,Regional,2025-02-10,1,6,Delivered
P14023,Everly Energy,Redesigned letter,1086.56,No,Regional,2025-02-05,0,,Delivered
P14024,Everly Energy,Redesigned letter,374.52,No,Metropolitan,2025-02-14,0,,Delivered
P14025,Everly Energy,Redesigned letter,332.12,No,Metropolitan,2025-02-03,0,,Delivered
P14026,Lumen Energy,Standard letter,1424.97,No,Metropolitan,2025-02-13,0,,Delivered
P14027,Kestrel Power,Redesigned letter,398.85,No,Metropolitan,2025-02-12,1,26,Delivered
P14028,Summit Energy,Redesigned letter,1225.09,Yes,Metropolitan,2025-02-05,1,11,Delivered
P14029,Harbour Energy,Standard letter,599.76,No,Regional,2025-02-03,0,,Delivered
P14030,Everly Energy,Redesigned letter,255.64,No,Metropolitan,2025-02-14,0,,Delivered
P14031,Lumen Energy,Standard letter,756.75,No,Metropolitan,2025-02-11,1,4,Delivered
P14032,Lumen Energy,Redesigned letter,380.07,Yes,Metropolitan,2025-02-12,0,,Delivered
P14033,Kestrel Power,Standard letter,571.91,No,Regional,2025-02-14,0,,Delivered
P14034,Everly Energy,Standard letter,1158.27,No,Metropolitan,2025-02-11,0,,Delivered
P14035,Everly Energy,Standard letter,664.88,No,Metropolitan,2025-02-04,0,,Delivered
P14036,Everly Energy,Redesigned letter,297.25,Yes,Metropolitan,2025-02-08,0,,Delivered
P14037,Everly Energy,Redesigned letter,1181.23,Yes,Metropolitan,2025-02-11,0,,Delivered
P14038,Everly Energy,Redesigned letter,1838.56,No,Metropolitan,2025-02-06,0,,Delivered
P14039,Harbour Energy,Standard letter,1194.14,No,Regional,2025-02-10,1,22,Delivered
P14040,Harbour Energy,Redesigned letter,1738.87,No,Regional,2025-02-05,0,,Delivered
P14041,Everly Energy,Redesigned letter,738.94,Yes,Metropolitan,2025-02-12,1,3,Delivered
P14042,Harbour Energy,Standard letter,1127.39,No,Metropolitan,2025-02-13,0,,Delivered
P14043,Harbour Energy,Standard letter,3614.94,No,Metropolitan,2025-02-10,0,,Delivered
P14044,Everly Energy,Redesigned letter,2380.06,No,Metropolitan,2025-02-05,0,,Delivered
P14045,Harbour Energy,Standard letter,641.8,No,Metropolitan,2025-02-06,0,,Delivered
P14046,Harbour Energy,Standard letter,1860.49,No,Metropolitan,2025-02-06,0,,Delivered
P14047,Everly Energy,Standard letter,622.99,No,Metropolitan,2025-02-09,0,,Delivered
P14048,Everly Energy,Standard letter,3338.04,No,Regional,2025-02-03,1,27,Delivered
P14049,Lumen Energy,Redesigned letter,512.19,No,Metropolitan,2025-02-14,0,,Delivered
P14050,Harbour Energy,Standard letter,1777.79,No,Metropolitan,2025-02-03,,,Returned undeliverable
P14051,Summit Energy,Redesigned letter,1803.43,Yes,Metropolitan,2025-02-09,1,19,Delivered
P14052,Everly Energy,Redesigned letter,1475.21,No,Regional,2025-02-10,0,,Delivered
P14053,Everly Energy,Redesigned letter,845.02,No,Regional,2025-02-09,0,,Delivered
P14054,Harbour Energy,Standard letter,731.98,No,Regional,2025-02-13,0,,Delivered
P14055,Harbour Energy,Redesigned letter,429.1,No,Regional,2025-02-05,0,,Delivered
P14056,Harbour Energy,Standard letter,490.55,No,Metropolitan,2025-02-05,0,,Delivered
P14057,Kestrel Power,Redesigned letter,512.26,No,Metropolitan,2025-02-05,0,,Delivered
P14058,Everly Energy,Standard letter,1122.76,No,Regional,2025-02-14,1,12,Delivered
P14059,Everly Energy,Redesigned letter,1040.01,Yes,Regional,2025-02-05,1,13,Delivered
P14060,Harbour Energy,Standard letter,1388.74,Yes,Regional,2025-02-09,0,,Delivered
P14061,Solace Power,Redesigned letter,1260.8,No,Regional,2025-02-10,0,,Delivered
P14062,Lumen Energy,Redesigned letter,438.99,No,Regional,2025-02-05,0,,Delivered
P14063,Summit Energy,Redesigned letter,254.17,No,Regional,2025-02-11,,,Returned undeliverable
P14064,Summit Energy,Standard letter,784.67,Yes,Regional,2025-02-07,0,,Delivered
P14065,Solace Power,Standard letter,776.37,Yes,Regional,2025-02-09,0,,Delivered
P14066,Harbour Energy,Redesigned letter,498.66,No,Metropolitan,2025-02-09,0,,Delivered
P14067,Harbour Energy,Redesigned letter,846.27,Yes,Regional,2025-02-11,0,,Delivered
P14068,Solace Power,Redesigned letter,271.52,No,Regional,2025-02-12,1,2,Delivered
P14069,Solace Power,Standard letter,572.41,No,Metropolitan,2025-02-07,0,,Delivered
P14070,Summit Energy,Standard letter,434.75,No,Metropolitan,2025-02-09,0,,Delivered
P14071,Lumen Energy,Redesigned letter,579.47,No,Metropolitan,2025-02-13,0,,Delivered
P14072,Solace Power,Standard letter,558.87,Yes,Regional,2025-02-08,0,,Delivered
P14073,Summit Energy,Standard letter,704.77,No,Metropolitan,2025-02-06,0,,Delivered
P14074,Harbour Energy,Standard letter,1580.74,No,Regional,2025-02-10,0,,Delivered
P14075,Everly Energy,Redesigned letter,405.7,Yes,Metropolitan,2025-02-10,0,,Delivered
P14076,Summit Energy,Redesigned letter,337.61,Yes,Regional,2025-02-07,0,,Delivered
P14077,Everly Energy,Redesigned letter,1003.96,Yes,Regional,2025-02-11,0,,Delivered
P14078,Summit Energy,Redesigned letter,1520.02,No,Metropolitan,2025-02-06,0,,Delivered
P14079,Summit Energy,Redesigned letter,658.12,No,Metropolitan,2025-02-08,0,,Delivered
P14080,Everly Energy,Redesigned letter,514.06,No,Regional,2025-02-13,1,25,Delivered
P14081,Solace Power,Standard letter,1999.75,Yes,Regional,2025-02-05,0,,Delivered
P14082,Harbour Energy,Redesigned letter,1664.76,No,Metropolitan,2025-02-06,,,Returned undeliverable
P14083,Everly Energy,Redesigned letter,865.35,No,Metropolitan,2025-02-13,0,,Delivered
P14084,Everly Energy,Redesigned letter,587.06,No,Regional,2025-02-04,0,,Delivered
P14085,Harbour Energy,Standard letter,3347.61,No,Metropolitan,2025-02-14,0,,Delivered
P14086,Everly Energy,Standard letter,709.59,Yes,Metropolitan,2025-02-07,1,12,Delivered
P14087,Harbour Energy,Standard letter,1140.96,Yes,Regional,2025-02-07,0,,Delivered
P14088,Summit Energy,Redesigned letter,923.75,No,Metropolitan,2025-02-03,0,,Delivered
P14089,Harbour Energy,Redesigned letter,2927.19,No,Metropolitan,2025-02-13,0,,Delivered
P14090,Summit Energy,Redesigned letter,3009.79,Yes,Metropolitan,2025-02-03,0,,Delivered
P14091,Everly Energy,Standard letter,395.91,No,Metropolitan,2025-02-07,0,,Delivered
P14092,Lumen Energy,Redesigned letter,443.61,No,Metropolitan,2025-02-13,0,,Delivered
P14093,Harbour Energy,Standard letter,1573.17,No,Metropolitan,2025-02-04,0,,Delivered
P14094,Kestrel Power,Standard letter,1518.84,No,Metropolitan,2025-02-13,0,,Delivered
P14095,Everly Energy,Redesigned letter,567.22,No,Metropolitan,2025-02-05,1,3,Delivered
P14096,Everly Energy,Standard letter,391.58,Yes,Metropolitan,2025-02-06,1,23,Delivered
P14097,Lumen Energy,Standard letter,398.75,No,Metropolitan,2025-02-11,1,12,Delivered
P14098,Everly Energy,Standard letter,1092.41,No,Metropolitan,2025-02-10,0,,Delivered
P14099,Everly Energy,Standard letter,1131.43,No,Metropolitan,2025-02-04,0,,Delivered
P14100,Harbour Energy,Redesigned letter,816.47,Yes,Regional,2025-02-03,1,13,Delivered
P14101,Everly Energy,Redesigned letter,876.02,Yes,Regional,2025-02-14,1,6,Delivered
P14102,Harbour Energy,Redesigned letter,2127.78,Yes,Regional,2025-02-11,0,,Delivered
P14103,Kestrel Power,Standard letter,206.62,No,Regional,2025-02-11,1,6,Delivered
P14104,Solace Power,Standard letter,1810.99,No,Regional,2025-02-06,1,14,Delivered
P14105,Harbour Energy,Standard letter,657.18,Yes,Metropolitan,2025-02-05,0,,Delivered
P14106,Kestrel Power,Standard letter,453.28,No,Regional,2025-02-11,0,,Delivered
P14107,Everly Energy,Redesigned letter,576.01,Yes,Metropolitan,2025-02-04,1,19,Delivered
P14108,Everly Energy,Redesigned letter,774.49,Yes,Metropolitan,2025-02-10,0,,Delivered
P14109,Harbour Energy,Redesigned letter,1408.92,No,Regional,2025-02-08,0,,Delivered
P14110,Kestrel Power,Standard letter,181.62,No,Metropolitan,2025-02-04,0,,Delivered
P14111,Summit Energy,Redesigned letter,545.98,No,Metropolitan,2025-02-11,0,,Delivered
P14112,Harbour Energy,Standard letter,800.74,No,Metropolitan,2025-02-13,0,,Delivered
P14113,Solace Power,Standard letter,833.02,No,Metropolitan,2025-02-08,0,,Delivered
P14114,Harbour Energy,Redesigned letter,1978.14,No,Regional,2025-02-14,0,,Delivered
P14115,Everly Energy,Standard letter,542.45,Yes,Metropolitan,2025-02-14,0,,Delivered
P14116,Kestrel Power,Standard letter,713.41,Yes,Regional,2025-02-03,0,,Delivered
P14117,Harbour Energy,Standard letter,1096.41,Yes,Metropolitan,2025-02-11,0,,Delivered
P14118,Everly Energy,Redesigned letter,1590.03,No,Regional,2025-02-14,0,,Delivered
P14119,Kestrel Power,Standard letter,1290.56,No,Metropolitan,2025-02-07,,,Returned undeliverable
P14120,Everly Energy,Standard letter,920.82,No,Metropolitan,2025-02-10,0,,Delivered
P14121,Everly Energy,Standard letter,1987.48,Yes,Regional,2025-02-04,0,,Delivered
P14122,Summit Energy,Standard letter,1342.3,No,Metropolitan,2025-02-09,0,,Delivered
P14123,Everly Energy,Redesigned letter,695.87,No,Metropolitan,2025-02-05,0,,Delivered
P14124,Everly Energy,Redesigned letter,1755.47,No,Metropolitan,2025-02-04,0,,Delivered
P14125,Harbour Energy,Redesigned letter,869.13,No,Metropolitan,2025-02-07,0,,Delivered
P14126,Harbour Energy,Standard letter,1200.71,No,Metropolitan,2025-02-03,1,3,Delivered
P14127,Everly Energy,Standard letter,4209.98,No,Metropolitan,2025-02-13,0,,Delivered
P14128,Summit Energy,Standard letter,1181.25,No,Metropolitan,2025-02-09,0,,Delivered
P14129,Harbour Energy,Redesigned letter,1972.09,Yes,Regional,2025-02-10,0,,Delivered
P14130,Lumen Energy,Standard letter,620.73,No,Metropolitan,2025-02-03,0,,Delivered
P14131,Everly Energy,Redesigned letter,1583.01,Yes,Metropolitan,2025-02-13,1,11,Delivered
P14132,Harbour Energy,Redesigned letter,1132.66,No,Metropolitan,2025-02-12,0,,Delivered
P14133,Harbour Energy,Redesigned letter,1380.33,No,Regional,2025-02-14,0,,Delivered
P14134,Kestrel Power,Standard letter,461.18,No,Metropolitan,2025-02-12,1,22,Delivered
P14135,Lumen Energy,Standard letter,382.85,No,Metropolitan,2025-02-14,0,,Delivered
P14136,Summit Energy,Standard letter,1560.69,Yes,Metropolitan,2025-02-04,0,,Delivered
P14137,Harbour Energy,Redesigned letter,1274.15,No,Metropolitan,2025-02-05,0,,Delivered
P14138,Everly Energy,Standard letter,1808.05,Yes,Metropolitan,2025-02-07,0,,Delivered
P14139,Harbour Energy,Redesigned letter,786.37,No,Regional,2025-02-11,0,,Delivered
P14140,Summit Energy,Redesigned letter,852.32,Yes,Regional,2025-02-12,0,,Delivered
P14141,Solace Power,Redesigned letter,2576.37,No,Metropolitan,2025-02-03,0,,Delivered
P14142,Solace Power,Standard letter,244.64,No,Metropolitan,2025-02-13,0,,Delivered
P14143,Harbour Energy,Redesigned letter,494.52,No,Regional,2025-02-11,0,,Delivered
P14144,Everly Energy,Standard letter,512.19,No,Metropolitan,2025-02-05,0,,Delivered
P14145,Everly Energy,Standard letter,437.81,No,Metropolitan,2025-02-14,0,,Delivered
P14146,Lumen Energy,Standard letter,1431.43,No,Metropolitan,2025-02-05,0,,Delivered
P14147,Solace Power,Redesigned letter,1193.26,No,Regional,2025-02-06,0,,Delivered
P14148,Kestrel Power,Standard letter,549.95,Yes,Regional,2025-02-14,1,4,Delivered
P14149,Everly Energy,Redesigned letter,1627.15,No,Metropolitan,2025-02-04,1,22,Delivered
P14150,Summit Energy,Standard letter,731.5,No,Regional,2025-02-05,0,,Delivered
P14151,Everly Energy,Standard letter,1131.52,No,Metropolitan,2025-02-12,0,,Delivered
P14152,Kestrel Power,Redesigned letter,751.62,No,Metropolitan,2025-02-06,0,,Delivered
P14153,Everly Energy,Standard letter,2127.51,Yes,Metropolitan,2025-02-14,0,,Delivered
P14154,Solace Power,Standard letter,963.34,Yes,Metropolitan,2025-02-11,0,,Delivered
P14155,Harbour Energy,Redesigned letter,1709.72,Yes,Metropolitan,2025-02-10,0,,Delivered
P14156,Lumen Energy,Standard letter,730.82,Yes,Metropolitan,2025-02-03,1,10,Delivered
P14157,Everly Energy,Standard letter,2425.28,Yes,Metropolitan,2025-02-08,1,9,Delivered
P14158,Harbour Energy,Standard letter,1806.18,No,Regional,2025-02-14,0,,Delivered
P14159,Lumen Energy,Redesigned letter,919.49,Yes,Metropolitan,2025-02-04,1,8,Delivered
P14160,Harbour Energy,Standard letter,1476.47,Yes,Regional,2025-02-13,1,21,Delivered
P14161,Summit Energy,Redesigned letter,1127.44,No,Metropolitan,2025-02-03,0,,Delivered
P14162,Kestrel Power,Standard letter,1158.11,No,Regional,2025-02-08,0,,Delivered
P14163,Summit Energy,Standard letter,1016.92,Yes,Metropolitan,2025-02-03,0,,Delivered
P14164,Everly Energy,Redesigned letter,539.77,No,Metropolitan,2025-02-08,,,Returned undeliverable
P14165,Everly Energy,Redesigned letter,2128.73,No,Metropolitan,2025-02-09,0,,Delivered
P14166,Everly Energy,Standard letter,417.99,Yes,Metropolitan,2025-02-13,0,,Delivered
P14167,Kestrel Power,Redesigned letter,464.35,No,Metropolitan,2025-02-09,0,,Delivered
P14168,Everly Energy,Redesigned letter,1065.6,No,Metropolitan,2025-02-06,0,,Delivered
P14169,Harbour Energy,Redesigned letter,444.59,No,Metropolitan,2025-02-06,0,,Delivered
P14170,Summit Energy,Redesigned letter,827.08,No,Regional,2025-02-12,0,,Delivered
P14171,Kestrel Power,Standard letter,836.59,No,Metropolitan,2025-02-14,0,,Delivered
P14172,Kestrel Power,Standard letter,504.35,No,Metropolitan,2025-02-06,0,,Delivered
P14173,Everly Energy,Standard letter,2730.6,No,Metropolitan,2025-02-04,0,,Delivered
P14174,Everly Energy,Redesigned letter,630.83,No,Metropolitan,2025-02-12,0,,Delivered
P14175,Everly Energy,Standard letter,647.6,No,Metropolitan,2025-02-07,0,,Delivered
P14176,Everly Energy,Standard letter,1168.69,No,Regional,2025-02-11,0,,Delivered
P14177,Harbour Energy,Standard letter,668.76,No,Regional,2025-02-06,1,30,Delivered
P14178,Harbour Energy,Standard letter,1197.01,No,Regional,2025-02-04,0,,Delivered
P14179,Solace Power,Redesigned letter,539.03,No,Metropolitan,2025-02-12,1,26,Delivered
P14180,Harbour Energy,Standard letter,541.81,Yes,Regional,2025-02-03,0,,Delivered
P14181,Everly Energy,Standard letter,3061.62,No,Metropolitan,2025-02-09,0,,Delivered
P14182,Everly Energy,Redesigned letter,1250.64,Yes,Metropolitan,2025-02-05,0,,Delivered
P14183,Everly Energy,Redesigned letter,1311.01,No,Metropolitan,2025-02-07,1,4,Delivered
P14184,Kestrel Power,Standard letter,1038.44,No,Regional,2025-02-14,0,,Delivered
P14185,Everly Energy,Standard letter,3555.75,Yes,Regional,2025-02-10,0,,Delivered
P14186,Harbour Energy,Standard letter,870.73,No,Regional,2025-02-07,0,,Delivered
P14187,Harbour Energy,Standard letter,1837.98,No,Regional,2025-02-07,1,4,Delivered
P14188,Harbour Energy,Redesigned letter,609.37,No,Regional,2025-02-10,0,,Delivered
P14189,Harbour Energy,Standard letter,796.98,No,Metropolitan,2025-02-11,,,Returned undeliverable
P14190,Summit Energy,Standard letter,729.73,No,Regional,2025-02-14,0,,Delivered
P14191,Everly Energy,Redesigned letter,814.31,No,Metropolitan,2025-02-09,1,11,Delivered
P14192,Summit Energy,Standard letter,428.87,No,Metropolitan,2025-02-04,0,,Delivered
P14193,Summit Energy,Redesigned letter,726.14,No,Metropolitan,2025-02-03,0,,Delivered
P14194,Summit Energy,Standard letter,915.45,No,Regional,2025-02-14,0,,Delivered
P14195,Summit Energy,Redesigned letter,758.7,Yes,Metropolitan,2025-02-11,0,,Delivered
P14196,Summit Energy,Redesigned letter,419.21,Yes,Metropolitan,2025-02-06,,,Returned undeliverable
P14197,Harbour Energy,Redesigned letter,2745.2,No,Metropolitan,2025-02-14,0,,Delivered
P14198,Kestrel Power,Redesigned letter,460.95,No,Regional,2025-02-06,1,14,Delivered
P14199,Everly Energy,Standard letter,564.73,No,Metropolitan,2025-02-08,0,,Delivered
P14200,Harbour Energy,Redesigned letter,1306.29,No,Metropolitan,2025-02-08,0,,Delivered
P14201,Harbour Energy,Standard letter,1023.02,No,Metropolitan,2025-02-07,0,,Delivered
P14202,Lumen Energy,Redesigned letter,1487.07,No,Regional,2025-02-11,1,18,Delivered
P14203,Everly Energy,Standard letter,1049.35,No,Metropolitan,2025-02-11,0,,Delivered
P14204,Harbour Energy,Standard letter,855.35,No,Regional,2025-02-04,0,,Delivered
P14205,Everly Energy,Redesigned letter,1264.43,Yes,Regional,2025-02-12,0,,Delivered
P14206,Everly Energy,Standard letter,707.66,No,Regional,2025-02-13,0,,Delivered
P14207,Harbour Energy,Redesigned letter,899.71,No,Regional,2025-02-05,0,,Delivered
P14208,Everly Energy,Redesigned letter,772.65,No,Regional,2025-02-04,0,,Delivered
P14209,Harbour Energy,Standard letter,756.34,No,Regional,2025-02-05,0,,Delivered
P14210,Lumen Energy,Standard letter,433.49,Yes,Metropolitan,2025-02-11,0,,Delivered
P14211,Everly Energy,Standard letter,1346.81,Yes,Metropolitan,2025-02-05,0,,Delivered
P14212,Harbour Energy,Redesigned letter,979.37,Yes,Regional,2025-02-06,1,19,Delivered
P14213,Harbour Energy,Standard letter,4059.21,Yes,Metropolitan,2025-02-04,0,,Delivered
P14214,Kestrel Power,Redesigned letter,1321.22,Yes,Metropolitan,2025-02-11,0,,Delivered
P14215,Harbour Energy,Redesigned letter,268.64,No,Regional,2025-02-14,0,,Delivered
P14216,Summit Energy,Standard letter,2443.14,No,Regional,2025-02-12,0,,Delivered
P14217,Harbour Energy,Redesigned letter,653.28,No,Regional,2025-02-09,0,,Delivered
P14218,Harbour Energy,Standard letter,1105.99,No,Metropolitan,2025-02-05,0,,Delivered
P14219,Kestrel Power,Standard letter,1400.19,Yes,Metropolitan,2025-02-08,0,,Delivered
P14220,Harbour Energy,Standard letter,1182.1,No,Metropolitan,2025-02-11,1,9,Delivered
P14221,Lumen Energy,Standard letter,1086.59,No,Metropolitan,2025-02-03,0,,Delivered
P14222,Kestrel Power,Standard letter,1531.47,No,Metropolitan,2025-02-12,0,,Delivered
P14223,Everly Energy,Standard letter,1794.43,No,Metropolitan,2025-02-04,1,4,Delivered
P14224,Harbour Energy,Redesigned letter,632.28,No,Regional,2025-02-07,0,,Delivered
P14225,Harbour Energy,Standard letter,572.59,Yes,Regional,2025-02-03,0,,Delivered
P14226,Everly Energy,Redesigned letter,1683.24,Yes,Metropolitan,2025-02-11,0,,Delivered
P14227,Lumen Energy,Redesigned letter,236.51,No,Regional,2025-02-08,0,,Delivered
P14228,Everly Energy,Standard letter,456.29,No,Metropolitan,2025-02-05,0,,Delivered
P14229,Harbour Energy,Standard letter,1159.41,Yes,Regional,2025-02-04,1,15,Delivered
P14230,Summit Energy,Redesigned letter,2000.31,No,Metropolitan,2025-02-03,0,,Delivered
P14231,Lumen Energy,Redesigned letter,1587.93,No,Metropolitan,2025-02-04,0,,Delivered
P14232,Everly Energy,Redesigned letter,746.78,No,Regional,2025-02-11,1,18,Delivered
P14233,Solace Power,Standard letter,1012.57,No,Metropolitan,2025-02-10,0,,Delivered
P14234,Harbour Energy,Redesigned letter,637.18,No,Metropolitan,2025-02-05,1,12,Delivered
P14235,Solace Power,Standard letter,730.72,Yes,Regional,2025-02-04,1,29,Delivered
P14236,Solace Power,Redesigned letter,307.67,Yes,Metropolitan,2025-02-10,0,,Delivered
P14237,Summit Energy,Standard letter,1227.14,Yes,Regional,2025-02-11,1,25,Delivered
P14238,Solace Power,Redesigned letter,410.21,No,Metropolitan,2025-02-04,0,,Delivered
P14239,Harbour Energy,Standard letter,1743.21,No,Metropolitan,2025-02-10,0,,Delivered
P14240,Everly Energy,Standard letter,593.36,No,Regional,2025-02-06,0,,Delivered
P14241,Everly Energy,Redesigned letter,242.54,No,Metropolitan,2025-02-10,0,,Delivered
P14242,Summit Energy,Standard letter,303.62,Yes,Metropolitan,2025-02-06,0,,Delivered
P14243,Summit Energy,Standard letter,1252.8,No,Metropolitan,2025-02-06,0,,Delivered
P14244,Everly Energy,Standard letter,929.94,Yes,Regional,2025-02-12,1,8,Delivered
P14245,Everly Energy,Standard letter,1615.53,No,Metropolitan,2025-02-09,0,,Delivered
P14246,Harbour Energy,Redesigned letter,233.93,Yes,Metropolitan,2025-02-08,0,,Delivered
P14247,Lumen Energy,Redesigned letter,1159.01,No,Metropolitan,2025-02-13,0,,Delivered
P14248,Everly Energy,Redesigned letter,618.09,No,Regional,2025-02-11,1,13,Delivered
P14249,Summit Energy,Standard letter,2623.35,No,Regional,2025-02-04,0,,Delivered
P14250,Lumen Energy,Standard letter,1215.72,No,Metropolitan,2025-02-11,0,,Delivered
P14251,Summit Energy,Standard letter,1193.25,Yes,Metropolitan,2025-02-11,0,,Delivered
P14252,Harbour Energy,Standard letter,1607.65,No,Regional,2025-02-14,0,,Delivered
P14253,Summit Energy,Standard letter,237.22,No,Regional,2025-02-05,0,,Delivered
P14254,Summit Energy,Standard letter,555.32,Yes,Regional,2025-02-14,0,,Delivered
P14255,Harbour Energy,Redesigned letter,1296.62,Yes,Metropolitan,2025-02-03,1,30,Delivered
P14256,Everly Energy,Redesigned letter,398.29,No,Metropolitan,2025-02-08,0,,Delivered
P14257,Harbour Energy,Standard letter,688.58,No,Regional,2025-02-12,1,13,Delivered
P14258,Everly Energy,Standard letter,924.15,Yes,Metropolitan,2025-02-07,1,24,Delivered
P14259,Everly Energy,Redesigned letter,3049.58,No,Regional,2025-02-06,0,,Delivered
P14260,Harbour Energy,Standard letter,1147.37,Yes,Regional,2025-02-08,0,,Delivered
P14261,Summit Energy,Redesigned letter,1224.82,No,Metropolitan,2025-02-14,0,,Delivered
P14262,Everly Energy,Standard letter,665.27,No,Metropolitan,2025-02-11,0,,Delivered
P14263,Everly Energy,Redesigned letter,596.3,Yes,Metropolitan,2025-02-09,0,,Delivered
P14264,Harbour Energy,Standard letter,1281.98,No,Metropolitan,2025-02-12,,,Returned undeliverable
P14265,Summit Energy,Redesigned letter,567.07,Yes,Regional,2025-02-05,0,,Delivered
P14266,Harbour Energy,Standard letter,745.71,No,Regional,2025-02-13,1,6,Delivered
P14267,Summit Energy,Standard letter,1811.97,No,Metropolitan,2025-02-04,0,,Delivered
P14268,Everly Energy,Redesigned letter,445.92,No,Regional,2025-02-03,0,,Delivered
P14269,Everly Energy,Standard letter,3012.47,No,Regional,2025-02-08,1,23,Delivered
P14270,Lumen Energy,Standard letter,1635.85,No,Regional,2025-02-08,0,,Delivered
P14271,Everly Energy,Standard letter,1041.09,No,Regional,2025-02-07,0,,Delivered
P14272,Summit Energy,Standard letter,670.68,No,Regional,2025-02-08,0,,Delivered
P14273,Harbour Energy,Standard letter,688.12,No,Metropolitan,2025-02-09,0,,Delivered
P14274,Everly Energy,Standard letter,1186.66,No,Metropolitan,2025-02-05,0,,Delivered
P14275,Everly Energy,Standard letter,1515.64,Yes,Regional,2025-02-11,0,,Delivered
P14276,Lumen Energy,Redesigned letter,547.82,No,Metropolitan,2025-02-03,0,,Delivered
P14277,Everly Energy,Redesigned letter,1782.47,No,Metropolitan,2025-02-04,0,,Delivered
P14278,Kestrel Power,Standard letter,2028.9,No,Metropolitan,2025-02-14,0,,Delivered
P14279,Lumen Energy,Standard letter,995.64,No,Regional,2025-02-11,1,25,Delivered
P14280,Harbour Energy,Standard letter,995.4,No,Metropolitan,2025-02-10,0,,Delivered
P14281,Lumen Energy,Standard letter,463.67,No,Metropolitan,2025-02-14,0,,Delivered
P14282,Harbour Energy,Standard letter,1359.6,Yes,Metropolitan,2025-02-10,0,,Delivered
P14283,Lumen Energy,Standard letter,2691.26,No,Metropolitan,2025-02-11,0,,Delivered
P14284,Everly Energy,Standard letter,2501.9,No,Metropolitan,2025-02-08,1,22,Delivered
P14285,Everly Energy,Standard letter,491.03,No,Metropolitan,2025-02-05,1,12,Delivered
P14286,Lumen Energy,Redesigned letter,856.84,No,Metropolitan,2025-02-06,0,,Delivered
P14287,Harbour Energy,Standard letter,518.36,Yes,Metropolitan,2025-02-11,1,11,Delivered
P14288,Everly Energy,Redesigned letter,543.42,Yes,Regional,2025-02-13,0,,Delivered
P14289,Everly Energy,Standard letter,3595.54,No,Regional,2025-02-13,1,4,Delivered
P14290,Everly Energy,Redesigned letter,556.32,No,Metropolitan,2025-02-10,0,,Delivered
P14291,Summit Energy,Redesigned letter,630.97,No,Metropolitan,2025-02-08,0,,Delivered
P14292,Kestrel Power,Redesigned letter,1111.11,No,Regional,2025-02-04,0,,Delivered
P14293,Everly Energy,Standard letter,2502.14,No,Metropolitan,2025-02-05,0,,Delivered
P14294,Lumen Energy,Standard letter,424.03,Yes,Regional,2025-02-13,0,,Delivered
P14295,Summit Energy,Standard letter,1208.11,No,Regional,2025-02-05,0,,Delivered
P14296,Summit Energy,Standard letter,2629.55,No,Metropolitan,2025-02-07,0,,Delivered
P14297,Everly Energy,Redesigned letter,466.75,Yes,Regional,2025-02-08,0,,Delivered
P14298,Everly Energy,Standard letter,1595.37,No,Metropolitan,2025-02-05,0,,Delivered
P14299,Summit Energy,Standard letter,2725.26,No,Metropolitan,2025-02-05,0,,Delivered
P14300,Harbour Energy,Standard letter,334.11,No,Metropolitan,2025-02-03,0,,Delivered
P14301,Everly Energy,Redesigned letter,559.22,No,Metropolitan,2025-02-11,0,,Delivered
P14302,Everly Energy,Redesigned letter,290.41,No,Regional,2025-02-07,0,,Delivered
P14303,Kestrel Power,Standard letter,4335.19,No,Regional,2025-02-09,0,,Delivered
P14304,Harbour Energy,Standard letter,1158.18,No,Regional,2025-02-14,,,Returned undeliverable
P14305,Everly Energy,Standard letter,1526.56,No,Metropolitan,2025-02-08,0,,Delivered
P14306,Solace Power,Redesigned letter,768.28,No,Metropolitan,2025-02-05,0,,Delivered
P14307,Summit Energy,Standard letter,239.9,Yes,Metropolitan,2025-02-14,0,,Delivered
P14308,Kestrel Power,Redesigned letter,1716.45,Yes,Metropolitan,2025-02-03,0,,Delivered
P14309,Everly Energy,Redesigned letter,646.26,No,Metropolitan,2025-02-14,1,2,Delivered
P14310,Everly Energy,Redesigned letter,542.57,No,Regional,2025-02-03,1,28,Delivered
P14311,Everly Energy,Redesigned letter,1226.19,No,Metropolitan,2025-02-04,1,20,Delivered
P14312,Summit Energy,Standard letter,325.58,No,Metropolitan,2025-02-08,0,,Delivered
P14313,Everly Energy,Redesigned letter,409.99,No,Regional,2025-02-06,0,,Delivered
P14314,Everly Energy,Standard letter,509.6,Yes,Metropolitan,2025-02-09,1,5,Delivered
P14315,Solace Power,Redesigned letter,1875.27,No,Regional,2025-02-12,0,,Delivered
P14316,Harbour Energy,Redesigned letter,1877.29,Yes,Regional,2025-02-08,0,,Delivered
P14317,Kestrel Power,Redesigned letter,635.53,No,Metropolitan,2025-02-08,0,,Delivered
P14318,Everly Energy,Redesigned letter,2239.13,No,Regional,2025-02-07,0,,Delivered
P14319,Everly Energy,Redesigned letter,814.19,No,Metropolitan,2025-02-09,,,Returned undeliverable
P14320,Summit Energy,Standard letter,362.06,No,Regional,2025-02-06,0,,Delivered
P14321,Everly Energy,Standard letter,340.01,No,Metropolitan,2025-02-08,0,,Delivered
P14322,Harbour Energy,Redesigned letter,622.19,No,Regional,2025-02-10,1,24,Delivered
P14323,Kestrel Power,Standard letter,1489.22,No,Metropolitan,2025-02-10,0,,Delivered
P14324,Lumen Energy,Standard letter,679.91,No,Metropolitan,2025-02-09,0,,Delivered
P14325,Summit Energy,Redesigned letter,282.41,Yes,Regional,2025-02-11,1,22,Delivered
P14326,Kestrel Power,Redesigned letter,1228.88,No,Regional,2025-02-14,0,,Delivered
P14327,Solace Power,Standard letter,562.14,Yes,Regional,2025-02-12,0,,Delivered
P14328,Summit Energy,Redesigned letter,456.65,No,Metropolitan,2025-02-10,0,,Delivered
P14329,Harbour Energy,Redesigned letter,1513.77,No,Metropolitan,2025-02-03,0,,Delivered
P14330,Everly Energy,Redesigned letter,2252.76,No,Regional,2025-02-11,1,16,Delivered
P14331,Harbour Energy,Standard letter,1725.83,No,Metropolitan,2025-02-11,0,,Delivered
P14332,Summit Energy,Redesigned letter,2715.26,Yes,Regional,2025-02-11,0,,Delivered
P14333,Summit Energy,Standard letter,1261.1,No,Metropolitan,2025-02-12,0,,Delivered
P14334,Everly Energy,Standard letter,1562.5,Yes,Regional,2025-02-07,0,,Delivered
P14335,Everly Energy,Standard letter,3007.13,Yes,Metropolitan,2025-02-14,0,,Delivered
P14336,Kestrel Power,Redesigned letter,1343.59,No,Metropolitan,2025-02-10,1,30,Delivered
P14337,Everly Energy,Redesigned letter,1758.77,No,Regional,2025-02-09,0,,Delivered
P14338,Everly Energy,Redesigned letter,1186.65,No,Metropolitan,2025-02-14,0,,Delivered
P14339,Lumen Energy,Redesigned letter,879.94,No,Metropolitan,2025-02-03,0,,Delivered
P14340,Harbour Energy,Redesigned letter,1065.04,Yes,Metropolitan,2025-02-12,0,,Delivered
P14341,Everly Energy,Standard letter,1920.6,No,Regional,2025-02-08,0,,Delivered
P14342,Everly Energy,Standard letter,566.33,Yes,Metropolitan,2025-02-14,0,,Delivered
P14343,Solace Power,Redesigned letter,654.02,No,Regional,2025-02-12,0,,Delivered
P14344,Harbour Energy,Redesigned letter,794.14,No,Metropolitan,2025-02-12,0,,Delivered
P14345,Summit Energy,Standard letter,465.63,No,Regional,2025-02-13,0,,Delivered
P14346,Everly Energy,Redesigned letter,1169.33,No,Metropolitan,2025-02-09,0,,Delivered
P14347,Solace Power,Redesigned letter,385.05,No,Metropolitan,2025-02-04,0,,Delivered
P14348,Harbour Energy,Redesigned letter,637.73,No,Metropolitan,2025-02-09,0,,Delivered
P14349,Harbour Energy,Redesigned letter,1115.29,No,Regional,2025-02-05,0,,Delivered
P14350,Kestrel Power,Standard letter,2932.67,No,Metropolitan,2025-02-14,0,,Delivered
P14351,Kestrel Power,Standard letter,694.37,No,Regional,2025-02-03,0,,Delivered
P14352,Harbour Energy,Standard letter,332.68,Yes,Metropolitan,2025-02-04,1,21,Delivered
P14353,Everly Energy,Redesigned letter,710.31,No,Metropolitan,2025-02-08,0,,Delivered
P14354,Harbour Energy,Redesigned letter,1154.89,No,Regional,2025-02-08,0,,Delivered
P14355,Kestrel Power,Redesigned letter,376.34,Yes,Regional,2025-02-09,1,6,Delivered
P14356,Kestrel Power,Redesigned letter,851.1,No,Metropolitan,2025-02-07,0,,Delivered
P14357,Kestrel Power,Standard letter,672.2,No,Regional,2025-02-11,0,,Delivered
P14358,Kestrel Power,Standard letter,1056.11,No,Metropolitan,2025-02-13,0,,Delivered
P14359,Harbour Energy,Redesigned letter,1999.04,No,Regional,2025-02-09,1,23,Delivered
P14360,Kestrel Power,Redesigned letter,864.06,No,Regional,2025-02-08,0,,Delivered
P14361,Harbour Energy,Redesigned letter,2318.25,No,Metropolitan,2025-02-14,0,,Delivered
P14362,Harbour Energy,Standard letter,1384.47,Yes,Metropolitan,2025-02-07,0,,Delivered
P14363,Everly Energy,Redesigned letter,765.96,No,Metropolitan,2025-02-03,0,,Delivered
P14364,Kestrel Power,Standard letter,724.93,No,Metropolitan,2025-02-10,0,,Delivered
P14365,Kestrel Power,Standard letter,555.29,No,Regional,2025-02-12,0,,Delivered
P14366,Harbour Energy,Standard letter,1618.18,No,Metropolitan,2025-02-04,0,,Delivered
P14367,Summit Energy,Standard letter,763.62,No,Regional,2025-02-13,0,,Delivered
P14368,Solace Power,Standard letter,892.77,No,Metropolitan,2025-02-06,,,Returned undeliverable
P14369,Everly Energy,Redesigned letter,1633.0,No,Regional,2025-02-08,0,,Delivered
P14370,Everly Energy,Redesigned letter,1000.19,No,Metropolitan,2025-02-09,0,,Delivered
P14371,Solace Power,Redesigned letter,652.96,No,Metropolitan,2025-02-14,0,,Delivered
P14372,Harbour Energy,Standard letter,653.44,No,Regional,2025-02-04,0,,Delivered
P14373,Everly Energy,Redesigned letter,598.4,Yes,Metropolitan,2025-02-04,0,,Delivered
P14374,Everly Energy,Standard letter,467.86,No,Regional,2025-02-09,0,,Delivered
P14375,Harbour Energy,Standard letter,336.78,No,Metropolitan,2025-02-09,0,,Delivered
P14376,Harbour Energy,Redesigned letter,710.53,No,Metropolitan,2025-02-06,0,,Delivered
P14377,Everly Energy,Redesigned letter,1044.72,Yes,Metropolitan,2025-02-11,1,23,Delivered
P14378,Everly Energy,Standard letter,4012.44,Yes,Regional,2025-02-09,0,,Delivered
P14379,Everly Energy,Redesigned letter,947.23,No,Metropolitan,2025-02-09,1,13,Delivered
P14380,Kestrel Power,Redesigned letter,1259.53,No,Metropolitan,2025-02-05,0,,Delivered
P14381,Harbour Energy,Redesigned letter,1169.81,Yes,Regional,2025-02-12,0,,Delivered
P14382,Harbour Energy,Standard letter,1282.55,Yes,Regional,2025-02-12,1,20,Delivered
P14383,Everly Energy,Standard letter,559.45,No,Metropolitan,2025-02-07,0,,Delivered
P14384,Summit Energy,Standard letter,1702.23,No,Regional,2025-02-07,0,,Delivered
P14385,Summit Energy,Standard letter,1038.88,No,Metropolitan,2025-02-06,0,,Delivered
P14386,Everly Energy,Redesigned letter,977.23,No,Metropolitan,2025-02-08,0,,Delivered
P14387,Kestrel Power,Standard letter,764.61,No,Regional,2025-02-11,0,,Delivered
P14388,Everly Energy,Standard letter,432.34,Yes,Metropolitan,2025-02-11,0,,Delivered
P14389,Everly Energy,Standard letter,1089.76,No,Metropolitan,2025-02-04,0,,Delivered
P14390,Solace Power,Redesigned letter,812.61,No,Metropolitan,2025-02-14,0,,Delivered
P14391,Lumen Energy,Redesigned letter,511.03,No,Regional,2025-02-03,0,,Delivered
P14392,Everly Energy,Standard letter,1240.79,Yes,Metropolitan,2025-02-12,1,14,Delivered
P14393,Everly Energy,Redesigned letter,1234.11,No,Regional,2025-02-05,0,,Delivered
P14394,Everly Energy,Redesigned letter,873.96,No,Regional,2025-02-12,0,,Delivered
P14395,Harbour Energy,Redesigned letter,1464.39,No,Metropolitan,2025-02-11,0,,Delivered
P14396,Kestrel Power,Standard letter,317.55,No,Metropolitan,2025-02-05,0,,Delivered
P14397,Harbour Energy,Redesigned letter,1077.48,Yes,Regional,2025-02-10,0,,Delivered
P14398,Everly Energy,Redesigned letter,1105.74,No,Metropolitan,2025-02-03,1,16,Delivered
P14399,Lumen Energy,Redesigned letter,1453.86,Yes,Regional,2025-02-09,0,,Delivered
P14400,Harbour Energy,Redesigned letter,448.72,Yes,Metropolitan,2025-02-08,0,,Delivered
P14401,Everly Energy,Redesigned letter,4171.53,Yes,Regional,2025-02-10,1,23,Delivered
P14402,Kestrel Power,Redesigned letter,493.75,No,Metropolitan,2025-02-05,0,,Delivered
P14403,Harbour Energy,Redesigned letter,1158.86,No,Regional,2025-02-09,1,27,Delivered
P14404,Everly Energy,Redesigned letter,892.72,No,Regional,2025-02-10,0,,Delivered
P14405,Summit Energy,Standard letter,1221.47,No,Regional,2025-02-09,0,,Delivered
P14406,Kestrel Power,Redesigned letter,415.86,No,Regional,2025-02-13,1,13,Delivered
P14407,Everly Energy,Standard letter,1106.18,No,Metropolitan,2025-02-12,1,6,Delivered
P14408,Summit Energy,Standard letter,426.82,No,Metropolitan,2025-02-11,0,,Delivered
P14409,Kestrel Power,Standard letter,471.78,No,Metropolitan,2025-02-08,0,,Delivered
P14410,Harbour Energy,Redesigned letter,2365.93,Yes,Metropolitan,2025-02-06,1,3,Delivered
P14411,Everly Energy,Standard letter,574.42,No,Regional,2025-02-14,0,,Delivered
P14412,Harbour Energy,Standard letter,1385.47,No,Regional,2025-02-06,0,,Delivered
P14413,Solace Power,Redesigned letter,1637.63,No,Metropolitan,2025-02-12,0,,Delivered
P14414,Everly Energy,Standard letter,1794.4,Yes,Regional,2025-02-06,0,,Delivered
P14415,Harbour Energy,Standard letter,675.36,Yes,Metropolitan,2025-02-05,1,26,Delivered
P14416,Solace Power,Redesigned letter,437.22,No,Metropolitan,2025-02-08,0,,Delivered
P14417,Everly Energy,Standard letter,264.16,No,Regional,2025-02-06,0,,Delivered
P14418,Harbour Energy,Redesigned letter,1369.64,Yes,Metropolitan,2025-02-08,0,,Delivered
P14419,Harbour Energy,Redesigned letter,758.53,No,Regional,2025-02-07,0,,Delivered
P14420,Everly Energy,Redesigned letter,1093.57,No,Metropolitan,2025-02-08,0,,Delivered
P14421,Lumen Energy,Redesigned letter,1829.89,No,Metropolitan,2025-02-09,1,8,Delivered
P14422,Lumen Energy,Standard letter,383.65,No,Metropolitan,2025-02-05,0,,Delivered
P14423,Harbour Energy,Redesigned letter,289.69,No,Metropolitan,2025-02-09,0,,Delivered
P14424,Summit Energy,Standard letter,1636.63,No,Metropolitan,2025-02-03,0,,Delivered
P14425,Harbour Energy,Redesigned letter,2087.5,No,Regional,2025-02-03,0,,Delivered
P14426,Harbour Energy,Standard letter,719.1,No,Regional,2025-02-06,,,Returned undeliverable
P14427,Everly Energy,Redesigned letter,406.22,No,Metropolitan,2025-02-05,0,,Delivered
P14428,Everly Energy,Redesigned letter,921.67,No,Metropolitan,2025-02-10,0,,Delivered
P14429,Everly Energy,Standard letter,525.94,No,Regional,2025-02-14,0,,Delivered
P14430,Summit Energy,Standard letter,357.43,No,Metropolitan,2025-02-03,0,,Delivered
P14431,Harbour Energy,Standard letter,2765.68,No,Metropolitan,2025-02-08,1,10,Delivered
P14432,Summit Energy,Redesigned letter,570.6,No,Metropolitan,2025-02-13,0,,Delivered
P14433,Harbour Energy,Standard letter,2587.6,No,Metropolitan,2025-02-09,0,,Delivered
P14434,Harbour Energy,Standard letter,754.78,No,Metropolitan,2025-02-08,0,,Delivered
P14435,Everly Energy,Redesigned letter,1713.36,No,Metropolitan,2025-02-12,0,,Delivered
P14436,Everly Energy,Redesigned letter,450.13,No,Metropolitan,2025-02-09,0,,Delivered
P14437,Everly Energy,Standard letter,894.94,Yes,Regional,2025-02-12,0,,Delivered
P14438,Everly Energy,Redesigned letter,1797.32,Yes,Metropolitan,2025-02-10,1,12,Delivered
P14439,Harbour Energy,Standard letter,526.04,No,Metropolitan,2025-02-07,0,,Delivered
P14440,Everly Energy,Standard letter,470.78,Yes,Metropolitan,2025-02-12,0,,Delivered
P14441,Harbour Energy,Redesigned letter,2644.72,No,Metropolitan,2025-02-11,0,,Delivered
P14442,Lumen Energy,Standard letter,877.57,No,Metropolitan,2025-02-09,0,,Delivered
P14443,Everly Energy,Redesigned letter,4731.31,No,Metropolitan,2025-02-05,1,11,Delivered
P14444,Kestrel Power,Standard letter,940.92,No,Metropolitan,2025-02-04,0,,Delivered
P14445,Kestrel Power,Standard letter,627.16,No,Regional,2025-02-10,0,,Delivered
P14446,Lumen Energy,Redesigned letter,293.23,Yes,Metropolitan,2025-02-06,0,,Delivered
P14447,Summit Energy,Standard letter,157.3,Yes,Metropolitan,2025-02-12,0,,Delivered
P14448,Solace Power,Redesigned letter,705.13,No,Regional,2025-02-08,0,,Delivered
P14449,Lumen Energy,Redesigned letter,992.99,Yes,Metropolitan,2025-02-05,0,,Delivered
P14450,Everly Energy,Redesigned letter,1317.53,No,Regional,2025-02-10,1,11,Delivered
P14451,Kestrel Power,Redesigned letter,508.33,Yes,Regional,2025-02-11,0,,Delivered
P14452,Summit Energy,Redesigned letter,803.66,No,Metropolitan,2025-02-08,1,18,Delivered
P14453,Harbour Energy,Standard letter,216.43,No,Regional,2025-02-14,0,,Delivered
P14454,Harbour Energy,Redesigned letter,1025.3,No,Regional,2025-02-03,0,,Delivered
P14455,Harbour Energy,Standard letter,706.27,Yes,Regional,2025-02-09,0,,Delivered
P14456,Everly Energy,Redesigned letter,1134.21,No,Regional,2025-02-07,0,,Delivered
P14457,Harbour Energy,Standard letter,866.99,No,Metropolitan,2025-02-10,0,,Delivered
P14458,Solace Power,Redesigned letter,1280.95,No,Metropolitan,2025-02-03,0,,Delivered
P14459,Everly Energy,Redesigned letter,787.34,Yes,Metropolitan,2025-02-10,1,9,Delivered
P14460,Lumen Energy,Redesigned letter,909.7,No,Metropolitan,2025-02-05,0,,Delivered
P14461,Lumen Energy,Standard letter,1677.93,No,Metropolitan,2025-02-09,0,,Delivered
P14462,Harbour Energy,Redesigned letter,596.29,No,Metropolitan,2025-02-06,0,,Delivered
P14463,Everly Energy,Redesigned letter,666.75,No,Metropolitan,2025-02-09,0,,Delivered
P14464,Everly Energy,Standard letter,2340.29,No,Regional,2025-02-13,0,,Delivered
P14465,Kestrel Power,Standard letter,913.67,No,Metropolitan,2025-02-12,1,24,Delivered
P14466,Harbour Energy,Redesigned letter,349.5,No,Metropolitan,2025-02-09,0,,Delivered
P14467,Everly Energy,Redesigned letter,583.27,No,Metropolitan,2025-02-04,0,,Delivered
P14468,Solace Power,Redesigned letter,1372.53,No,Metropolitan,2025-02-03,0,,Delivered
P14469,Summit Energy,Redesigned letter,675.83,No,Metropolitan,2025-02-08,0,,Delivered
P14470,Harbour Energy,Standard letter,395.51,Yes,Metropolitan,2025-02-06,0,,Delivered
P14471,Everly Energy,Redesigned letter,858.43,No,Metropolitan,2025-02-04,0,,Delivered
P14472,Kestrel Power,Redesigned letter,487.81,Yes,Metropolitan,2025-02-06,0,,Delivered
P14473,Harbour Energy,Redesigned letter,766.69,No,Regional,2025-02-07,0,,Delivered
P14474,Everly Energy,Redesigned letter,736.37,No,Metropolitan,2025-02-12,0,,Delivered
P14475,Kestrel Power,Standard letter,628.52,No,Metropolitan,2025-02-10,,,Returned undeliverable
P14476,Lumen Energy,Redesigned letter,2343.99,Yes,Metropolitan,2025-02-12,0,,Delivered
P14477,Summit Energy,Standard letter,1032.2,No,Regional,2025-02-14,0,,Delivered
P14478,Lumen Energy,Standard letter,935.88,No,Metropolitan,2025-02-11,0,,Delivered
P14479,Harbour Energy,Standard letter,817.78,Yes,Metropolitan,2025-02-04,0,,Delivered
P14480,Kestrel Power,Redesigned letter,1816.28,No,Metropolitan,2025-02-05,0,,Delivered
P14481,Harbour Energy,Standard letter,704.27,No,Regional,2025-02-13,0,,Delivered
P14482,Lumen Energy,Standard letter,831.75,Yes,Regional,2025-02-07,0,,Delivered
P14483,Summit Energy,Standard letter,678.16,Yes,Metropolitan,2025-02-11,0,,Delivered
P14484,Harbour Energy,Standard letter,882.69,No,Regional,2025-02-05,0,,Delivered
P14485,Kestrel Power,Redesigned letter,720.46,No,Regional,2025-02-11,0,,Delivered
P14486,Harbour Energy,Standard letter,390.09,No,Regional,2025-02-14,0,,Delivered
P14487,Lumen Energy,Redesigned letter,1243.31,No,Metropolitan,2025-02-09,0,,Delivered
P14488,Everly Energy,Standard letter,1162.94,No,Metropolitan,2025-02-03,0,,Delivered
P14489,Summit Energy,Standard letter,658.41,Yes,Metropolitan,2025-02-13,1,17,Delivered
P14490,Summit Energy,Redesigned letter,319.6,No,Metropolitan,2025-02-08,0,,Delivered
P14491,Everly Energy,Redesigned letter,996.13,No,Metropolitan,2025-02-03,0,,Delivered
P14492,Summit Energy,Redesigned letter,1415.13,No,Regional,2025-02-05,0,,Delivered
P14493,Harbour Energy,Redesigned letter,608.41,No,Regional,2025-02-06,0,,Delivered
P14494,Lumen Energy,Standard letter,842.37,No,Regional,2025-02-07,,,Returned undeliverable
P14495,Harbour Energy,Redesigned letter,1012.62,No,Metropolitan,2025-02-03,0,,Delivered
P14496,Harbour Energy,Redesigned letter,1086.29,Yes,Regional,2025-02-08,0,,Delivered
P14497,Harbour Energy,Redesigned letter,829.43,Yes,Regional,2025-02-12,0,,Delivered
P14498,Summit Energy,Redesigned letter,703.66,No,Metropolitan,2025-02-03,0,,Delivered
P14499,Kestrel Power,Redesigned letter,507.9,No,Metropolitan,2025-02-09,0,,Delivered
P14500,Harbour Energy,Standard letter,727.35,No,Regional,2025-02-09,0,,Delivered
P14501,Lumen Energy,Standard letter,673.55,No,Metropolitan,2025-02-03,0,,Delivered
P14502,Solace Power,Standard letter,1082.64,No,Metropolitan,2025-02-05,0,,Delivered
P14503,Kestrel Power,Standard letter,174.17,Yes,Regional,2025-02-11,0,,Delivered
P14504,Everly Energy,Standard letter,839.37,Yes,Regional,2025-02-09,0,,Delivered
P14505,Harbour Energy,Redesigned letter,1125.14,No,Metropolitan,2025-02-13,0,,Delivered
P14506,Harbour Energy,Standard letter,1259.79,No,Metropolitan,2025-02-04,0,,Delivered
P14507,Lumen Energy,Standard letter,390.29,No,Metropolitan,2025-02-03,1,27,Delivered
P14508,Lumen Energy,Redesigned letter,1639.94,Yes,Metropolitan,2025-02-07,0,,Delivered
P14509,Kestrel Power,Standard letter,876.28,No,Metropolitan,2025-02-07,0,,Delivered
P14510,Everly Energy,Standard letter,657.67,No,Metropolitan,2025-02-10,0,,Delivered
P14511,Harbour Energy,Redesigned letter,1351.73,No,Metropolitan,2025-02-12,0,,Delivered
P14512,Everly Energy,Redesigned letter,675.75,No,Metropolitan,2025-02-09,0,,Delivered
P14513,Harbour Energy,Standard letter,1918.99,No,Metropolitan,2025-02-13,0,,Delivered
P14514,Everly Energy,Standard letter,1208.62,No,Metropolitan,2025-02-03,1,11,Delivered
P14515,Harbour Energy,Redesigned letter,762.95,No,Metropolitan,2025-02-13,0,,Delivered
P14516,Summit Energy,Standard letter,2251.67,Yes,Regional,2025-02-04,1,1,Delivered
P14517,Harbour Energy,Standard letter,4183.62,No,Regional,2025-02-05,0,,Delivered
P14518,Harbour Energy,Redesigned letter,1450.34,No,Regional,2025-02-05,0,,Delivered
P14519,Everly Energy,Redesigned letter,1010.8,No,Metropolitan,2025-02-10,0,,Delivered
P14520,Everly Energy,Standard letter,640.76,Yes,Regional,2025-02-03,1,2,Delivered
P14521,Harbour Energy,Standard letter,710.71,No,Metropolitan,2025-02-06,0,,Delivered
P14522,Kestrel Power,Redesigned letter,538.94,No,Regional,2025-02-09,1,23,Delivered
P14523,Harbour Energy,Redesigned letter,2266.25,No,Metropolitan,2025-02-11,0,,Delivered
P14524,Harbour Energy,Redesigned letter,1011.68,No,Regional,2025-02-14,0,,Delivered
P14525,Kestrel Power,Standard letter,1107.14,No,Regional,2025-02-10,0,,Delivered
P14526,Everly Energy,Redesigned letter,412.76,Yes,Regional,2025-02-13,0,,Delivered
P14527,Everly Energy,Standard letter,1370.23,Yes,Metropolitan,2025-02-10,1,9,Delivered
P14528,Harbour Energy,Redesigned letter,764.35,No,Metropolitan,2025-02-10,0,,Delivered
P14529,Harbour Energy,Standard letter,1538.59,Yes,Metropolitan,2025-02-05,0,,Delivered
P14530,Kestrel Power,Standard letter,661.16,No,Metropolitan,2025-02-09,0,,Delivered
P14531,Harbour Energy,Redesigned letter,1149.83,No,Regional,2025-02-08,1,24,Delivered
P14532,Harbour Energy,Standard letter,1145.4,No,Regional,2025-02-05,0,,Delivered
P14533,Harbour Energy,Redesigned letter,936.92,No,Metropolitan,2025-02-14,0,,Delivered
P14534,Everly Energy,Redesigned letter,630.48,No,Regional,2025-02-03,0,,Delivered
P14535,Kestrel Power,Standard letter,1262.62,No,Metropolitan,2025-02-10,0,,Delivered
P14536,Lumen Energy,Standard letter,1355.37,No,Metropolitan,2025-02-10,1,1,Delivered
P14537,Everly Energy,Standard letter,254.33,No,Regional,2025-02-03,0,,Delivered
P14538,Harbour Energy,Standard letter,891.69,No,Regional,2025-02-09,0,,Delivered
P14539,Summit Energy,Redesigned letter,2126.34,No,Metropolitan,2025-02-08,0,,Delivered
P14540,Summit Energy,Redesigned letter,1587.42,No,Metropolitan,2025-02-05,0,,Delivered
P14541,Harbour Energy,Standard letter,1019.43,Yes,Regional,2025-02-04,0,,Delivered
P14542,Everly Energy,Redesigned letter,2153.75,No,Metropolitan,2025-02-06,1,20,Delivered
P14543,Everly Energy,Redesigned letter,1132.46,No,Regional,2025-02-14,1,18,Delivered
P14544,Lumen Energy,Redesigned letter,565.33,Yes,Metropolitan,2025-02-14,1,14,Delivered
P14545,Everly Energy,Standard letter,561.02,No,Regional,2025-02-09,0,,Delivered
P14546,Summit Energy,Redesigned letter,1209.64,No,Metropolitan,2025-02-03,,,Returned undeliverable
P14547,Harbour Energy,Redesigned letter,938.46,No,Metropolitan,2025-02-08,,,Returned undeliverable
P14548,Everly Energy,Redesigned letter,1080.63,Yes,Metropolitan,2025-02-11,1,5,Delivered
P14549,Summit Energy,Redesigned letter,555.87,Yes,Regional,2025-02-12,0,,Delivered
P14550,Summit Energy,Standard letter,717.52,No,Metropolitan,2025-02-12,0,,Delivered
P14551,Summit Energy,Redesigned letter,516.78,Yes,Regional,2025-02-06,0,,Delivered
P14552,Kestrel Power,Redesigned letter,414.94,No,Metropolitan,2025-02-12,0,,Delivered
P14553,Lumen Energy,Redesigned letter,1450.35,No,Regional,2025-02-14,0,,Delivered
P14554,Summit Energy,Standard letter,763.92,Yes,Metropolitan,2025-02-06,0,,Delivered
P14555,Lumen Energy,Redesigned letter,803.99,No,Metropolitan,2025-02-14,0,,Delivered
P14556,Summit Energy,Redesigned letter,1199.56,Yes,Regional,2025-02-05,1,18,Delivered
P14557,Solace Power,Standard letter,2166.38,No,Metropolitan,2025-02-04,0,,Delivered
P14558,Summit Energy,Standard letter,1289.28,Yes,Metropolitan,2025-02-03,1,1,Delivered
P14559,Lumen Energy,Standard letter,872.43,No,Regional,2025-02-04,0,,Delivered
P14560,Harbour Energy,Redesigned letter,1047.59,Yes,Metropolitan,2025-02-07,1,1,Delivered
P14561,Harbour Energy,Redesigned letter,688.15,No,Metropolitan,2025-02-03,0,,Delivered
P14562,Everly Energy,Standard letter,1367.61,No,Metropolitan,2025-02-11,0,,Delivered
P14563,Everly Energy,Standard letter,2074.89,Yes,Metropolitan,2025-02-03,0,,Delivered
P14564,Lumen Energy,Redesigned letter,1887.36,No,Regional,2025-02-14,1,11,Delivered
P14565,Lumen Energy,Redesigned letter,872.88,No,Regional,2025-02-13,0,,Delivered
P14566,Harbour Energy,Standard letter,894.35,No,Metropolitan,2025-02-12,0,,Delivered
P14567,Harbour Energy,Redesigned letter,1797.35,Yes,Metropolitan,2025-02-08,0,,Delivered
P14568,Everly Energy,Redesigned letter,1574.06,No,Metropolitan,2025-02-10,0,,Delivered
P14569,Harbour Energy,Redesigned letter,738.43,No,Metropolitan,2025-02-05,0,,Delivered
P14570,Everly Energy,Redesigned letter,4570.29,No,Metropolitan,2025-02-06,0,,Delivered
P14571,Everly Energy,Standard letter,3288.7,No,Regional,2025-02-09,0,,Delivered
P14572,Lumen Energy,Standard letter,1307.24,No,Metropolitan,2025-02-13,0,,Delivered
P14573,Everly Energy,Standard letter,294.99,No,Regional,2025-02-06,0,,Delivered
P14574,Kestrel Power,Redesigned letter,689.72,No,Metropolitan,2025-02-11,0,,Delivered
P14575,Everly Energy,Standard letter,1098.88,No,Metropolitan,2025-02-09,0,,Delivered
P14576,Harbour Energy,Standard letter,1094.13,No,Regional,2025-02-14,0,,Delivered
P14577,Kestrel Power,Redesigned letter,2733.59,Yes,Metropolitan,2025-02-05,0,,Delivered
P14578,Summit Energy,Redesigned letter,692.14,No,Metropolitan,2025-02-09,0,,Delivered
P14579,Harbour Energy,Standard letter,1018.63,No,Metropolitan,2025-02-08,0,,Delivered
P14580,Lumen Energy,Standard letter,951.1,No,Metropolitan,2025-02-14,0,,Delivered
P14581,Everly Energy,Redesigned letter,289.75,Yes,Metropolitan,2025-02-06,0,,Delivered
P14582,Kestrel Power,Standard letter,499.95,No,Metropolitan,2025-02-08,0,,Delivered
P14583,Harbour Energy,Standard letter,2203.19,No,Metropolitan,2025-02-04,0,,Delivered
P14584,Kestrel Power,Standard letter,400.19,Yes,Metropolitan,2025-02-08,0,,Delivered
P14585,Everly Energy,Standard letter,2231.92,No,Metropolitan,2025-02-07,0,,Delivered
P14586,Everly Energy,Redesigned letter,883.11,No,Metropolitan,2025-02-09,0,,Delivered
P14587,Harbour Energy,Redesigned letter,1107.42,Yes,Metropolitan,2025-02-06,0,,Delivered
P14588,Harbour Energy,Standard letter,142.95,Yes,Metropolitan,2025-02-10,,,Returned undeliverable
P14589,Harbour Energy,Standard letter,420.95,Yes,Regional,2025-02-13,0,,Delivered
P14590,Kestrel Power,Standard letter,868.51,No,Metropolitan,2025-02-07,0,,Delivered
P14591,Kestrel Power,Standard letter,845.54,No,Regional,2025-02-14,0,,Delivered
P14592,Lumen Energy,Standard letter,1694.22,No,Metropolitan,2025-02-12,0,,Delivered
P14593,Lumen Energy,Standard letter,693.74,No,Regional,2025-02-13,0,,Delivered
P14594,Everly Energy,Standard letter,614.4,Yes,Metropolitan,2025-02-08,0,,Delivered
P14595,Kestrel Power,Redesigned letter,691.87,No,Metropolitan,2025-02-10,0,,Delivered
P14596,Kestrel Power,Standard letter,1189.81,Yes,Regional,2025-02-05,0,,Delivered
P14597,Everly Energy,Redesigned letter,1771.49,No,Regional,2025-02-08,1,23,Delivered
P14598,Everly Energy,Redesigned letter,1826.15,No,Metropolitan,2025-02-06,1,6,Delivered
P14599,Summit Energy,Standard letter,957.53,Yes,Metropolitan,2025-02-13,0,,Delivered
P14600,Harbour Energy,Standard letter,872.66,No,Regional,2025-02-05,0,,Delivered
P14601,Everly Energy,Standard letter,1856.08,Yes,Metropolitan,2025-02-05,0,,Delivered
P14602,Harbour Energy,Standard letter,1249.01,No,Metropolitan,2025-02-10,0,,Delivered
P14603,Harbour Energy,Redesigned letter,1007.8,Yes,Regional,2025-02-08,0,,Delivered
P14604,Harbour Energy,Standard letter,784.29,No,Metropolitan,2025-02-03,0,,Delivered
P14605,Everly Energy,Redesigned letter,657.77,No,Regional,2025-02-07,0,,Delivered
P14606,Everly Energy,Standard letter,756.06,No,Regional,2025-02-09,0,,Delivered
P14607,Harbour Energy,Redesigned letter,2631.69,No,Metropolitan,2025-02-05,0,,Delivered
P14608,Harbour Energy,Standard letter,929.35,Yes,Regional,2025-02-08,0,,Delivered
P14609,Everly Energy,Standard letter,1526.46,Yes,Metropolitan,2025-02-13,1,4,Delivered
P14610,Lumen Energy,Standard letter,898.9,No,Regional,2025-02-14,0,,Delivered
P14611,Harbour Energy,Standard letter,809.85,No,Metropolitan,2025-02-08,1,27,Delivered
P14612,Everly Energy,Redesigned letter,474.31,No,Metropolitan,2025-02-12,0,,Delivered
P14613,Harbour Energy,Redesigned letter,745.44,No,Regional,2025-02-13,1,1,Delivered
P14614,Solace Power,Standard letter,776.08,No,Metropolitan,2025-02-06,0,,Delivered
P14615,Solace Power,Redesigned letter,2795.06,No,Metropolitan,2025-02-09,0,,Delivered
P14616,Everly Energy,Redesigned letter,2781.85,Yes,Regional,2025-02-08,0,,Delivered
P14617,Everly Energy,Standard letter,746.47,No,Metropolitan,2025-02-14,0,,Delivered
P14618,Everly Energy,Standard letter,982.18,Yes,Metropolitan,2025-02-10,1,1,Delivered
P14619,Solace Power,Redesigned letter,412.09,No,Metropolitan,2025-02-04,0,,Delivered
P14620,Summit Energy,Redesigned letter,2589.21,Yes,Metropolitan,2025-02-11,0,,Delivered
P14621,Everly Energy,Redesigned letter,2898.78,Yes,Metropolitan,2025-02-14,,,Returned undeliverable
P14622,Harbour Energy,Redesigned letter,1370.1,Yes,Regional,2025-02-13,0,,Delivered
P14623,Kestrel Power,Standard letter,1138.3,Yes,Regional,2025-02-06,0,,Delivered
P14624,Harbour Energy,Redesigned letter,780.42,Yes,Metropolitan,2025-02-03,0,,Delivered
P14625,Everly Energy,Standard letter,667.54,No,Metropolitan,2025-02-03,0,,Delivered
P14626,Everly Energy,Redesigned letter,517.74,No,Regional,2025-02-09,1,21,Delivered
P14627,Everly Energy,Redesigned letter,296.52,No,Metropolitan,2025-02-09,0,,Delivered
P14628,Summit Energy,Redesigned letter,1057.77,No,Metropolitan,2025-02-04,0,,Delivered
P14629,Harbour Energy,Standard letter,552.09,Yes,Regional,2025-02-05,0,,Delivered
P14630,Harbour Energy,Standard letter,2553.81,Yes,Metropolitan,2025-02-11,1,12,Delivered
P14631,Everly Energy,Redesigned letter,707.1,No,Metropolitan,2025-02-06,0,,Delivered
P14632,Harbour Energy,Standard letter,2047.77,No,Metropolitan,2025-02-09,0,,Delivered
P14633,Harbour Energy,Redesigned letter,762.13,No,Metropolitan,2025-02-12,0,,Delivered
P14634,Solace Power,Standard letter,1464.89,No,Metropolitan,2025-02-12,0,,Delivered
P14635,Everly Energy,Standard letter,696.51,No,Metropolitan,2025-02-08,0,,Delivered
P14636,Kestrel Power,Redesigned letter,982.03,Yes,Metropolitan,2025-02-11,1,4,Delivered
P14637,Summit Energy,Standard letter,1313.31,No,Metropolitan,2025-02-09,0,,Delivered
P14638,Lumen Energy,Redesigned letter,799.36,No,Regional,2025-02-07,0,,Delivered
P14639,Solace Power,Standard letter,1347.34,No,Metropolitan,2025-02-14,1,20,Delivered
P14640,Harbour Energy,Standard letter,377.14,Yes,Regional,2025-02-03,0,,Delivered
P14641,Everly Energy,Redesigned letter,514.5,Yes,Metropolitan,2025-02-13,0,,Delivered
P14642,Kestrel Power,Standard letter,902.95,Yes,Metropolitan,2025-02-11,1,6,Delivered
P14643,Everly Energy,Redesigned letter,640.58,No,Metropolitan,2025-02-11,0,,Delivered
P14644,Harbour Energy,Standard letter,450.26,Yes,Metropolitan,2025-02-07,0,,Delivered
P14645,Harbour Energy,Redesigned letter,1283.12,Yes,Metropolitan,2025-02-05,1,5,Delivered
P14646,Everly Energy,Standard letter,379.36,Yes,Metropolitan,2025-02-07,1,5,Delivered
P14647,Everly Energy,Redesigned letter,1456.07,No,Metropolitan,2025-02-10,0,,Delivered
P14648,Harbour Energy,Standard letter,1944.25,No,Metropolitan,2025-02-14,0,,Delivered
P14649,Everly Energy,Standard letter,2556.48,No,Metropolitan,2025-02-14,0,,Delivered
P14650,Kestrel Power,Standard letter,470.43,Yes,Metropolitan,2025-02-04,0,,Delivered
P14651,Harbour Energy,Redesigned letter,417.29,No,Metropolitan,2025-02-08,0,,Delivered
P14652,Everly Energy,Standard letter,2326.71,Yes,Regional,2025-02-09,1,11,Delivered
P14653,Kestrel Power,Redesigned letter,2104.0,Yes,Metropolitan,2025-02-10,0,,Delivered
P14654,Harbour Energy,Redesigned letter,497.56,No,Metropolitan,2025-02-10,1,10,Delivered
P14655,Harbour Energy,Redesigned letter,682.4,Yes,Metropolitan,2025-02-07,0,,Delivered
P14656,Harbour Energy,Standard letter,439.07,No,Metropolitan,2025-02-11,1,28,Delivered
P14657,Everly Energy,Redesigned letter,539.24,No,Regional,2025-02-04,0,,Delivered
P14658,Summit Energy,Redesigned letter,2203.84,No,Regional,2025-02-09,1,30,Delivered
P14659,Summit Energy,Redesigned letter,1154.91,No,Metropolitan,2025-02-13,0,,Delivered
P14660,Everly Energy,Standard letter,747.75,No,Metropolitan,2025-02-07,0,,Delivered
P14661,Summit Energy,Redesigned letter,791.42,Yes,Metropolitan,2025-02-08,1,20,Delivered
P14662,Kestrel Power,Standard letter,965.69,No,Metropolitan,2025-02-05,1,3,Delivered
P14663,Everly Energy,Standard letter,2168.53,No,Metropolitan,2025-02-08,0,,Delivered
P14664,Summit Energy,Redesigned letter,1403.5,No,Regional,2025-02-14,0,,Delivered
P14665,Lumen Energy,Redesigned letter,3359.19,No,Regional,2025-02-13,1,10,Delivered
P14666,Harbour Energy,Standard letter,1176.19,No,Metropolitan,2025-02-04,0,,Delivered
P14667,Everly Energy,Redesigned letter,713.21,No,Metropolitan,2025-02-03,0,,Delivered
P14668,Harbour Energy,Standard letter,450.28,No,Regional,2025-02-09,0,,Delivered
P14669,Harbour Energy,Standard letter,1443.14,No,Metropolitan,2025-02-07,0,,Delivered
P14670,Everly Energy,Standard letter,515.52,Yes,Metropolitan,2025-02-11,1,5,Delivered
P14671,Harbour Energy,Redesigned letter,805.78,Yes,Regional,2025-02-06,0,,Delivered
P14672,Harbour Energy,Redesigned letter,147.49,No,Metropolitan,2025-02-05,0,,Delivered
P14673,Everly Energy,Redesigned letter,1548.4,No,Metropolitan,2025-02-03,1,21,Delivered
P14674,Summit Energy,Redesigned letter,2665.13,No,Regional,2025-02-09,0,,Delivered
P14675,Harbour Energy,Redesigned letter,278.0,Yes,Regional,2025-02-10,0,,Delivered
P14676,Everly Energy,Redesigned letter,568.83,No,Metropolitan,2025-02-07,0,,Delivered
P14677,Solace Power,Redesigned letter,1680.56,No,Regional,2025-02-05,0,,Delivered
P14678,Summit Energy,Redesigned letter,1701.03,No,Metropolitan,2025-02-06,0,,Delivered
P14679,Everly Energy,Standard letter,1343.64,Yes,Metropolitan,2025-02-10,,,Returned undeliverable
P14680,Kestrel Power,Standard letter,1347.39,No,Metropolitan,2025-02-10,0,,Delivered
P14681,Everly Energy,Redesigned letter,278.03,No,Metropolitan,2025-02-05,0,,Delivered
P14682,Solace Power,Redesigned letter,663.45,No,Metropolitan,2025-02-13,0,,Delivered
P14683,Kestrel Power,Redesigned letter,897.74,No,Regional,2025-02-09,0,,Delivered
P14684,Summit Energy,Redesigned letter,1174.62,No,Metropolitan,2025-02-11,0,,Delivered
P14685,Harbour Energy,Standard letter,1032.82,Yes,Regional,2025-02-06,0,,Delivered
P14686,Summit Energy,Standard letter,1813.23,No,Regional,2025-02-08,0,,Delivered
P14687,Everly Energy,Standard letter,1674.06,No,Metropolitan,2025-02-11,0,,Delivered
P14688,Everly Energy,Redesigned letter,1319.06,No,Regional,2025-02-03,0,,Delivered
P14689,Harbour Energy,Standard letter,2028.27,No,Metropolitan,2025-02-13,0,,Delivered
P14690,Kestrel Power,Redesigned letter,720.42,No,Regional,2025-02-03,0,,Delivered
P14691,Kestrel Power,Standard letter,500.2,No,Regional,2025-02-04,0,,Delivered
P14692,Lumen Energy,Standard letter,375.62,No,Metropolitan,2025-02-05,0,,Delivered
P14693,Harbour Energy,Standard letter,1382.4,No,Regional,2025-02-14,0,,Delivered
P14694,Harbour Energy,Standard letter,1693.99,No,Metropolitan,2025-02-06,0,,Delivered
P14695,Everly Energy,Redesigned letter,987.44,No,Regional,2025-02-10,0,,Delivered
P14696,Harbour Energy,Redesigned letter,1136.45,No,Metropolitan,2025-02-06,0,,Delivered
P14697,Everly Energy,Standard letter,319.89,No,Regional,2025-02-08,0,,Delivered
P14698,Kestrel Power,Standard letter,1843.91,No,Metropolitan,2025-02-07,0,,Delivered
P14699,Everly Energy,Standard letter,573.1,No,Metropolitan,2025-02-06,0,,Delivered
P14700,Harbour Energy,Standard letter,751.73,No,Regional,2025-02-09,0,,Delivered
P14701,Solace Power,Standard letter,1571.09,No,Metropolitan,2025-02-04,0,,Delivered
P14702,Kestrel Power,Redesigned letter,787.07,No,Metropolitan,2025-02-07,0,,Delivered
P14703,Harbour Energy,Redesigned letter,666.41,No,Regional,2025-02-09,0,,Delivered
P14704,Everly Energy,Standard letter,2584.09,No,Metropolitan,2025-02-09,0,,Delivered
P14705,Everly Energy,Standard letter,957.51,No,Metropolitan,2025-02-08,1,24,Delivered
P14706,Harbour Energy,Standard letter,1145.49,No,Metropolitan,2025-02-10,0,,Delivered
P14707,Harbour Energy,Redesigned letter,625.42,No,Metropolitan,2025-02-11,1,21,Delivered
P14708,Everly Energy,Redesigned letter,812.1,Yes,Metropolitan,2025-02-03,0,,Delivered
P14709,Everly Energy,Standard letter,1189.06,No,Metropolitan,2025-02-04,0,,Delivered
P14710,Harbour Energy,Redesigned letter,689.74,No,Metropolitan,2025-02-04,0,,Delivered
P14711,Everly Energy,Standard letter,595.83,Yes,Regional,2025-02-06,0,,Delivered
P14712,Harbour Energy,Redesigned letter,1855.38,No,Metropolitan,2025-02-13,1,26,Delivered
P14713,Harbour Energy,Standard letter,1009.4,Yes,Metropolitan,2025-02-12,0,,Delivered
P14714,Summit Energy,Redesigned letter,807.49,No,Metropolitan,2025-02-14,0,,Delivered
P14715,Solace Power,Redesigned letter,249.59,No,Regional,2025-02-13,0,,Delivered
P14716,Harbour Energy,Redesigned letter,685.3,No,Metropolitan,2025-02-10,0,,Delivered
P14717,Solace Power,Standard letter,1241.07,Yes,Metropolitan,2025-02-09,0,,Delivered
P14718,Harbour Energy,Redesigned letter,1302.54,Yes,Metropolitan,2025-02-08,0,,Delivered
P14719,Harbour Energy,Standard letter,1541.07,No,Metropolitan,2025-02-03,1,1,Delivered
P14720,Harbour Energy,Redesigned letter,1716.63,No,Metropolitan,2025-02-08,0,,Delivered
P14721,Harbour Energy,Standard letter,444.2,No,Regional,2025-02-07,0,,Delivered
P14722,Harbour Energy,Standard letter,1506.76,No,Metropolitan,2025-02-09,0,,Delivered
P14723,Summit Energy,Redesigned letter,1028.61,Yes,Metropolitan,2025-02-09,0,,Delivered
P14724,Solace Power,Redesigned letter,1665.3,No,Metropolitan,2025-02-09,1,8,Delivered
P14725,Everly Energy,Redesigned letter,425.02,Yes,Regional,2025-02-11,0,,Delivered
P14726,Harbour Energy,Standard letter,801.47,No,Regional,2025-02-13,1,3,Delivered
P14727,Kestrel Power,Redesigned letter,530.26,Yes,Regional,2025-02-11,0,,Delivered
P14728,Harbour Energy,Redesigned letter,795.65,No,Metropolitan,2025-02-13,1,22,Delivered
P14729,Harbour Energy,Standard letter,1191.03,Yes,Metropolitan,2025-02-09,0,,Delivered
P14730,Summit Energy,Standard letter,560.08,No,Regional,2025-02-10,0,,Delivered
P14731,Everly Energy,Redesigned letter,831.3,Yes,Metropolitan,2025-02-10,,,Returned undeliverable
P14732,Harbour Energy,Redesigned letter,1063.94,No,Regional,2025-02-08,0,,Delivered
P14733,Solace Power,Redesigned letter,751.3,No,Metropolitan,2025-02-10,1,24,Delivered
P14734,Everly Energy,Standard letter,1280.91,No,Metropolitan,2025-02-06,0,,Delivered
P14735,Kestrel Power,Redesigned letter,626.65,No,Metropolitan,2025-02-03,1,19,Delivered
P14736,Harbour Energy,Standard letter,2585.95,Yes,Metropolitan,2025-02-12,0,,Delivered
P14737,Harbour Energy,Redesigned letter,974.7,Yes,Metropolitan,2025-02-09,0,,Delivered
P14738,Harbour Energy,Standard letter,1718.54,No,Regional,2025-02-11,0,,Delivered
P14739,Harbour Energy,Standard letter,1679.94,No,Metropolitan,2025-02-05,0,,Delivered
P14740,Harbour Energy,Standard letter,629.67,Yes,Metropolitan,2025-02-09,0,,Delivered
P14741,Everly Energy,Redesigned letter,1268.75,Yes,Metropolitan,2025-02-03,0,,Delivered
P14742,Summit Energy,Redesigned letter,3781.84,Yes,Metropolitan,2025-02-11,0,,Delivered
P14743,Summit Energy,Redesigned letter,483.02,No,Metropolitan,2025-02-11,0,,Delivered
P14744,Harbour Energy,Standard letter,509.41,No,Metropolitan,2025-02-05,0,,Delivered
P14745,Everly Energy,Standard letter,1354.25,No,Regional,2025-02-03,0,,Delivered
P14746,Lumen Energy,Standard letter,525.22,No,Metropolitan,2025-02-07,0,,Delivered
P14747,Harbour Energy,Standard letter,2099.13,No,Metropolitan,2025-02-09,0,,Delivered
P14748,Everly Energy,Redesigned letter,1282.75,No,Regional,2025-02-13,1,11,Delivered
P14749,Everly Energy,Redesigned letter,545.39,No,Regional,2025-02-07,0,,Delivered
P14750,Summit Energy,Redesigned letter,789.84,No,Metropolitan,2025-02-10,0,,Delivered
P14751,Kestrel Power,Standard letter,781.44,Yes,Metropolitan,2025-02-13,0,,Delivered
P14752,Everly Energy,Redesigned letter,506.0,Yes,Metropolitan,2025-02-10,1,25,Delivered
P14753,Harbour Energy,Standard letter,2673.1,No,Metropolitan,2025-02-09,0,,Delivered
P14754,Everly Energy,Standard letter,1134.08,No,Regional,2025-02-07,0,,Delivered
P14755,Everly Energy,Redesigned letter,443.12,No,Metropolitan,2025-02-11,0,,Delivered
P14756,Everly Energy,Redesigned letter,544.05,No,Metropolitan,2025-02-03,0,,Delivered
P14757,Summit Energy,Standard letter,388.56,No,Metropolitan,2025-02-09,0,,Delivered
P14758,Lumen Energy,Standard letter,2273.36,No,Metropolitan,2025-02-10,0,,Delivered
P14759,Everly Energy,Redesigned letter,505.22,No,Metropolitan,2025-02-07,0,,Delivered
P14760,Harbour Energy,Standard letter,479.77,No,Metropolitan,2025-02-04,0,,Delivered
P14761,Summit Energy,Standard letter,1253.98,Yes,Regional,2025-02-12,0,,Delivered
P14762,Everly Energy,Redesigned letter,2354.81,No,Regional,2025-02-03,1,18,Delivered
P14763,Summit Energy,Standard letter,630.1,No,Regional,2025-02-12,0,,Delivered
P14764,Lumen Energy,Redesigned letter,82.67,No,Regional,2025-02-09,0,,Delivered
P14765,Everly Energy,Redesigned letter,1136.15,No,Regional,2025-02-10,0,,Delivered
P14766,Lumen Energy,Standard letter,1146.81,No,Metropolitan,2025-02-07,0,,Delivered
P14767,Everly Energy,Redesigned letter,405.9,Yes,Metropolitan,2025-02-03,0,,Delivered
P14768,Lumen Energy,Redesigned letter,784.37,No,Metropolitan,2025-02-03,0,,Delivered
P14769,Harbour Energy,Standard letter,1307.62,Yes,Regional,2025-02-12,0,,Delivered
P14770,Summit Energy,Redesigned letter,1562.45,Yes,Regional,2025-02-08,0,,Delivered
P14771,Harbour Energy,Redesigned letter,1479.78,No,Metropolitan,2025-02-12,0,,Delivered
P14772,Lumen Energy,Redesigned letter,687.75,No,Metropolitan,2025-02-06,1,17,Delivered
P14773,Harbour Energy,Redesigned letter,476.46,No,Regional,2025-02-11,0,,Delivered
P14774,Harbour Energy,Standard letter,1082.15,No,Metropolitan,2025-02-08,0,,Delivered
P14775,Summit Energy,Standard letter,510.85,No,Regional,2025-02-12,0,,Delivered
P14776,Harbour Energy,Redesigned letter,212.27,Yes,Metropolitan,2025-02-13,1,18,Delivered
P14777,Kestrel Power,Redesigned letter,1831.71,Yes,Metropolitan,2025-02-05,0,,Delivered
P14778,Harbour Energy,Standard letter,959.99,Yes,Metropolitan,2025-02-11,0,,Delivered
P14779,Lumen Energy,Standard letter,1520.37,No,Metropolitan,2025-02-04,0,,Delivered
P14780,Harbour Energy,Redesigned letter,533.47,Yes,Metropolitan,2025-02-09,0,,Delivered
P14781,Lumen Energy,Redesigned letter,589.14,No,Regional,2025-02-05,0,,Delivered
P14782,Harbour Energy,Redesigned letter,1672.47,Yes,Metropolitan,2025-02-14,1,15,Delivered
P14783,Summit Energy,Standard letter,427.65,No,Metropolitan,2025-02-07,0,,Delivered
P14784,Kestrel Power,Standard letter,584.27,Yes,Regional,2025-02-13,0,,Delivered
P14785,Harbour Energy,Standard letter,2757.5,No,Metropolitan,2025-02-07,0,,Delivered
P14786,Kestrel Power,Standard letter,1390.65,Yes,Metropolitan,2025-02-10,1,18,Delivered
P14787,Everly Energy,Standard letter,669.63,No,Metropolitan,2025-02-04,1,4,Delivered
P14788,Everly Energy,Standard letter,2044.66,No,Regional,2025-02-04,0,,Delivered
P14789,Summit Energy,Redesigned letter,292.78,No,Regional,2025-02-07,0,,Delivered
P14790,Lumen Energy,Standard letter,1277.25,No,Regional,2025-02-07,1,17,Delivered
P14791,Solace Power,Standard letter,780.02,No,Metropolitan,2025-02-14,0,,Delivered
P14792,Kestrel Power,Redesigned letter,277.13,No,Metropolitan,2025-02-07,0,,Delivered
P14793,Everly Energy,Standard letter,1078.68,Yes,Regional,2025-02-03,0,,Delivered
P14794,Kestrel Power,Redesigned letter,767.83,No,Metropolitan,2025-02-04,0,,Delivered
P14795,Lumen Energy,Standard letter,422.01,No,Metropolitan,2025-02-14,1,22,Delivered
P14796,Everly Energy,Redesigned letter,1054.03,No,Metropolitan,2025-02-06,0,,Delivered
P14797,Everly Energy,Standard letter,592.35,Yes,Metropolitan,2025-02-10,0,,Delivered
P14798,Lumen Energy,Standard letter,2314.4,Yes,Metropolitan,2025-02-09,0,,Delivered
P14799,Solace Power,Redesigned letter,892.18,No,Metropolitan,2025-02-08,0,,Delivered
P14800,Everly Energy,Standard letter,585.63,No,Metropolitan,2025-02-09,0,,Delivered
P14801,Harbour Energy,Standard letter,622.62,No,Regional,2025-02-11,0,,Delivered
P14802,Everly Energy,Redesigned letter,897.58,Yes,Regional,2025-02-07,0,,Delivered
P14803,Lumen Energy,Redesigned letter,1214.95,No,Regional,2025-02-12,0,,Delivered
P14804,Harbour Energy,Standard letter,640.84,No,Regional,2025-02-13,0,,Delivered
P14805,Everly Energy,Standard letter,1245.09,No,Regional,2025-02-09,0,,Delivered
P14806,Lumen Energy,Redesigned letter,916.85,Yes,Metropolitan,2025-02-03,0,,Delivered
P14807,Everly Energy,Redesigned letter,1213.67,No,Regional,2025-02-06,0,,Delivered
P14808,Solace Power,Standard letter,992.96,Yes,Metropolitan,2025-02-11,0,,Delivered
P14809,Everly Energy,Standard letter,962.89,No,Regional,2025-02-06,1,25,Delivered
P14810,Harbour Energy,Standard letter,707.73,No,Metropolitan,2025-02-09,0,,Delivered
P14811,Everly Energy,Standard letter,496.63,No,Regional,2025-02-08,0,,Delivered
P14812,Solace Power,Redesigned letter,734.97,No,Metropolitan,2025-02-11,0,,Delivered
P14813,Kestrel Power,Standard letter,687.26,Yes,Regional,2025-02-09,1,4,Delivered
P14814,Everly Energy,Standard letter,922.01,No,Metropolitan,2025-02-09,1,8,Delivered
P14815,Kestrel Power,Standard letter,1010.43,Yes,Metropolitan,2025-02-11,0,,Delivered
P14816,Summit Energy,Redesigned letter,475.32,No,Metropolitan,2025-02-08,0,,Delivered
P14817,Summit Energy,Redesigned letter,1831.86,No,Metropolitan,2025-02-13,0,,Delivered
P14818,Summit Energy,Standard letter,1479.46,No,Metropolitan,2025-02-09,1,27,Delivered
P14819,Lumen Energy,Standard letter,352.43,No,Metropolitan,2025-02-06,0,,Delivered
P14820,Harbour Energy,Standard letter,904.6,No,Metropolitan,2025-02-08,0,,Delivered
P14821,Harbour Energy,Redesigned letter,881.87,No,Regional,2025-02-12,0,,Delivered
P14822,Harbour Energy,Redesigned letter,2654.48,No,Metropolitan,2025-02-04,0,,Delivered
P14823,Kestrel Power,Standard letter,6356.58,No,Regional,2025-02-06,0,,Delivered
P14824,Harbour Energy,Redesigned letter,1154.27,Yes,Metropolitan,2025-02-07,1,9,Delivered
P14825,Lumen Energy,Standard letter,1062.37,No,Metropolitan,2025-02-06,1,27,Delivered
P14826,Everly Energy,Redesigned letter,1687.0,No,Regional,2025-02-10,0,,Delivered
P14827,Everly Energy,Standard letter,3077.27,No,Metropolitan,2025-02-11,1,12,Delivered
P14828,Harbour Energy,Redesigned letter,393.23,No,Regional,2025-02-04,0,,Delivered
P14829,Everly Energy,Standard letter,2041.61,No,Metropolitan,2025-02-04,0,,Delivered
P14830,Kestrel Power,Redesigned letter,1776.87,No,Metropolitan,2025-02-05,0,,Delivered
P14831,Everly Energy,Redesigned letter,506.66,No,Metropolitan,2025-02-10,0,,Delivered
P14832,Everly Energy,Standard letter,679.15,No,Metropolitan,2025-02-06,0,,Delivered
P14833,Kestrel Power,Redesigned letter,1159.38,No,Metropolitan,2025-02-03,0,,Delivered
P14834,Harbour Energy,Redesigned letter,812.26,Yes,Metropolitan,2025-02-05,0,,Delivered
P14835,Harbour Energy,Redesigned letter,558.08,No,Metropolitan,2025-02-11,,,Returned undeliverable
P14836,Summit Energy,Redesigned letter,772.88,No,Metropolitan,2025-02-09,0,,Delivered
P14837,Kestrel Power,Standard letter,2090.32,No,Regional,2025-02-11,0,,Delivered
P14838,Summit Energy,Standard letter,1044.94,Yes,Metropolitan,2025-02-11,0,,Delivered
P14839,Summit Energy,Standard letter,415.84,No,Regional,2025-02-08,0,,Delivered
P14840,Kestrel Power,Redesigned letter,2915.07,No,Regional,2025-02-13,0,,Delivered
P14841,Everly Energy,Standard letter,473.65,No,Regional,2025-02-04,0,,Delivered
P14842,Harbour Energy,Standard letter,1388.56,Yes,Metropolitan,2025-02-11,0,,Delivered
P14843,Lumen Energy,Redesigned letter,838.22,Yes,Regional,2025-02-08,0,,Delivered
P14844,Harbour Energy,Redesigned letter,1744.01,Yes,Regional,2025-02-04,1,25,Delivered
P14845,Everly Energy,Redesigned letter,527.52,No,Metropolitan,2025-02-06,0,,Delivered
P14846,Everly Energy,Redesigned letter,341.85,No,Regional,2025-02-08,0,,Delivered
P14847,Harbour Energy,Redesigned letter,590.3,No,Regional,2025-02-06,0,,Delivered
P14848,Everly Energy,Redesigned letter,1114.87,Yes,Metropolitan,2025-02-07,1,29,Delivered
P14849,Solace Power,Redesigned letter,540.97,No,Metropolitan,2025-02-08,0,,Delivered
P14850,Harbour Energy,Redesigned letter,621.05,No,Metropolitan,2025-02-09,0,,Delivered
P14851,Everly Energy,Standard letter,590.03,No,Regional,2025-02-13,0,,Delivered
P14852,Everly Energy,Redesigned letter,1014.53,No,Metropolitan,2025-02-11,0,,Delivered
P14853,Kestrel Power,Standard letter,506.35,No,Metropolitan,2025-02-13,1,6,Delivered
P14854,Everly Energy,Redesigned letter,1332.29,No,Metropolitan,2025-02-10,0,,Delivered
P14855,Harbour Energy,Redesigned letter,1748.98,No,Metropolitan,2025-02-03,1,15,Delivered
P14856,Everly Energy,Redesigned letter,694.74,No,Regional,2025-02-13,0,,Delivered
P14857,Harbour Energy,Redesigned letter,1522.26,Yes,Metropolitan,2025-02-13,1,7,Delivered
P14858,Harbour Energy,Standard letter,1540.57,No,Metropolitan,2025-02-14,0,,Delivered
P14859,Harbour Energy,Standard letter,184.28,No,Metropolitan,2025-02-03,0,,Delivered
P14860,Everly Energy,Redesigned letter,1236.28,No,Metropolitan,2025-02-13,1,26,Delivered
P14861,Lumen Energy,Standard letter,1146.84,No,Regional,2025-02-13,0,,Delivered
P14862,Kestrel Power,Redesigned letter,671.56,No,Regional,2025-02-10,0,,Delivered
P14863,Kestrel Power,Redesigned letter,406.48,Yes,Regional,2025-02-04,0,,Delivered
P14864,Summit Energy,Standard letter,1414.72,No,Metropolitan,2025-02-04,0,,Delivered
P14865,Summit Energy,Standard letter,1657.14,No,Metropolitan,2025-02-12,0,,Delivered
P14866,Summit Energy,Redesigned letter,1921.32,No,Metropolitan,2025-02-05,0,,Delivered
P14867,Everly Energy,Standard letter,925.27,No,Metropolitan,2025-02-13,0,,Delivered
P14868,Everly Energy,Standard letter,930.2,No,Metropolitan,2025-02-08,0,,Delivered
P14869,Kestrel Power,Standard letter,924.69,No,Regional,2025-02-14,0,,Delivered
P14870,Harbour Energy,Redesigned letter,605.56,No,Metropolitan,2025-02-03,0,,Delivered
P14871,Everly Energy,Redesigned letter,1099.42,No,Metropolitan,2025-02-08,0,,Delivered
P14872,Solace Power,Standard letter,577.41,No,Regional,2025-02-03,0,,Delivered
P14873,Everly Energy,Redesigned letter,319.26,Yes,Metropolitan,2025-02-06,0,,Delivered
P14874,Everly Energy,Redesigned letter,2467.19,No,Metropolitan,2025-02-05,0,,Delivered
P14875,Summit Energy,Redesigned letter,321.06,No,Metropolitan,2025-02-04,0,,Delivered
P14876,Everly Energy,Redesigned letter,2087.82,No,Regional,2025-02-05,0,,Delivered
P14877,Everly Energy,Redesigned letter,1328.51,No,Metropolitan,2025-02-12,1,12,Delivered
P14878,Everly Energy,Redesigned letter,461.03,No,Metropolitan,2025-02-10,0,,Delivered
P14879,Kestrel Power,Standard letter,638.16,Yes,Metropolitan,2025-02-12,0,,Delivered
P14880,Summit Energy,Standard letter,1487.69,No,Regional,2025-02-07,0,,Delivered
P14881,Kestrel Power,Standard letter,619.51,No,Metropolitan,2025-02-06,0,,Delivered
P14882,Harbour Energy,Standard letter,1023.47,No,Metropolitan,2025-02-14,0,,Delivered
P14883,Harbour Energy,Standard letter,932.4,Yes,Regional,2025-02-11,0,,Delivered
P14884,Everly Energy,Redesigned letter,438.57,No,Metropolitan,2025-02-12,1,17,Delivered
P14885,Lumen Energy,Standard letter,1144.8,No,Metropolitan,2025-02-04,0,,Delivered
P14886,Everly Energy,Redesigned letter,569.81,No,Metropolitan,2025-02-09,0,,Delivered
P14887,Lumen Energy,Standard letter,922.01,No,Regional,2025-02-07,0,,Delivered
P14888,Kestrel Power,Standard letter,555.34,Yes,Metropolitan,2025-02-04,0,,Delivered
P14889,Harbour Energy,Standard letter,976.6,No,Metropolitan,2025-02-03,1,7,Delivered
P14890,Harbour Energy,Standard letter,828.96,No,Metropolitan,2025-02-03,0,,Delivered
P14891,Harbour Energy,Standard letter,417.45,No,Metropolitan,2025-02-04,0,,Delivered
P14892,Everly Energy,Standard letter,2493.77,No,Regional,2025-02-08,0,,Delivered
P14893,Everly Energy,Redesigned letter,1151.78,No,Regional,2025-02-11,0,,Delivered
P14894,Everly Energy,Redesigned letter,665.6,No,Metropolitan,2025-02-07,0,,Delivered
P14895,Everly Energy,Standard letter,371.66,No,Metropolitan,2025-02-04,1,26,Delivered
P14896,Lumen Energy,Redesigned letter,938.15,No,Regional,2025-02-12,0,,Delivered
P14897,Everly Energy,Redesigned letter,1063.44,No,Metropolitan,2025-02-11,0,,Delivered
P14898,Summit Energy,Redesigned letter,448.04,No,Metropolitan,2025-02-12,0,,Delivered
P14899,Harbour Energy,Standard letter,1501.69,No,Metropolitan,2025-02-12,1,14,Delivered
P14900,Harbour Energy,Standard letter,370.86,No,Metropolitan,2025-02-14,0,,Delivered
P14901,Kestrel Power,Standard letter,1550.57,No,Metropolitan,2025-02-08,0,,Delivered
P14902,Kestrel Power,Redesigned letter,908.79,No,Metropolitan,2025-02-05,,,Returned undeliverable
P14903,Lumen Energy,Redesigned letter,1709.62,No,Regional,2025-02-11,0,,Delivered
P14904,Summit Energy,Redesigned letter,321.17,Yes,Regional,2025-02-13,0,,Delivered
P14905,Solace Power,Standard letter,648.55,Yes,Regional,2025-02-07,0,,Delivered
P14906,Harbour Energy,Standard letter,508.74,Yes,Regional,2025-02-06,0,,Delivered
P14907,Everly Energy,Standard letter,1655.45,Yes,Metropolitan,2025-02-07,0,,Delivered
P14908,Everly Energy,Standard letter,1131.62,No,Metropolitan,2025-02-08,0,,Delivered
P14909,Everly Energy,Standard letter,421.01,No,Metropolitan,2025-02-12,0,,Delivered
P14910,Everly Energy,Redesigned letter,609.4,No,Regional,2025-02-13,0,,Delivered
P14911,Harbour Energy,Standard letter,1421.14,No,Regional,2025-02-07,0,,Delivered
P14912,Harbour Energy,Standard letter,1248.29,Yes,Metropolitan,2025-02-10,1,17,Delivered
P14913,Lumen Energy,Redesigned letter,1243.36,No,Regional,2025-02-12,0,,Delivered
P14914,Harbour Energy,Redesigned letter,149.44,No,Metropolitan,2025-02-06,0,,Delivered
P14915,Kestrel Power,Redesigned letter,1281.72,No,Metropolitan,2025-02-12,0,,Delivered
P14916,Harbour Energy,Standard letter,870.28,No,Metropolitan,2025-02-14,1,18,Delivered
P14917,Harbour Energy,Standard letter,1055.13,No,Regional,2025-02-05,0,,Delivered
P14918,Kestrel Power,Standard letter,531.36,No,Metropolitan,2025-02-14,0,,Delivered
P14919,Everly Energy,Redesigned letter,1914.18,No,Metropolitan,2025-02-04,0,,Delivered
P14920,Harbour Energy,Standard letter,1428.64,Yes,Regional,2025-02-14,0,,Delivered
P14921,Summit Energy,Redesigned letter,1616.95,No,Regional,2025-02-04,0,,Delivered
P14922,Everly Energy,Redesigned letter,560.25,Yes,Regional,2025-02-12,0,,Delivered
P14923,Lumen Energy,Redesigned letter,1528.2,No,Metropolitan,2025-02-12,0,,Delivered
P14924,Everly Energy,Standard letter,4326.25,Yes,Regional,2025-02-09,0,,Delivered
P14925,Everly Energy,Redesigned letter,2433.54,No,Metropolitan,2025-02-06,0,,Delivered
P14926,Harbour Energy,Redesigned letter,1047.89,Yes,Metropolitan,2025-02-13,0,,Delivered
P14927,Harbour Energy,Standard letter,1248.12,No,Metropolitan,2025-02-04,0,,Delivered
P14928,Everly Energy,Redesigned letter,1125.31,Yes,Metropolitan,2025-02-03,1,14,Delivered
P14929,Everly Energy,Standard letter,974.18,No,Metropolitan,2025-02-03,0,,Delivered
P14930,Harbour Energy,Standard letter,279.68,Yes,Regional,2025-02-10,1,5,Delivered
P14931,Everly Energy,Redesigned letter,1009.72,No,Metropolitan,2025-02-08,1,2,Delivered
P14932,Everly Energy,Standard letter,384.69,No,Metropolitan,2025-02-13,0,,Delivered
P14933,Summit Energy,Standard letter,2352.07,No,Regional,2025-02-03,1,30,Delivered
P14934,Summit Energy,Standard letter,1971.67,Yes,Regional,2025-02-14,0,,Delivered
P14935,Harbour Energy,Redesigned letter,1612.71,No,Metropolitan,2025-02-11,1,1,Delivered
P14936,Lumen Energy,Redesigned letter,1219.66,Yes,Metropolitan,2025-02-13,0,,Delivered
P14937,Everly Energy,Redesigned letter,464.42,No,Metropolitan,2025-02-04,0,,Delivered
P14938,Harbour Energy,Standard letter,1119.17,No,Metropolitan,2025-02-10,0,,Delivered
P14939,Lumen Energy,Redesigned letter,935.94,No,Metropolitan,2025-02-09,1,25,Delivered
P14940,Summit Energy,Redesigned letter,644.54,Yes,Metropolitan,2025-02-04,1,25,Delivered
P14941,Everly Energy,Standard letter,582.24,Yes,Regional,2025-02-05,0,,Delivered
P14942,Harbour Energy,Redesigned letter,1046.83,Yes,Metropolitan,2025-02-05,0,,Delivered
P14943,Summit Energy,Standard letter,1745.91,No,Metropolitan,2025-02-09,0,,Delivered
P14944,Summit Energy,Standard letter,217.04,No,Regional,2025-02-12,1,28,Delivered
P14945,Everly Energy,Standard letter,267.63,Yes,Metropolitan,2025-02-14,0,,Delivered
P14946,Summit Energy,Redesigned letter,710.73,No,Metropolitan,2025-02-05,1,29,Delivered
P14947,Everly Energy,Redesigned letter,403.51,No,Regional,2025-02-07,1,2,Delivered
P14948,Kestrel Power,Redesigned letter,610.05,No,Metropolitan,2025-02-09,0,,Delivered
P14949,Kestrel Power,Redesigned letter,363.82,No,Metropolitan,2025-02-07,0,,Delivered
P14950,Everly Energy,Standard letter,860.01,Yes,Regional,2025-02-12,0,,Delivered
P14951,Summit Energy,Redesigned letter,548.51,No,Regional,2025-02-14,0,,Delivered
P14952,Kestrel Power,Redesigned letter,1147.43,No,Metropolitan,2025-02-09,1,2,Delivered
P14953,Everly Energy,Redesigned letter,487.68,No,Metropolitan,2025-02-10,0,,Delivered
P14954,Kestrel Power,Redesigned letter,874.4,No,Regional,2025-02-13,0,,Delivered
P14955,Harbour Energy,Redesigned letter,900.04,No,Metropolitan,2025-02-06,1,23,Delivered
P14956,Summit Energy,Standard letter,556.2,Yes,Metropolitan,2025-02-07,0,,Delivered
P14957,Solace Power,Redesigned letter,3796.13,No,Regional,2025-02-07,1,2,Delivered
P14958,Lumen Energy,Standard letter,899.38,No,Metropolitan,2025-02-08,0,,Delivered
P14959,Harbour Energy,Standard letter,1222.91,No,Regional,2025-02-11,0,,Delivered
P14960,Harbour Energy,Standard letter,462.47,No,Metropolitan,2025-02-03,,,Returned undeliverable
P14961,Lumen Energy,Redesigned letter,432.43,No,Metropolitan,2025-02-11,1,8,Delivered
P14962,Summit Energy,Standard letter,1047.54,Yes,Metropolitan,2025-02-03,0,,Delivered
P14963,Solace Power,Redesigned letter,439.59,No,Metropolitan,2025-02-06,0,,Delivered
P14964,Everly Energy,Redesigned letter,1617.58,No,Metropolitan,2025-02-07,0,,Delivered
P14965,Lumen Energy,Redesigned letter,1264.23,No,Metropolitan,2025-02-12,0,,Delivered
P14966,Kestrel Power,Standard letter,1067.5,No,Regional,2025-02-14,0,,Delivered
P14967,Kestrel Power,Standard letter,525.53,No,Metropolitan,2025-02-06,0,,Delivered
P14968,Everly Energy,Standard letter,433.77,No,Regional,2025-02-13,0,,Delivered
P14969,Harbour Energy,Redesigned letter,525.04,No,Metropolitan,2025-02-08,0,,Delivered
P14970,Kestrel Power,Redesigned letter,569.09,No,Regional,2025-02-03,0,,Delivered
P14971,Everly Energy,Redesigned letter,1700.97,No,Metropolitan,2025-02-09,1,23,Delivered
P14972,Everly Energy,Redesigned letter,1615.05,No,Metropolitan,2025-02-09,0,,Delivered
P14973,Harbour Energy,Redesigned letter,1199.7,Yes,Metropolitan,2025-02-09,1,3,Delivered
P14974,Everly Energy,Redesigned letter,488.86,No,Metropolitan,2025-02-08,1,16,Delivered
P14975,Harbour Energy,Standard letter,1303.0,Yes,Regional,2025-02-11,0,,Delivered
P14976,Harbour Energy,Standard letter,2767.04,No,Metropolitan,2025-02-08,0,,Delivered
P14977,Harbour Energy,Standard letter,1376.21,No,Metropolitan,2025-02-12,0,,Delivered
P14978,Kestrel Power,Standard letter,1456.14,No,Metropolitan,2025-02-04,1,4,Delivered
P14979,Harbour Energy,Standard letter,634.61,No,Regional,2025-02-09,1,13,Delivered
P14980,Everly Energy,Standard letter,2998.82,Yes,Metropolitan,2025-02-08,,,Returned undeliverable
P14981,Kestrel Power,Redesigned letter,871.45,No,Metropolitan,2025-02-13,0,,Delivered
P14982,Kestrel Power,Redesigned letter,779.91,No,Metropolitan,2025-02-04,1,11,Delivered
P14983,Lumen Energy,Standard letter,479.38,Yes,Metropolitan,2025-02-05,0,,Delivered
P14984,Everly Energy,Redesigned letter,725.47,No,Regional,2025-02-12,1,2,Delivered
P14985,Summit Energy,Standard letter,913.99,No,Metropolitan,2025-02-09,1,25,Delivered
P14986,Everly Energy,Standard letter,331.33,No,Regional,2025-02-06,0,,Delivered
P14987,Everly Energy,Standard letter,710.76,No,Metropolitan,2025-02-14,1,22,Delivered
P14988,Solace Power,Redesigned letter,1164.92,No,Regional,2025-02-11,0,,Delivered
P14989,Summit Energy,Standard letter,1656.29,No,Metropolitan,2025-02-07,1,16,Delivered
P14990,Lumen Energy,Redesigned letter,1089.33,Yes,Metropolitan,2025-02-04,0,,Delivered
P14991,Everly Energy,Redesigned letter,635.99,No,Metropolitan,2025-02-14,1,29,Delivered
P14992,Everly Energy,Standard letter,556.77,Yes,Metropolitan,2025-02-14,0,,Delivered
P14993,Everly Energy,Standard letter,1547.06,Yes,Regional,2025-02-04,0,,Delivered
P14994,Solace Power,Standard letter,887.89,Yes,Metropolitan,2025-02-10,0,,Delivered
P14995,Harbour Energy,Redesigned letter,821.01,No,Regional,2025-02-09,0,,Delivered
P14996,Everly Energy,Redesigned letter,355.0,No,Metropolitan,2025-02-05,1,22,Delivered
P14997,Harbour Energy,Redesigned letter,502.42,No,Metropolitan,2025-02-12,0,,Delivered
P14998,Summit Energy,Standard letter,1539.11,No,Metropolitan,2025-02-05,0,,Delivered
P14999,Kestrel Power,Standard letter,572.46,No,Regional,2025-02-07,0,,Delivered
P15000,Everly Energy,Standard letter,1111.64,Yes,Regional,2025-02-10,0,,Delivered
P15001,Harbour Energy,Redesigned letter,1135.2,No,Metropolitan,2025-02-07,0,,Delivered
P15002,Harbour Energy,Standard letter,549.49,No,Metropolitan,2025-02-04,1,9,Delivered
P15003,Lumen Energy,Standard letter,1339.05,No,Regional,2025-02-07,0,,Delivered
P15004,Harbour Energy,Standard letter,3317.16,Yes,Metropolitan,2025-02-09,0,,Delivered
P15005,Summit Energy,Standard letter,899.2,Yes,Metropolitan,2025-02-05,1,18,Delivered
P15006,Harbour Energy,Redesigned letter,513.06,No,Regional,2025-02-08,0,,Delivered
P15007,Everly Energy,Standard letter,981.86,No,Metropolitan,2025-02-12,0,,Delivered
P15008,Solace Power,Redesigned letter,653.61,No,Regional,2025-02-05,1,21,Delivered
P15009,Lumen Energy,Standard letter,416.93,No,Metropolitan,2025-02-12,1,12,Delivered
P15010,Harbour Energy,Standard letter,1121.33,Yes,Metropolitan,2025-02-14,0,,Delivered
P15011,Lumen Energy,Redesigned letter,212.43,No,Regional,2025-02-04,0,,Delivered
P15012,Kestrel Power,Redesigned letter,1734.89,No,Metropolitan,2025-02-07,0,,Delivered
P15013,Solace Power,Standard letter,1069.31,No,Metropolitan,2025-02-09,0,,Delivered
P15014,Solace Power,Standard letter,758.12,No,Metropolitan,2025-02-05,1,11,Delivered
P15015,Harbour Energy,Standard letter,969.54,No,Metropolitan,2025-02-09,0,,Delivered
P15016,Kestrel Power,Standard letter,798.45,No,Metropolitan,2025-02-09,0,,Delivered
P15017,Summit Energy,Standard letter,976.72,No,Regional,2025-02-13,0,,Delivered
P15018,Harbour Energy,Redesigned letter,1320.9,No,Metropolitan,2025-02-04,1,29,Delivered
P15019,Lumen Energy,Standard letter,1660.9,No,Regional,2025-02-09,0,,Delivered
P15020,Solace Power,Standard letter,2479.7,No,Metropolitan,2025-02-03,0,,Delivered
P15021,Everly Energy,Redesigned letter,626.47,No,Metropolitan,2025-02-08,0,,Delivered
P15022,Everly Energy,Redesigned letter,632.69,Yes,Metropolitan,2025-02-05,1,30,Delivered
P15023,Everly Energy,Redesigned letter,373.69,Yes,Metropolitan,2025-02-04,0,,Delivered
P15024,Everly Energy,Standard letter,1877.36,Yes,Metropolitan,2025-02-13,0,,Delivered
P15025,Everly Energy,Redesigned letter,538.67,No,Regional,2025-02-04,0,,Delivered
P15026,Everly Energy,Redesigned letter,1863.62,No,Regional,2025-02-12,0,,Delivered
P15027,Harbour Energy,Redesigned letter,1088.44,No,Metropolitan,2025-02-09,0,,Delivered
P15028,Summit Energy,Standard letter,739.74,No,Metropolitan,2025-02-11,0,,Delivered
P15029,Everly Energy,Redesigned letter,375.45,No,Metropolitan,2025-02-13,0,,Delivered
P15030,Everly Energy,Redesigned letter,642.01,Yes,Metropolitan,2025-02-04,0,,Delivered
P15031,Everly Energy,Standard letter,763.5,No,Metropolitan,2025-02-04,1,6,Delivered
P15032,Kestrel Power,Redesigned letter,1123.28,No,Metropolitan,2025-02-11,0,,Delivered
P15033,Harbour Energy,Redesigned letter,888.26,Yes,Metropolitan,2025-02-06,0,,Delivered
P15034,Harbour Energy,Standard letter,381.44,Yes,Regional,2025-02-05,0,,Delivered
P15035,Everly Energy,Redesigned letter,532.41,Yes,Metropolitan,2025-02-08,0,,Delivered
P15036,Everly Energy,Standard letter,271.57,No,Metropolitan,2025-02-14,0,,Delivered
P15037,Everly Energy,Redesigned letter,997.25,Yes,Metropolitan,2025-02-07,0,,Delivered
P15038,Harbour Energy,Standard letter,2043.64,Yes,Regional,2025-02-14,0,,Delivered
P15039,Everly Energy,Redesigned letter,435.58,Yes,Regional,2025-02-05,0,,Delivered
P15040,Everly Energy,Standard letter,536.2,Yes,Metropolitan,2025-02-05,0,,Delivered
P15041,Harbour Energy,Standard letter,990.68,No,Regional,2025-02-06,1,15,Delivered
P15042,Lumen Energy,Standard letter,473.3,No,Metropolitan,2025-02-04,0,,Delivered
P15043,Everly Energy,Standard letter,884.34,No,Metropolitan,2025-02-05,0,,Delivered
P15044,Summit Energy,Standard letter,553.86,No,Metropolitan,2025-02-12,,,Returned undeliverable
P15045,Everly Energy,Standard letter,542.45,No,Regional,2025-02-09,0,,Delivered
P15046,Lumen Energy,Redesigned letter,1312.64,No,Metropolitan,2025-02-03,0,,Delivered
P15047,Summit Energy,Redesigned letter,867.28,No,Regional,2025-02-05,1,5,Delivered
P15048,Solace Power,Redesigned letter,344.77,No,Metropolitan,2025-02-04,1,11,Delivered
P15049,Harbour Energy,Standard letter,1678.31,No,Metropolitan,2025-02-05,0,,Delivered
P15050,Solace Power,Redesigned letter,1109.94,Yes,Regional,2025-02-08,0,,Delivered
P15051,Harbour Energy,Redesigned letter,622.67,No,Metropolitan,2025-02-12,0,,Delivered
P15052,Harbour Energy,Standard letter,746.74,No,Metropolitan,2025-02-10,1,17,Delivered
P15053,Everly Energy,Redesigned letter,1082.67,Yes,Metropolitan,2025-02-07,0,,Delivered
P15054,Harbour Energy,Standard letter,659.4,No,Metropolitan,2025-02-07,0,,Delivered
P15055,Summit Energy,Redesigned letter,947.07,No,Metropolitan,2025-02-14,0,,Delivered
P15056,Kestrel Power,Standard letter,1262.63,Yes,Regional,2025-02-09,0,,Delivered
P15057,Harbour Energy,Standard letter,852.2,Yes,Metropolitan,2025-02-08,0,,Delivered
P15058,Everly Energy,Redesigned letter,576.27,No,Metropolitan,2025-02-09,0,,Delivered
P15059,Kestrel Power,Standard letter,820.31,No,Regional,2025-02-05,0,,Delivered
P15060,Solace Power,Redesigned letter,363.8,No,Metropolitan,2025-02-03,0,,Delivered
P15061,Lumen Energy,Redesigned letter,533.66,No,Metropolitan,2025-02-08,0,,Delivered
P15062,Harbour Energy,Redesigned letter,1003.69,No,Metropolitan,2025-02-08,0,,Delivered
P15063,Harbour Energy,Standard letter,1585.25,No,Metropolitan,2025-02-12,0,,Delivered
P15064,Kestrel Power,Standard letter,1292.05,No,Regional,2025-02-04,0,,Delivered
P15065,Kestrel Power,Redesigned letter,1078.45,No,Regional,2025-02-08,0,,Delivered
P15066,Solace Power,Redesigned letter,552.75,No,Metropolitan,2025-02-03,0,,Delivered
P15067,Everly Energy,Redesigned letter,664.08,No,Regional,2025-02-06,0,,Delivered
P15068,Harbour Energy,Redesigned letter,1357.2,No,Regional,2025-02-13,0,,Delivered
P15069,Harbour Energy,Standard letter,597.6,No,Metropolitan,2025-02-08,0,,Delivered
P15070,Harbour Energy,Redesigned letter,1226.14,No,Metropolitan,2025-02-07,0,,Delivered
P15071,Kestrel Power,Redesigned letter,316.9,No,Metropolitan,2025-02-07,0,,Delivered
P15072,Everly Energy,Redesigned letter,554.25,No,Metropolitan,2025-02-03,0,,Delivered
P15073,Lumen Energy,Standard letter,3931.32,Yes,Metropolitan,2025-02-05,1,14,Delivered
P15074,Harbour Energy,Redesigned letter,711.87,No,Metropolitan,2025-02-03,0,,Delivered
P15075,Summit Energy,Redesigned letter,4323.83,No,Regional,2025-02-03,1,2,Delivered
P15076,Everly Energy,Standard letter,1462.3,No,Metropolitan,2025-02-04,0,,Delivered
P15077,Everly Energy,Redesigned letter,1687.59,No,Regional,2025-02-07,0,,Delivered
P15078,Summit Energy,Standard letter,542.86,No,Metropolitan,2025-02-08,0,,Delivered
P15079,Kestrel Power,Standard letter,779.3,Yes,Metropolitan,2025-02-11,0,,Delivered
P15080,Lumen Energy,Standard letter,525.6,Yes,Metropolitan,2025-02-14,0,,Delivered
P15081,Summit Energy,Standard letter,802.96,No,Metropolitan,2025-02-06,0,,Delivered
P15082,Lumen Energy,Standard letter,409.16,No,Metropolitan,2025-02-06,0,,Delivered
P15083,Kestrel Power,Standard letter,1345.38,Yes,Metropolitan,2025-02-12,0,,Delivered
P15084,Kestrel Power,Redesigned letter,571.46,No,Metropolitan,2025-02-09,0,,Delivered
P15085,Kestrel Power,Redesigned letter,1433.02,No,Metropolitan,2025-02-03,0,,Delivered
P15086,Lumen Energy,Standard letter,547.49,Yes,Metropolitan,2025-02-13,0,,Delivered
P15087,Everly Energy,Redesigned letter,355.99,Yes,Regional,2025-02-10,1,12,Delivered
P15088,Summit Energy,Standard letter,725.31,Yes,Regional,2025-02-08,0,,Delivered
P15089,Harbour Energy,Standard letter,702.85,No,Regional,2025-02-11,0,,Delivered
P15090,Harbour Energy,Standard letter,572.92,No,Regional,2025-02-14,0,,Delivered
P15091,Everly Energy,Redesigned letter,650.8,No,Regional,2025-02-11,0,,Delivered
P15092,Everly Energy,Redesigned letter,682.75,No,Regional,2025-02-04,0,,Delivered
P15093,Harbour Energy,Standard letter,459.3,No,Metropolitan,2025-02-09,0,,Delivered
P15094,Harbour Energy,Standard letter,370.45,No,Regional,2025-02-08,0,,Delivered
P15095,Solace Power,Redesigned letter,978.27,Yes,Metropolitan,2025-02-05,0,,Delivered
P15096,Everly Energy,Redesigned letter,550.61,No,Metropolitan,2025-02-03,0,,Delivered
P15097,Harbour Energy,Standard letter,757.54,No,Metropolitan,2025-02-11,0,,Delivered
P15098,Kestrel Power,Redesigned letter,1669.02,Yes,Metropolitan,2025-02-14,0,,Delivered
P15099,Harbour Energy,Redesigned letter,1036.14,No,Metropolitan,2025-02-03,0,,Delivered
P15100,Solace Power,Standard letter,1461.96,No,Regional,2025-02-13,0,,Delivered
P15101,Harbour Energy,Standard letter,867.8,Yes,Metropolitan,2025-02-10,0,,Delivered
P15102,Summit Energy,Standard letter,893.02,No,Regional,2025-02-13,0,,Delivered
P15103,Harbour Energy,Standard letter,530.58,No,Regional,2025-02-08,0,,Delivered
P15104,Summit Energy,Redesigned letter,410.48,No,Regional,2025-02-13,0,,Delivered
P15105,Harbour Energy,Standard letter,768.73,No,Regional,2025-02-08,0,,Delivered
P15106,Lumen Energy,Redesigned letter,1596.12,No,Metropolitan,2025-02-03,0,,Delivered
P15107,Everly Energy,Redesigned letter,2689.85,No,Metropolitan,2025-02-08,0,,Delivered
P15108,Harbour Energy,Redesigned letter,1764.5,No,Metropolitan,2025-02-11,0,,Delivered
P15109,Kestrel Power,Standard letter,784.36,No,Regional,2025-02-13,0,,Delivered
P15110,Kestrel Power,Standard letter,1264.92,No,Regional,2025-02-10,0,,Delivered
P15111,Harbour Energy,Redesigned letter,1192.11,No,Regional,2025-02-11,0,,Delivered
P15112,Everly Energy,Standard letter,937.23,Yes,Metropolitan,2025-02-05,0,,Delivered
P15113,Everly Energy,Standard letter,535.17,No,Metropolitan,2025-02-10,0,,Delivered
P15114,Harbour Energy,Redesigned letter,239.01,No,Metropolitan,2025-02-11,0,,Delivered
P15115,Summit Energy,Redesigned letter,2279.65,No,Regional,2025-02-06,1,15,Delivered
P15116,Summit Energy,Redesigned letter,698.76,No,Metropolitan,2025-02-13,1,5,Delivered
P15117,Kestrel Power,Redesigned letter,1111.68,No,Metropolitan,2025-02-09,0,,Delivered
P15118,Everly Energy,Standard letter,911.81,No,Metropolitan,2025-02-09,1,25,Delivered
P15119,Everly Energy,Redesigned letter,678.16,No,Metropolitan,2025-02-06,0,,Delivered
P15120,Harbour Energy,Standard letter,558.62,No,Regional,2025-02-13,0,,Delivered
P15121,Solace Power,Redesigned letter,1239.91,No,Metropolitan,2025-02-04,0,,Delivered
P15122,Harbour Energy,Redesigned letter,1291.26,Yes,Metropolitan,2025-02-03,1,11,Delivered
P15123,Summit Energy,Redesigned letter,273.22,No,Metropolitan,2025-02-04,0,,Delivered
P15124,Everly Energy,Redesigned letter,934.38,No,Metropolitan,2025-02-14,0,,Delivered
P15125,Kestrel Power,Redesigned letter,1281.96,No,Metropolitan,2025-02-06,0,,Delivered
P15126,Summit Energy,Standard letter,3543.19,No,Metropolitan,2025-02-04,1,4,Delivered
P15127,Everly Energy,Standard letter,1444.11,No,Metropolitan,2025-02-10,0,,Delivered
P15128,Everly Energy,Standard letter,518.06,No,Regional,2025-02-12,0,,Delivered
P15129,Lumen Energy,Redesigned letter,879.8,Yes,Metropolitan,2025-02-14,0,,Delivered
P15130,Everly Energy,Redesigned letter,1806.45,No,Metropolitan,2025-02-13,0,,Delivered
P15131,Everly Energy,Standard letter,821.98,No,Metropolitan,2025-02-11,1,9,Delivered
P15132,Kestrel Power,Standard letter,176.25,No,Metropolitan,2025-02-10,0,,Delivered
P15133,Kestrel Power,Redesigned letter,1410.32,No,Metropolitan,2025-02-08,0,,Delivered
P15134,Harbour Energy,Standard letter,776.03,No,Regional,2025-02-07,0,,Delivered
P15135,Lumen Energy,Redesigned letter,1167.94,No,Metropolitan,2025-02-08,0,,Delivered
P15136,Everly Energy,Redesigned letter,951.2,No,Metropolitan,2025-02-13,0,,Delivered
P15137,Lumen Energy,Redesigned letter,1609.81,No,Metropolitan,2025-02-13,0,,Delivered
P15138,Kestrel Power,Redesigned letter,691.72,No,Metropolitan,2025-02-05,,,Returned undeliverable
P15139,Kestrel Power,Redesigned letter,390.27,No,Metropolitan,2025-02-04,0,,Delivered
P15140,Lumen Energy,Redesigned letter,622.05,No,Metropolitan,2025-02-03,0,,Delivered
P15141,Everly Energy,Standard letter,478.12,No,Metropolitan,2025-02-05,0,,Delivered
P15142,Harbour Energy,Standard letter,644.51,No,Metropolitan,2025-02-05,0,,Delivered
P15143,Harbour Energy,Standard letter,609.77,No,Metropolitan,2025-02-08,0,,Delivered
P15144,Kestrel Power,Standard letter,534.68,No,Metropolitan,2025-02-06,0,,Delivered
P15145,Everly Energy,Redesigned letter,1377.65,No,Regional,2025-02-07,0,,Delivered
P15146,Summit Energy,Redesigned letter,802.83,No,Metropolitan,2025-02-09,1,9,Delivered
P15147,Everly Energy,Standard letter,348.76,Yes,Regional,2025-02-06,0,,Delivered
P15148,Everly Energy,Redesigned letter,952.82,No,Metropolitan,2025-02-14,0,,Delivered
P15149,Harbour Energy,Redesigned letter,401.77,No,Metropolitan,2025-02-06,0,,Delivered
P15150,Harbour Energy,Redesigned letter,922.39,No,Metropolitan,2025-02-14,0,,Delivered
P15151,Everly Energy,Standard letter,719.95,No,Regional,2025-02-04,0,,Delivered
P15152,Harbour Energy,Redesigned letter,1143.85,Yes,Metropolitan,2025-02-08,1,4,Delivered
P15153,Harbour Energy,Standard letter,687.75,Yes,Metropolitan,2025-02-13,0,,Delivered
P15154,Everly Energy,Standard letter,1960.0,No,Metropolitan,2025-02-13,0,,Delivered
P15155,Summit Energy,Redesigned letter,814.97,No,Metropolitan,2025-02-06,1,5,Delivered
P15156,Everly Energy,Redesigned letter,883.37,Yes,Metropolitan,2025-02-14,1,25,Delivered
P15157,Everly Energy,Redesigned letter,2805.21,Yes,Metropolitan,2025-02-08,0,,Delivered
P15158,Harbour Energy,Standard letter,1706.77,No,Regional,2025-02-14,0,,Delivered
P15159,Everly Energy,Redesigned letter,689.33,No,Metropolitan,2025-02-07,0,,Delivered
P15160,Harbour Energy,Standard letter,1997.74,Yes,Metropolitan,2025-02-14,,,Returned undeliverable
P15161,Kestrel Power,Redesigned letter,226.1,No,Metropolitan,2025-02-11,0,,Delivered
P15162,Summit Energy,Standard letter,816.87,No,Regional,2025-02-12,0,,Delivered
P15163,Solace Power,Redesigned letter,397.7,No,Metropolitan,2025-02-07,0,,Delivered
P15164,Harbour Energy,Redesigned letter,1358.89,No,Regional,2025-02-05,1,21,Delivered
P15165,Harbour Energy,Redesigned letter,1299.41,No,Metropolitan,2025-02-14,0,,Delivered
P15166,Kestrel Power,Redesigned letter,1787.66,No,Regional,2025-02-09,0,,Delivered
P15167,Everly Energy,Redesigned letter,547.46,No,Metropolitan,2025-02-06,0,,Delivered
P15168,Lumen Energy,Redesigned letter,313.87,No,Metropolitan,2025-02-04,0,,Delivered
P15169,Summit Energy,Redesigned letter,679.23,No,Metropolitan,2025-02-11,1,14,Delivered
P15170,Everly Energy,Redesigned letter,562.73,No,Metropolitan,2025-02-05,0,,Delivered
P15171,Everly Energy,Redesigned letter,2026.51,No,Metropolitan,2025-02-11,0,,Delivered
P15172,Kestrel Power,Standard letter,640.79,No,Regional,2025-02-08,0,,Delivered
P15173,Lumen Energy,Standard letter,660.17,Yes,Metropolitan,2025-02-05,0,,Delivered
P15174,Everly Energy,Redesigned letter,1079.11,No,Metropolitan,2025-02-10,0,,Delivered
P15175,Solace Power,Standard letter,1791.18,No,Metropolitan,2025-02-11,1,29,Delivered
P15176,Harbour Energy,Redesigned letter,1109.56,No,Metropolitan,2025-02-05,0,,Delivered
P15177,Harbour Energy,Redesigned letter,1600.48,No,Metropolitan,2025-02-12,0,,Delivered
P15178,Harbour Energy,Standard letter,451.59,Yes,Regional,2025-02-05,0,,Delivered
P15179,Harbour Energy,Standard letter,631.24,No,Metropolitan,2025-02-08,0,,Delivered
P15180,Harbour Energy,Redesigned letter,527.98,Yes,Metropolitan,2025-02-13,0,,Delivered
P15181,Lumen Energy,Standard letter,2176.17,No,Metropolitan,2025-02-13,0,,Delivered
P15182,Harbour Energy,Redesigned letter,527.07,No,Metropolitan,2025-02-07,0,,Delivered
P15183,Kestrel Power,Redesigned letter,1032.57,No,Regional,2025-02-12,0,,Delivered
P15184,Everly Energy,Redesigned letter,889.34,No,Regional,2025-02-11,0,,Delivered
P15185,Harbour Energy,Standard letter,949.6,No,Metropolitan,2025-02-14,,,Returned undeliverable
P15186,Everly Energy,Standard letter,1162.85,No,Metropolitan,2025-02-04,0,,Delivered
P15187,Harbour Energy,Standard letter,769.93,Yes,Metropolitan,2025-02-09,0,,Delivered
P15188,Summit Energy,Redesigned letter,3186.6,No,Metropolitan,2025-02-14,0,,Delivered
P15189,Summit Energy,Standard letter,438.7,No,Metropolitan,2025-02-12,1,24,Delivered
P15190,Harbour Energy,Standard letter,2116.94,No,Metropolitan,2025-02-09,0,,Delivered
P15191,Summit Energy,Standard letter,651.83,No,Regional,2025-02-06,0,,Delivered
P15192,Kestrel Power,Standard letter,762.35,Yes,Metropolitan,2025-02-11,0,,Delivered
P15193,Harbour Energy,Standard letter,903.64,No,Metropolitan,2025-02-12,0,,Delivered
P15194,Everly Energy,Redesigned letter,618.77,No,Metropolitan,2025-02-14,0,,Delivered
P15195,Kestrel Power,Redesigned letter,1740.31,Yes,Metropolitan,2025-02-07,1,19,Delivered
P15196,Everly Energy,Redesigned letter,1129.56,No,Regional,2025-02-03,1,4,Delivered
P15197,Solace Power,Standard letter,701.25,Yes,Regional,2025-02-09,0,,Delivered
P15198,Lumen Energy,Redesigned letter,883.49,Yes,Metropolitan,2025-02-04,0,,Delivered
P15199,Everly Energy,Redesigned letter,696.95,Yes,Metropolitan,2025-02-13,0,,Delivered
P15200,Lumen Energy,Redesigned letter,563.71,No,Metropolitan,2025-02-12,0,,Delivered
P15201,Summit Energy,Redesigned letter,1417.74,No,Metropolitan,2025-02-11,0,,Delivered
P15202,Everly Energy,Redesigned letter,3544.25,No,Metropolitan,2025-02-13,,,Returned undeliverable
P15203,Everly Energy,Redesigned letter,385.58,Yes,Metropolitan,2025-02-04,0,,Delivered
P15204,Lumen Energy,Standard letter,1355.14,No,Regional,2025-02-08,0,,Delivered
P15205,Everly Energy,Standard letter,856.06,No,Metropolitan,2025-02-05,0,,Delivered
P15206,Summit Energy,Standard letter,2190.5,Yes,Metropolitan,2025-02-09,1,16,Delivered
P15207,Solace Power,Redesigned letter,873.07,No,Regional,2025-02-10,1,21,Delivered
P15208,Solace Power,Redesigned letter,1307.5,Yes,Metropolitan,2025-02-14,0,,Delivered
P15209,Summit Energy,Standard letter,1115.65,No,Metropolitan,2025-02-06,0,,Delivered
P15210,Everly Energy,Redesigned letter,345.75,No,Regional,2025-02-11,0,,Delivered
P15211,Kestrel Power,Redesigned letter,1433.44,No,Regional,2025-02-10,0,,Delivered
P15212,Everly Energy,Standard letter,626.11,No,Metropolitan,2025-02-06,0,,Delivered
P15213,Lumen Energy,Standard letter,695.93,No,Metropolitan,2025-02-09,0,,Delivered
P15214,Kestrel Power,Standard letter,329.3,No,Metropolitan,2025-02-13,0,,Delivered
P15215,Everly Energy,Standard letter,1146.53,No,Regional,2025-02-08,0,,Delivered
P15216,Lumen Energy,Redesigned letter,496.63,No,Metropolitan,2025-02-13,1,30,Delivered
P15217,Everly Energy,Redesigned letter,799.88,Yes,Regional,2025-02-04,0,,Delivered
P15218,Everly Energy,Standard letter,639.19,No,Regional,2025-02-09,0,,Delivered
P15219,Harbour Energy,Standard letter,305.79,No,Metropolitan,2025-02-11,1,27,Delivered
P15220,Everly Energy,Redesigned letter,437.52,Yes,Regional,2025-02-08,0,,Delivered
P15221,Everly Energy,Redesigned letter,4107.62,Yes,Regional,2025-02-10,0,,Delivered
P15222,Everly Energy,Standard letter,1026.57,Yes,Metropolitan,2025-02-12,0,,Delivered
P15223,Lumen Energy,Standard letter,1141.4,Yes,Regional,2025-02-09,0,,Delivered
P15224,Solace Power,Redesigned letter,684.56,No,Regional,2025-02-09,0,,Delivered
P15225,Everly Energy,Redesigned letter,507.84,No,Metropolitan,2025-02-05,0,,Delivered
P15226,Kestrel Power,Redesigned letter,1055.68,Yes,Regional,2025-02-10,1,7,Delivered
P15227,Everly Energy,Standard letter,841.16,No,Regional,2025-02-07,0,,Delivered
P15228,Kestrel Power,Redesigned letter,1180.65,No,Regional,2025-02-04,0,,Delivered
P15229,Solace Power,Standard letter,2253.07,No,Metropolitan,2025-02-11,0,,Delivered
P15230,Harbour Energy,Redesigned letter,1203.61,Yes,Metropolitan,2025-02-13,0,,Delivered
P15231,Everly Energy,Standard letter,2147.81,Yes,Metropolitan,2025-02-13,0,,Delivered
P15232,Harbour Energy,Standard letter,589.37,No,Metropolitan,2025-02-05,0,,Delivered
P15233,Harbour Energy,Standard letter,481.48,No,Metropolitan,2025-02-13,0,,Delivered
P15234,Everly Energy,Standard letter,820.21,No,Metropolitan,2025-02-14,0,,Delivered
P15235,Everly Energy,Redesigned letter,444.46,Yes,Metropolitan,2025-02-08,0,,Delivered
P15236,Kestrel Power,Standard letter,898.3,No,Metropolitan,2025-02-08,0,,Delivered
P15237,Everly Energy,Redesigned letter,3799.68,No,Metropolitan,2025-02-11,0,,Delivered
P15238,Harbour Energy,Redesigned letter,669.92,No,Regional,2025-02-03,0,,Delivered
P15239,Harbour Energy,Redesigned letter,781.45,No,Regional,2025-02-08,1,12,Delivered
P15240,Everly Energy,Standard letter,899.63,Yes,Metropolitan,2025-02-09,0,,Delivered
P15241,Harbour Energy,Redesigned letter,1378.57,No,Metropolitan,2025-02-08,0,,Delivered
P15242,Kestrel Power,Standard letter,1395.75,Yes,Metropolitan,2025-02-11,0,,Delivered
P15243,Everly Energy,Redesigned letter,1066.52,Yes,Regional,2025-02-09,0,,Delivered
P15244,Kestrel Power,Redesigned letter,1673.97,No,Regional,2025-02-05,0,,Delivered
P15245,Kestrel Power,Standard letter,787.84,No,Metropolitan,2025-02-10,0,,Delivered
P15246,Solace Power,Standard letter,747.69,No,Metropolitan,2025-02-04,0,,Delivered
P15247,Everly Energy,Standard letter,947.42,No,Regional,2025-02-03,0,,Delivered
P15248,Everly Energy,Standard letter,464.73,No,Metropolitan,2025-02-07,0,,Delivered
P15249,Lumen Energy,Standard letter,839.19,No,Regional,2025-02-05,0,,Delivered
P15250,Summit Energy,Redesigned letter,565.28,No,Metropolitan,2025-02-09,1,18,Delivered
P15251,Lumen Energy,Redesigned letter,2291.56,Yes,Metropolitan,2025-02-12,1,7,Delivered
P15252,Harbour Energy,Standard letter,2134.63,No,Regional,2025-02-07,1,11,Delivered
P15253,Harbour Energy,Redesigned letter,666.44,No,Regional,2025-02-09,0,,Delivered
P15254,Solace Power,Standard letter,615.07,No,Regional,2025-02-10,0,,Delivered
P15255,Everly Energy,Standard letter,596.29,Yes,Regional,2025-02-12,1,17,Delivered
P15256,Lumen Energy,Standard letter,512.71,Yes,Regional,2025-02-09,1,24,Delivered
P15257,Lumen Energy,Standard letter,1660.41,No,Regional,2025-02-04,0,,Delivered
P15258,Harbour Energy,Redesigned letter,1218.61,No,Metropolitan,2025-02-13,1,10,Delivered
P15259,Everly Energy,Redesigned letter,1529.26,Yes,Regional,2025-02-05,0,,Delivered
P15260,Harbour Energy,Redesigned letter,583.27,No,Regional,2025-02-06,0,,Delivered
P15261,Everly Energy,Redesigned letter,539.62,No,Regional,2025-02-14,1,21,Delivered
P15262,Harbour Energy,Redesigned letter,1913.47,No,Regional,2025-02-11,0,,Delivered
P15263,Harbour Energy,Redesigned letter,2421.6,No,Metropolitan,2025-02-04,0,,Delivered
P15264,Everly Energy,Standard letter,808.08,No,Metropolitan,2025-02-08,0,,Delivered
P15265,Everly Energy,Redesigned letter,1462.23,No,Regional,2025-02-04,0,,Delivered
P15266,Harbour Energy,Redesigned letter,2303.33,No,Regional,2025-02-12,0,,Delivered
P15267,Summit Energy,Redesigned letter,1142.09,No,Metropolitan,2025-02-12,1,3,Delivered
P15268,Harbour Energy,Redesigned letter,606.42,No,Metropolitan,2025-02-05,0,,Delivered
P15269,Kestrel Power,Standard letter,771.2,No,Regional,2025-02-07,0,,Delivered
P15270,Everly Energy,Redesigned letter,792.41,No,Metropolitan,2025-02-09,0,,Delivered
P15271,Summit Energy,Standard letter,940.23,Yes,Metropolitan,2025-02-11,0,,Delivered
P15272,Kestrel Power,Redesigned letter,1230.94,Yes,Regional,2025-02-12,0,,Delivered
P15273,Harbour Energy,Standard letter,429.43,Yes,Metropolitan,2025-02-10,0,,Delivered
P15274,Everly Energy,Standard letter,1126.41,No,Regional,2025-02-09,0,,Delivered
P15275,Harbour Energy,Standard letter,1550.06,Yes,Metropolitan,2025-02-14,1,1,Delivered
P15276,Everly Energy,Standard letter,2158.3,No,Metropolitan,2025-02-11,0,,Delivered
P15277,Harbour Energy,Redesigned letter,1775.21,No,Metropolitan,2025-02-04,1,2,Delivered
P15278,Kestrel Power,Standard letter,816.81,No,Metropolitan,2025-02-12,1,19,Delivered
P15279,Everly Energy,Standard letter,1622.55,No,Metropolitan,2025-02-07,0,,Delivered
P15280,Harbour Energy,Standard letter,700.34,No,Metropolitan,2025-02-05,0,,Delivered
P15281,Everly Energy,Standard letter,1760.77,Yes,Metropolitan,2025-02-03,0,,Delivered
P15282,Everly Energy,Standard letter,1209.78,No,Metropolitan,2025-02-10,0,,Delivered
P15283,Harbour Energy,Redesigned letter,471.33,No,Regional,2025-02-04,0,,Delivered
P15284,Kestrel Power,Standard letter,2483.89,No,Metropolitan,2025-02-09,0,,Delivered
P15285,Harbour Energy,Standard letter,524.47,No,Metropolitan,2025-02-10,0,,Delivered
P15286,Kestrel Power,Standard letter,482.38,No,Regional,2025-02-12,0,,Delivered
P15287,Everly Energy,Redesigned letter,589.25,No,Metropolitan,2025-02-14,0,,Delivered
P15288,Summit Energy,Redesigned letter,623.72,No,Metropolitan,2025-02-09,0,,Delivered
P15289,Harbour Energy,Redesigned letter,1063.49,No,Regional,2025-02-04,0,,Delivered
P15290,Kestrel Power,Standard letter,336.41,No,Metropolitan,2025-02-12,1,19,Delivered
P15291,Summit Energy,Standard letter,415.07,Yes,Metropolitan,2025-02-09,0,,Delivered
P15292,Everly Energy,Standard letter,1162.57,No,Metropolitan,2025-02-07,0,,Delivered
P15293,Summit Energy,Standard letter,727.61,No,Regional,2025-02-13,1,2,Delivered
P15294,Harbour Energy,Standard letter,810.56,No,Regional,2025-02-05,0,,Delivered
P15295,Solace Power,Standard letter,1055.84,No,Metropolitan,2025-02-04,1,28,Delivered
P15296,Everly Energy,Redesigned letter,4698.1,No,Metropolitan,2025-02-07,0,,Delivered
P15297,Everly Energy,Redesigned letter,1673.87,No,Metropolitan,2025-02-12,0,,Delivered
P15298,Everly Energy,Redesigned letter,443.58,Yes,Regional,2025-02-05,0,,Delivered
P15299,Harbour Energy,Standard letter,1462.21,No,Metropolitan,2025-02-08,0,,Delivered
P15300,Kestrel Power,Standard letter,933.4,Yes,Metropolitan,2025-02-10,0,,Delivered
P15301,Kestrel Power,Redesigned letter,1028.8,Yes,Regional,2025-02-05,0,,Delivered
P15302,Everly Energy,Redesigned letter,230.32,Yes,Metropolitan,2025-02-05,,,Returned undeliverable
P15303,Lumen Energy,Redesigned letter,1201.78,No,Regional,2025-02-05,0,,Delivered
P15304,Harbour Energy,Redesigned letter,597.87,No,Metropolitan,2025-02-05,,,Returned undeliverable
P15305,Lumen Energy,Redesigned letter,1026.19,No,Metropolitan,2025-02-06,0,,Delivered
P15306,Harbour Energy,Redesigned letter,2191.19,No,Metropolitan,2025-02-04,0,,Delivered
P15307,Harbour Energy,Standard letter,488.19,No,Metropolitan,2025-02-03,0,,Delivered
P15308,Everly Energy,Standard letter,403.2,No,Regional,2025-02-13,0,,Delivered
P15309,Kestrel Power,Redesigned letter,335.55,Yes,Metropolitan,2025-02-03,0,,Delivered
P15310,Solace Power,Redesigned letter,796.18,No,Regional,2025-02-07,0,,Delivered
P15311,Lumen Energy,Redesigned letter,1092.12,No,Metropolitan,2025-02-05,1,17,Delivered
P15312,Harbour Energy,Standard letter,159.3,Yes,Metropolitan,2025-02-14,0,,Delivered
P15313,Summit Energy,Standard letter,1056.35,Yes,Metropolitan,2025-02-10,0,,Delivered
P15314,Everly Energy,Standard letter,870.82,No,Metropolitan,2025-02-12,,,Returned undeliverable
P15315,Solace Power,Standard letter,264.27,No,Metropolitan,2025-02-03,0,,Delivered
P15316,Everly Energy,Redesigned letter,1726.03,No,Metropolitan,2025-02-04,1,23,Delivered
P15317,Everly Energy,Redesigned letter,1037.3,Yes,Metropolitan,2025-02-05,0,,Delivered
P15318,Harbour Energy,Redesigned letter,732.21,No,Regional,2025-02-07,0,,Delivered
P15319,Solace Power,Standard letter,1015.47,No,Metropolitan,2025-02-09,0,,Delivered
P15320,Kestrel Power,Redesigned letter,1269.57,No,Metropolitan,2025-02-07,0,,Delivered
P15321,Everly Energy,Redesigned letter,1577.73,No,Metropolitan,2025-02-05,1,16,Delivered
P15322,Everly Energy,Standard letter,571.03,No,Metropolitan,2025-02-08,,,Returned undeliverable
P15323,Everly Energy,Redesigned letter,977.63,Yes,Regional,2025-02-06,0,,Delivered
P15324,Kestrel Power,Standard letter,3007.02,No,Metropolitan,2025-02-05,0,,Delivered
P15325,Everly Energy,Standard letter,872.65,No,Metropolitan,2025-02-11,1,3,Delivered
P15326,Kestrel Power,Redesigned letter,1804.23,Yes,Metropolitan,2025-02-07,0,,Delivered
P15327,Harbour Energy,Redesigned letter,3029.23,Yes,Metropolitan,2025-02-05,1,20,Delivered
P15328,Harbour Energy,Redesigned letter,1351.1,Yes,Metropolitan,2025-02-09,1,27,Delivered
P15329,Solace Power,Redesigned letter,1146.57,No,Metropolitan,2025-02-06,0,,Delivered
P15330,Lumen Energy,Standard letter,1730.84,Yes,Metropolitan,2025-02-12,1,12,Delivered
P15331,Summit Energy,Standard letter,1313.45,No,Metropolitan,2025-02-03,0,,Delivered
P15332,Harbour Energy,Standard letter,948.06,No,Regional,2025-02-03,0,,Delivered
P15333,Everly Energy,Standard letter,268.05,No,Metropolitan,2025-02-14,0,,Delivered
P15334,Harbour Energy,Redesigned letter,1351.28,Yes,Metropolitan,2025-02-09,0,,Delivered
P15335,Summit Energy,Standard letter,789.99,No,Regional,2025-02-06,0,,Delivered
P15336,Harbour Energy,Standard letter,517.71,Yes,Metropolitan,2025-02-09,0,,Delivered
P15337,Summit Energy,Standard letter,944.12,No,Metropolitan,2025-02-13,1,5,Delivered
P15338,Kestrel Power,Redesigned letter,1566.87,No,Metropolitan,2025-02-06,0,,Delivered
P15339,Summit Energy,Standard letter,447.63,Yes,Regional,2025-02-06,0,,Delivered
P15340,Everly Energy,Standard letter,2336.6,No,Metropolitan,2025-02-10,0,,Delivered
P15341,Everly Energy,Standard letter,1216.42,No,Metropolitan,2025-02-04,0,,Delivered
P15342,Kestrel Power,Standard letter,1325.13,Yes,Metropolitan,2025-02-07,0,,Delivered
P15343,Summit Energy,Redesigned letter,873.11,No,Regional,2025-02-13,1,6,Delivered
P15344,Lumen Energy,Redesigned letter,933.18,No,Regional,2025-02-05,0,,Delivered
P15345,Everly Energy,Standard letter,639.49,Yes,Regional,2025-02-03,0,,Delivered
P15346,Everly Energy,Standard letter,1092.17,No,Metropolitan,2025-02-03,0,,Delivered
P15347,Everly Energy,Redesigned letter,1215.84,No,Metropolitan,2025-02-08,1,13,Delivered
P15348,Harbour Energy,Redesigned letter,1346.66,Yes,Metropolitan,2025-02-11,0,,Delivered
P15349,Summit Energy,Standard letter,710.87,No,Regional,2025-02-12,0,,Delivered
P15350,Everly Energy,Standard letter,1250.0,No,Metropolitan,2025-02-05,0,,Delivered
P15351,Harbour Energy,Redesigned letter,449.23,Yes,Regional,2025-02-13,0,,Delivered
P15352,Summit Energy,Redesigned letter,1297.89,No,Regional,2025-02-12,0,,Delivered
P15353,Everly Energy,Redesigned letter,1172.08,No,Metropolitan,2025-02-13,0,,Delivered
P15354,Lumen Energy,Redesigned letter,521.38,No,Metropolitan,2025-02-06,1,17,Delivered
P15355,Everly Energy,Redesigned letter,609.77,No,Metropolitan,2025-02-12,0,,Delivered
P15356,Summit Energy,Redesigned letter,544.75,No,Metropolitan,2025-02-03,0,,Delivered
P15357,Harbour Energy,Redesigned letter,1314.05,No,Metropolitan,2025-02-05,0,,Delivered
P15358,Lumen Energy,Redesigned letter,1505.07,No,Metropolitan,2025-02-03,1,9,Delivered
P15359,Harbour Energy,Standard letter,2299.89,Yes,Regional,2025-02-04,0,,Delivered
P15360,Summit Energy,Standard letter,1159.67,No,Regional,2025-02-05,0,,Delivered
P15361,Everly Energy,Standard letter,477.55,Yes,Metropolitan,2025-02-03,0,,Delivered
P15362,Harbour Energy,Standard letter,2211.06,No,Regional,2025-02-12,1,3,Delivered
P15363,Everly Energy,Standard letter,297.75,No,Regional,2025-02-10,0,,Delivered
P15364,Harbour Energy,Standard letter,1241.13,No,Regional,2025-02-10,0,,Delivered
P15365,Everly Energy,Standard letter,423.37,No,Regional,2025-02-14,0,,Delivered
P15366,Lumen Energy,Standard letter,779.82,No,Metropolitan,2025-02-06,1,7,Delivered
P15367,Everly Energy,Standard letter,698.81,No,Regional,2025-02-04,,,Returned undeliverable
P15368,Lumen Energy,Standard letter,701.64,Yes,Metropolitan,2025-02-06,0,,Delivered
P15369,Summit Energy,Redesigned letter,1328.36,No,Metropolitan,2025-02-09,0,,Delivered
P15370,Lumen Energy,Redesigned letter,1052.56,Yes,Metropolitan,2025-02-12,,,Returned undeliverable
P15371,Harbour Energy,Redesigned letter,632.27,No,Metropolitan,2025-02-04,0,,Delivered
P15372,Summit Energy,Standard letter,1701.75,Yes,Metropolitan,2025-02-12,0,,Delivered
P15373,Harbour Energy,Redesigned letter,560.47,No,Metropolitan,2025-02-08,0,,Delivered
P15374,Everly Energy,Redesigned letter,1151.04,No,Regional,2025-02-05,0,,Delivered
P15375,Harbour Energy,Redesigned letter,1163.72,No,Metropolitan,2025-02-09,,,Returned undeliverable
P15376,Kestrel Power,Redesigned letter,1326.44,No,Regional,2025-02-08,0,,Delivered
P15377,Harbour Energy,Standard letter,634.11,No,Metropolitan,2025-02-07,0,,Delivered
P15378,Everly Energy,Standard letter,363.13,No,Metropolitan,2025-02-10,0,,Delivered
P15379,Lumen Energy,Standard letter,1621.04,No,Metropolitan,2025-02-08,0,,Delivered
P15380,Solace Power,Redesigned letter,462.67,Yes,Metropolitan,2025-02-10,1,5,Delivered
P15381,Kestrel Power,Standard letter,640.19,No,Metropolitan,2025-02-08,0,,Delivered
P15382,Everly Energy,Standard letter,676.48,No,Metropolitan,2025-02-08,1,29,Delivered
P15383,Summit Energy,Standard letter,508.91,Yes,Regional,2025-02-09,0,,Delivered
P15384,Summit Energy,Redesigned letter,1131.61,No,Metropolitan,2025-02-09,0,,Delivered
P15385,Lumen Energy,Standard letter,1686.09,No,Metropolitan,2025-02-13,1,19,Delivered
P15386,Everly Energy,Standard letter,266.12,No,Regional,2025-02-10,0,,Delivered
P15387,Harbour Energy,Redesigned letter,1493.85,Yes,Metropolitan,2025-02-10,0,,Delivered
P15388,Harbour Energy,Redesigned letter,1344.69,Yes,Regional,2025-02-13,0,,Delivered
P15389,Harbour Energy,Redesigned letter,1484.26,No,Metropolitan,2025-02-10,0,,Delivered
P15390,Summit Energy,Standard letter,899.74,Yes,Regional,2025-02-12,0,,Delivered
P15391,Solace Power,Standard letter,897.28,No,Metropolitan,2025-02-10,0,,Delivered
P15392,Summit Energy,Standard letter,1561.46,No,Regional,2025-02-09,0,,Delivered
P15393,Harbour Energy,Redesigned letter,1870.65,Yes,Metropolitan,2025-02-03,1,8,Delivered
P15394,Kestrel Power,Redesigned letter,1872.18,No,Regional,2025-02-06,1,14,Delivered
P15395,Solace Power,Redesigned letter,893.19,No,Regional,2025-02-10,0,,Delivered
P15396,Summit Energy,Redesigned letter,382.48,Yes,Metropolitan,2025-02-10,0,,Delivered
P15397,Harbour Energy,Redesigned letter,3251.2,No,Regional,2025-02-07,0,,Delivered
P15398,Solace Power,Standard letter,1619.46,No,Metropolitan,2025-02-03,0,,Delivered
P15399,Kestrel Power,Standard letter,1433.79,No,Regional,2025-02-09,0,,Delivered
P15400,Kestrel Power,Redesigned letter,1180.36,No,Metropolitan,2025-02-06,1,2,Delivered
P15401,Summit Energy,Redesigned letter,1221.58,No,Metropolitan,2025-02-13,1,28,Delivered
P15402,Lumen Energy,Standard letter,664.09,No,Regional,2025-02-10,0,,Delivered
P15403,Harbour Energy,Standard letter,1195.94,No,Metropolitan,2025-02-07,0,,Delivered
P15404,Everly Energy,Standard letter,242.17,No,Regional,2025-02-09,1,15,Delivered
P15405,Harbour Energy,Redesigned letter,525.22,No,Regional,2025-02-05,1,16,Delivered
P15406,Harbour Energy,Standard letter,1167.95,No,Regional,2025-02-10,0,,Delivered
P15407,Everly Energy,Redesigned letter,592.89,No,Regional,2025-02-04,0,,Delivered
P15408,Kestrel Power,Standard letter,1003.44,Yes,Metropolitan,2025-02-10,1,16,Delivered
P15409,Lumen Energy,Standard letter,1740.22,No,Metropolitan,2025-02-10,0,,Delivered
P15410,Solace Power,Redesigned letter,359.08,No,Metropolitan,2025-02-03,0,,Delivered
P15411,Solace Power,Standard letter,745.27,No,Regional,2025-02-03,0,,Delivered
P15412,Summit Energy,Redesigned letter,3759.68,No,Metropolitan,2025-02-04,0,,Delivered
P15413,Everly Energy,Redesigned letter,509.92,No,Regional,2025-02-11,0,,Delivered
P15414,Everly Energy,Redesigned letter,772.28,No,Regional,2025-02-04,1,29,Delivered
P15415,Everly Energy,Standard letter,577.48,No,Regional,2025-02-14,0,,Delivered
P15416,Harbour Energy,Standard letter,466.44,No,Metropolitan,2025-02-12,1,22,Delivered
P15417,Everly Energy,Redesigned letter,1677.44,No,Regional,2025-02-12,0,,Delivered
P15418,Everly Energy,Redesigned letter,673.32,No,Metropolitan,2025-02-10,0,,Delivered
P15419,Lumen Energy,Redesigned letter,2300.79,No,Metropolitan,2025-02-06,0,,Delivered
P15420,Summit Energy,Standard letter,887.66,No,Regional,2025-02-04,0,,Delivered
P15421,Everly Energy,Standard letter,903.87,No,Regional,2025-02-09,0,,Delivered
P15422,Everly Energy,Redesigned letter,1736.15,Yes,Metropolitan,2025-02-06,0,,Delivered
P15423,Lumen Energy,Standard letter,330.01,No,Metropolitan,2025-02-06,0,,Delivered
P15424,Harbour Energy,Standard letter,344.8,No,Metropolitan,2025-02-08,0,,Delivered
P15425,Everly Energy,Standard letter,1511.92,No,Metropolitan,2025-02-06,0,,Delivered
P15426,Lumen Energy,Redesigned letter,1645.89,Yes,Metropolitan,2025-02-07,0,,Delivered
P15427,Harbour Energy,Standard letter,2068.24,Yes,Metropolitan,2025-02-12,1,7,Delivered
P15428,Lumen Energy,Standard letter,1077.46,Yes,Metropolitan,2025-02-04,0,,Delivered
P15429,Harbour Energy,Redesigned letter,1050.36,No,Regional,2025-02-07,0,,Delivered
P15430,Summit Energy,Standard letter,499.14,No,Metropolitan,2025-02-09,0,,Delivered
P15431,Harbour Energy,Redesigned letter,2259.0,No,Metropolitan,2025-02-13,0,,Delivered
P15432,Harbour Energy,Redesigned letter,533.54,Yes,Regional,2025-02-08,0,,Delivered
P15433,Summit Energy,Redesigned letter,616.8,No,Metropolitan,2025-02-04,0,,Delivered
P15434,Lumen Energy,Standard letter,933.12,Yes,Regional,2025-02-08,0,,Delivered
P15435,Kestrel Power,Standard letter,398.74,Yes,Metropolitan,2025-02-06,0,,Delivered
P15436,Everly Energy,Standard letter,721.41,No,Metropolitan,2025-02-14,0,,Delivered
P15437,Summit Energy,Redesigned letter,1340.18,No,Metropolitan,2025-02-12,0,,Delivered
P15438,Harbour Energy,Standard letter,575.07,Yes,Metropolitan,2025-02-14,1,18,Delivered
P15439,Harbour Energy,Redesigned letter,1068.3,No,Metropolitan,2025-02-10,1,17,Delivered
P15440,Solace Power,Standard letter,700.32,No,Metropolitan,2025-02-04,0,,Delivered
P15441,Summit Energy,Redesigned letter,2983.39,No,Regional,2025-02-05,0,,Delivered
P15442,Lumen Energy,Standard letter,1497.59,Yes,Metropolitan,2025-02-10,0,,Delivered
P15443,Harbour Energy,Redesigned letter,3309.64,No,Metropolitan,2025-02-07,1,30,Delivered
P15444,Kestrel Power,Standard letter,734.84,Yes,Regional,2025-02-12,0,,Delivered
P15445,Harbour Energy,Standard letter,745.2,No,Regional,2025-02-03,0,,Delivered
P15446,Harbour Energy,Redesigned letter,358.81,Yes,Metropolitan,2025-02-04,0,,Delivered
P15447,Kestrel Power,Redesigned letter,1224.56,No,Metropolitan,2025-02-10,0,,Delivered
P15448,Solace Power,Standard letter,1290.16,Yes,Regional,2025-02-11,1,29,Delivered
P15449,Summit Energy,Standard letter,3341.95,Yes,Regional,2025-02-13,1,17,Delivered
P15450,Everly Energy,Redesigned letter,266.58,Yes,Metropolitan,2025-02-06,0,,Delivered
P15451,Harbour Energy,Redesigned letter,1510.14,No,Regional,2025-02-11,0,,Delivered
P15452,Everly Energy,Standard letter,637.41,No,Regional,2025-02-06,0,,Delivered
P15453,Kestrel Power,Redesigned letter,388.0,No,Regional,2025-02-06,0,,Delivered
P15454,Everly Energy,Standard letter,2409.78,No,Regional,2025-02-10,0,,Delivered
P15455,Solace Power,Standard letter,542.74,No,Metropolitan,2025-02-03,0,,Delivered
P15456,Everly Energy,Redesigned letter,2720.45,No,Regional,2025-02-05,0,,Delivered
P15457,Summit Energy,Redesigned letter,685.46,No,Metropolitan,2025-02-05,0,,Delivered
P15458,Harbour Energy,Standard letter,546.1,No,Metropolitan,2025-02-10,0,,Delivered
P15459,Harbour Energy,Standard letter,414.0,No,Regional,2025-02-03,0,,Delivered
P15460,Everly Energy,Standard letter,597.72,No,Regional,2025-02-08,,,Returned undeliverable
P15461,Harbour Energy,Redesigned letter,234.97,No,Metropolitan,2025-02-05,1,13,Delivered
P15462,Summit Energy,Standard letter,496.43,No,Regional,2025-02-03,0,,Delivered
P15463,Harbour Energy,Redesigned letter,1144.57,No,Metropolitan,2025-02-04,0,,Delivered
P15464,Kestrel Power,Redesigned letter,1401.6,No,Metropolitan,2025-02-09,1,26,Delivered
P15465,Everly Energy,Redesigned letter,1453.81,No,Metropolitan,2025-02-10,1,4,Delivered
P15466,Kestrel Power,Standard letter,729.61,No,Metropolitan,2025-02-03,0,,Delivered
P15467,Kestrel Power,Redesigned letter,489.15,Yes,Metropolitan,2025-02-04,0,,Delivered
P15468,Kestrel Power,Redesigned letter,422.14,No,Metropolitan,2025-02-12,0,,Delivered
P15469,Everly Energy,Standard letter,762.64,Yes,Metropolitan,2025-02-04,0,,Delivered
P15470,Everly Energy,Redesigned letter,549.03,No,Regional,2025-02-07,0,,Delivered
P15471,Everly Energy,Redesigned letter,782.19,No,Metropolitan,2025-02-11,0,,Delivered
P15472,Harbour Energy,Standard letter,559.06,Yes,Regional,2025-02-13,0,,Delivered
P15473,Solace Power,Standard letter,698.23,No,Metropolitan,2025-02-07,0,,Delivered
P15474,Summit Energy,Redesigned letter,3721.85,Yes,Metropolitan,2025-02-03,0,,Delivered
P15475,Everly Energy,Standard letter,473.27,Yes,Metropolitan,2025-02-09,0,,Delivered
P15476,Summit Energy,Standard letter,556.23,Yes,Regional,2025-02-04,0,,Delivered
P15477,Harbour Energy,Standard letter,378.8,No,Regional,2025-02-03,0,,Delivered
P15478,Kestrel Power,Standard letter,2285.09,No,Metropolitan,2025-02-13,0,,Delivered
P15479,Harbour Energy,Redesigned letter,1555.94,No,Metropolitan,2025-02-04,0,,Delivered
P15480,Summit Energy,Redesigned letter,729.98,No,Regional,2025-02-11,0,,Delivered
P15481,Kestrel Power,Standard letter,760.94,Yes,Metropolitan,2025-02-14,0,,Delivered
P15482,Lumen Energy,Standard letter,537.69,No,Regional,2025-02-05,0,,Delivered
P15483,Harbour Energy,Standard letter,366.09,Yes,Metropolitan,2025-02-08,0,,Delivered
P15484,Kestrel Power,Redesigned letter,494.66,No,Metropolitan,2025-02-10,0,,Delivered
P15485,Harbour Energy,Redesigned letter,729.76,No,Regional,2025-02-07,1,7,Delivered
P15486,Lumen Energy,Redesigned letter,601.3,No,Metropolitan,2025-02-08,0,,Delivered
P15487,Everly Energy,Standard letter,158.94,Yes,Regional,2025-02-09,1,20,Delivered
P15488,Harbour Energy,Redesigned letter,1239.21,No,Metropolitan,2025-02-10,1,28,Delivered
P15489,Kestrel Power,Redesigned letter,867.72,No,Metropolitan,2025-02-09,1,2,Delivered
P15490,Everly Energy,Redesigned letter,1419.41,No,Metropolitan,2025-02-13,1,17,Delivered
P15491,Everly Energy,Redesigned letter,873.17,Yes,Metropolitan,2025-02-12,0,,Delivered
P15492,Lumen Energy,Standard letter,1067.03,Yes,Metropolitan,2025-02-12,0,,Delivered
P15493,Everly Energy,Redesigned letter,2058.56,No,Metropolitan,2025-02-04,1,28,Delivered
P15494,Summit Energy,Redesigned letter,968.98,Yes,Metropolitan,2025-02-06,0,,Delivered
P15495,Harbour Energy,Standard letter,824.93,No,Metropolitan,2025-02-13,0,,Delivered
P15496,Harbour Energy,Redesigned letter,515.42,No,Metropolitan,2025-02-04,0,,Delivered
P15497,Harbour Energy,Redesigned letter,748.2,Yes,Regional,2025-02-10,0,,Delivered
P15498,Harbour Energy,Redesigned letter,760.71,Yes,Metropolitan,2025-02-04,0,,Delivered
P15499,Everly Energy,Standard letter,882.65,No,Metropolitan,2025-02-08,0,,Delivered
P15500,Everly Energy,Redesigned letter,958.69,No,Metropolitan,2025-02-10,0,,Delivered
P15501,Everly Energy,Redesigned letter,382.7,Yes,Metropolitan,2025-02-12,0,,Delivered
P15502,Kestrel Power,Redesigned letter,1422.03,Yes,Regional,2025-02-03,1,18,Delivered
P15503,Harbour Energy,Redesigned letter,1307.28,Yes,Metropolitan,2025-02-12,0,,Delivered
P15504,Harbour Energy,Redesigned letter,839.49,No,Regional,2025-02-08,0,,Delivered
P15505,Summit Energy,Standard letter,622.48,No,Metropolitan,2025-02-04,0,,Delivered
P15506,Kestrel Power,Redesigned letter,1624.75,No,Metropolitan,2025-02-07,0,,Delivered
P15507,Summit Energy,Redesigned letter,1128.8,No,Metropolitan,2025-02-10,0,,Delivered
P15508,Lumen Energy,Redesigned letter,390.48,Yes,Metropolitan,2025-02-13,0,,Delivered
P15509,Everly Energy,Standard letter,574.74,Yes,Metropolitan,2025-02-05,1,17,Delivered
P15510,Harbour Energy,Standard letter,294.28,Yes,Metropolitan,2025-02-14,0,,Delivered
P15511,Everly Energy,Redesigned letter,852.74,No,Metropolitan,2025-02-05,0,,Delivered
P15512,Summit Energy,Redesigned letter,373.8,No,Metropolitan,2025-02-08,0,,Delivered
P15513,Kestrel Power,Redesigned letter,847.62,No,Metropolitan,2025-02-09,1,21,Delivered
P15514,Everly Energy,Standard letter,838.09,No,Metropolitan,2025-02-14,0,,Delivered
P15515,Everly Energy,Redesigned letter,561.77,Yes,Metropolitan,2025-02-05,0,,Delivered
P15516,Summit Energy,Standard letter,647.98,No,Regional,2025-02-12,0,,Delivered
P15517,Lumen Energy,Standard letter,977.71,No,Regional,2025-02-08,0,,Delivered
P15518,Everly Energy,Standard letter,1280.93,No,Regional,2025-02-03,1,10,Delivered
P15519,Summit Energy,Standard letter,1311.5,Yes,Metropolitan,2025-02-05,0,,Delivered
P15520,Solace Power,Redesigned letter,342.3,Yes,Metropolitan,2025-02-14,0,,Delivered
P15521,Kestrel Power,Redesigned letter,1105.17,Yes,Regional,2025-02-10,1,26,Delivered
P15522,Kestrel Power,Standard letter,326.63,No,Metropolitan,2025-02-12,0,,Delivered
P15523,Everly Energy,Redesigned letter,656.33,No,Regional,2025-02-10,0,,Delivered
P15524,Everly Energy,Redesigned letter,820.12,No,Metropolitan,2025-02-14,0,,Delivered
P15525,Harbour Energy,Redesigned letter,432.87,No,Regional,2025-02-05,0,,Delivered
P15526,Lumen Energy,Standard letter,578.31,No,Metropolitan,2025-02-14,0,,Delivered
P15527,Everly Energy,Redesigned letter,1020.73,Yes,Regional,2025-02-12,0,,Delivered
P15528,Lumen Energy,Redesigned letter,611.62,No,Regional,2025-02-06,0,,Delivered
P15529,Summit Energy,Redesigned letter,1264.61,Yes,Metropolitan,2025-02-09,1,14,Delivered
P15530,Harbour Energy,Standard letter,648.63,No,Metropolitan,2025-02-08,0,,Delivered
P15531,Solace Power,Redesigned letter,984.97,Yes,Metropolitan,2025-02-09,0,,Delivered
P15532,Harbour Energy,Redesigned letter,1062.24,No,Metropolitan,2025-02-05,1,5,Delivered
P15533,Lumen Energy,Standard letter,426.96,No,Metropolitan,2025-02-14,0,,Delivered
P15534,Solace Power,Redesigned letter,838.19,No,Regional,2025-02-10,0,,Delivered
P15535,Harbour Energy,Standard letter,1362.88,No,Metropolitan,2025-02-03,1,28,Delivered
P15536,Kestrel Power,Redesigned letter,2294.55,No,Regional,2025-02-12,1,21,Delivered
P15537,Everly Energy,Standard letter,611.01,No,Regional,2025-02-11,0,,Delivered
P15538,Summit Energy,Standard letter,467.43,Yes,Metropolitan,2025-02-06,0,,Delivered
P15539,Kestrel Power,Standard letter,1029.15,No,Metropolitan,2025-02-13,0,,Delivered
P15540,Summit Energy,Standard letter,335.38,Yes,Regional,2025-02-12,1,19,Delivered
P15541,Kestrel Power,Standard letter,461.69,Yes,Metropolitan,2025-02-11,1,23,Delivered
P15542,Kestrel Power,Standard letter,785.08,No,Metropolitan,2025-02-14,0,,Delivered
P15543,Everly Energy,Standard letter,1638.95,No,Metropolitan,2025-02-07,0,,Delivered
P15544,Harbour Energy,Redesigned letter,350.61,Yes,Metropolitan,2025-02-09,1,29,Delivered
P15545,Harbour Energy,Standard letter,626.71,No,Regional,2025-02-07,0,,Delivered
P15546,Everly Energy,Standard letter,912.07,No,Regional,2025-02-04,1,14,Delivered
P15547,Kestrel Power,Redesigned letter,4362.51,No,Metropolitan,2025-02-05,0,,Delivered
P15548,Harbour Energy,Redesigned letter,649.18,No,Metropolitan,2025-02-09,0,,Delivered
P15549,Summit Energy,Redesigned letter,397.71,No,Metropolitan,2025-02-12,0,,Delivered
P15550,Everly Energy,Standard letter,372.25,No,Metropolitan,2025-02-11,0,,Delivered
P15551,Everly Energy,Standard letter,1955.87,Yes,Metropolitan,2025-02-05,1,29,Delivered
P15552,Lumen Energy,Standard letter,1049.53,No,Regional,2025-02-05,0,,Delivered
P15553,Harbour Energy,Standard letter,513.68,No,Metropolitan,2025-02-12,0,,Delivered
P15554,Everly Energy,Standard letter,969.79,No,Metropolitan,2025-02-10,1,9,Delivered
P15555,Harbour Energy,Redesigned letter,675.94,Yes,Regional,2025-02-06,0,,Delivered
P15556,Kestrel Power,Standard letter,1228.47,Yes,Metropolitan,2025-02-04,0,,Delivered
P15557,Harbour Energy,Standard letter,432.4,Yes,Regional,2025-02-05,0,,Delivered
P15558,Kestrel Power,Redesigned letter,843.09,No,Regional,2025-02-03,1,29,Delivered
P15559,Everly Energy,Redesigned letter,983.89,Yes,Metropolitan,2025-02-11,0,,Delivered
P15560,Kestrel Power,Redesigned letter,877.09,No,Metropolitan,2025-02-09,0,,Delivered
P15561,Everly Energy,Standard letter,923.32,No,Metropolitan,2025-02-10,0,,Delivered
P15562,Summit Energy,Standard letter,1699.79,No,Metropolitan,2025-02-04,0,,Delivered
P15563,Summit Energy,Redesigned letter,1795.43,Yes,Metropolitan,2025-02-06,1,5,Delivered
P15564,Everly Energy,Redesigned letter,633.73,No,Metropolitan,2025-02-05,0,,Delivered
P15565,Everly Energy,Redesigned letter,1350.76,Yes,Metropolitan,2025-02-03,1,30,Delivered
P15566,Everly Energy,Standard letter,2180.9,No,Metropolitan,2025-02-10,0,,Delivered
P15567,Kestrel Power,Standard letter,2155.72,No,Regional,2025-02-03,0,,Delivered
P15568,Lumen Energy,Redesigned letter,556.04,Yes,Metropolitan,2025-02-05,0,,Delivered
P15569,Everly Energy,Standard letter,951.91,Yes,Metropolitan,2025-02-03,1,2,Delivered
P15570,Kestrel Power,Redesigned letter,962.93,No,Regional,2025-02-05,0,,Delivered
P15571,Summit Energy,Standard letter,562.26,No,Regional,2025-02-10,0,,Delivered
P15572,Everly Energy,Standard letter,402.99,No,Metropolitan,2025-02-07,0,,Delivered
P15573,Everly Energy,Redesigned letter,1011.14,No,Regional,2025-02-09,,,Returned undeliverable
P15574,Summit Energy,Standard letter,843.23,No,Metropolitan,2025-02-14,0,,Delivered
P15575,Solace Power,Standard letter,1403.66,No,Metropolitan,2025-02-14,0,,Delivered
P15576,Everly Energy,Redesigned letter,763.32,No,Metropolitan,2025-02-07,0,,Delivered
P15577,Solace Power,Standard letter,1328.5,No,Metropolitan,2025-02-12,0,,Delivered
P15578,Harbour Energy,Standard letter,1572.51,No,Regional,2025-02-13,0,,Delivered
P15579,Harbour Energy,Redesigned letter,1171.82,No,Regional,2025-02-07,1,19,Delivered
P15580,Everly Energy,Standard letter,1487.9,No,Metropolitan,2025-02-13,0,,Delivered
P15581,Everly Energy,Redesigned letter,901.63,Yes,Metropolitan,2025-02-14,0,,Delivered
P15582,Kestrel Power,Redesigned letter,394.87,Yes,Regional,2025-02-09,0,,Delivered
P15583,Harbour Energy,Redesigned letter,420.89,No,Metropolitan,2025-02-12,1,12,Delivered
P15584,Lumen Energy,Redesigned letter,1318.6,Yes,Metropolitan,2025-02-13,0,,Delivered
P15585,Lumen Energy,Redesigned letter,2263.82,Yes,Regional,2025-02-09,0,,Delivered
P15586,Summit Energy,Redesigned letter,594.77,Yes,Metropolitan,2025-02-08,1,17,Delivered
P15587,Everly Energy,Standard letter,1792.67,No,Regional,2025-02-11,0,,Delivered
P15588,Everly Energy,Redesigned letter,533.15,No,Metropolitan,2025-02-08,1,17,Delivered
P15589,Everly Energy,Redesigned letter,823.13,No,Metropolitan,2025-02-14,0,,Delivered
P15590,Everly Energy,Redesigned letter,923.95,Yes,Metropolitan,2025-02-12,1,9,Delivered
P15591,Harbour Energy,Standard letter,482.8,No,Metropolitan,2025-02-05,0,,Delivered
P15592,Summit Energy,Standard letter,1026.41,Yes,Metropolitan,2025-02-10,0,,Delivered
P15593,Everly Energy,Standard letter,245.19,Yes,Metropolitan,2025-02-11,0,,Delivered
P15594,Everly Energy,Standard letter,710.08,No,Metropolitan,2025-02-03,0,,Delivered
P15595,Kestrel Power,Redesigned letter,683.84,Yes,Metropolitan,2025-02-06,0,,Delivered
P15596,Lumen Energy,Standard letter,380.5,Yes,Metropolitan,2025-02-14,0,,Delivered
P15597,Everly Energy,Standard letter,1060.3,No,Metropolitan,2025-02-11,0,,Delivered
P15598,Summit Energy,Standard letter,1357.25,No,Regional,2025-02-03,0,,Delivered
P15599,Everly Energy,Standard letter,1702.75,Yes,Regional,2025-02-14,0,,Delivered
P15600,Solace Power,Standard letter,823.51,Yes,Regional,2025-02-11,0,,Delivered
P15601,Solace Power,Redesigned letter,1284.87,Yes,Metropolitan,2025-02-08,0,,Delivered
P15602,Kestrel Power,Standard letter,2096.15,No,Metropolitan,2025-02-12,0,,Delivered
P15603,Harbour Energy,Standard letter,1439.88,No,Regional,2025-02-12,1,9,Delivered
P15604,Everly Energy,Redesigned letter,1651.91,No,Regional,2025-02-05,0,,Delivered
P15605,Harbour Energy,Standard letter,555.99,No,Metropolitan,2025-02-09,0,,Delivered
P15606,Everly Energy,Redesigned letter,537.14,No,Metropolitan,2025-02-04,1,10,Delivered
P15607,Kestrel Power,Standard letter,1738.07,No,Metropolitan,2025-02-03,0,,Delivered
P15608,Solace Power,Redesigned letter,379.49,Yes,Regional,2025-02-11,0,,Delivered
P15609,Everly Energy,Redesigned letter,657.98,No,Regional,2025-02-09,0,,Delivered
P15610,Solace Power,Redesigned letter,469.17,No,Regional,2025-02-14,0,,Delivered
P15611,Everly Energy,Standard letter,1033.19,No,Metropolitan,2025-02-03,0,,Delivered
P15612,Everly Energy,Standard letter,2628.62,No,Regional,2025-02-09,0,,Delivered
P15613,Kestrel Power,Standard letter,742.61,No,Metropolitan,2025-02-12,1,20,Delivered
P15614,Summit Energy,Redesigned letter,1201.02,No,Regional,2025-02-03,0,,Delivered
P15615,Summit Energy,Redesigned letter,703.56,No,Metropolitan,2025-02-14,0,,Delivered
P15616,Summit Energy,Redesigned letter,2766.63,No,Metropolitan,2025-02-07,0,,Delivered
P15617,Harbour Energy,Redesigned letter,624.96,No,Metropolitan,2025-02-03,0,,Delivered
P15618,Summit Energy,Redesigned letter,2067.03,No,Metropolitan,2025-02-03,0,,Delivered
P15619,Harbour Energy,Standard letter,493.1,No,Regional,2025-02-10,0,,Delivered
P15620,Harbour Energy,Redesigned letter,545.63,No,Metropolitan,2025-02-14,0,,Delivered
P15621,Lumen Energy,Redesigned letter,2539.44,No,Regional,2025-02-14,1,23,Delivered
P15622,Summit Energy,Redesigned letter,1588.43,Yes,Metropolitan,2025-02-08,0,,Delivered
P15623,Lumen Energy,Redesigned letter,1310.06,Yes,Regional,2025-02-09,0,,Delivered
P15624,Everly Energy,Standard letter,1551.45,No,Metropolitan,2025-02-03,0,,Delivered
P15625,Harbour Energy,Redesigned letter,232.83,No,Metropolitan,2025-02-03,0,,Delivered
P15626,Summit Energy,Standard letter,505.16,No,Regional,2025-02-09,0,,Delivered
P15627,Everly Energy,Redesigned letter,744.18,Yes,Metropolitan,2025-02-03,0,,Delivered
P15628,Solace Power,Standard letter,674.07,No,Metropolitan,2025-02-13,0,,Delivered
P15629,Kestrel Power,Standard letter,787.34,Yes,Regional,2025-02-09,0,,Delivered
P15630,Harbour Energy,Standard letter,1885.99,No,Metropolitan,2025-02-07,0,,Delivered
P15631,Everly Energy,Redesigned letter,701.74,No,Metropolitan,2025-02-10,0,,Delivered
P15632,Lumen Energy,Standard letter,1207.48,Yes,Metropolitan,2025-02-12,0,,Delivered
P15633,Lumen Energy,Standard letter,2835.24,No,Regional,2025-02-11,0,,Delivered
P15634,Harbour Energy,Standard letter,1074.27,No,Metropolitan,2025-02-13,0,,Delivered
P15635,Harbour Energy,Redesigned letter,612.22,Yes,Metropolitan,2025-02-09,0,,Delivered
P15636,Solace Power,Redesigned letter,382.78,No,Regional,2025-02-08,0,,Delivered
P15637,Everly Energy,Standard letter,1232.97,Yes,Metropolitan,2025-02-08,0,,Delivered
P15638,Harbour Energy,Standard letter,750.0,No,Regional,2025-02-04,1,22,Delivered
P15639,Everly Energy,Redesigned letter,1650.99,Yes,Regional,2025-02-07,0,,Delivered
P15640,Everly Energy,Standard letter,1898.06,Yes,Metropolitan,2025-02-03,0,,Delivered
P15641,Summit Energy,Redesigned letter,925.32,No,Regional,2025-02-04,0,,Delivered
P15642,Lumen Energy,Standard letter,1626.28,No,Regional,2025-02-04,1,21,Delivered
P15643,Everly Energy,Redesigned letter,901.39,No,Metropolitan,2025-02-13,0,,Delivered
P15644,Harbour Energy,Standard letter,940.0,No,Metropolitan,2025-02-14,0,,Delivered
P15645,Harbour Energy,Redesigned letter,735.96,No,Regional,2025-02-03,0,,Delivered
P15646,Everly Energy,Standard letter,1129.86,Yes,Metropolitan,2025-02-11,0,,Delivered
P15647,Lumen Energy,Redesigned letter,588.0,No,Regional,2025-02-08,0,,Delivered
P15648,Kestrel Power,Redesigned letter,564.34,No,Regional,2025-02-13,0,,Delivered
P15649,Harbour Energy,Standard letter,1699.55,No,Regional,2025-02-06,0,,Delivered
P15650,Everly Energy,Redesigned letter,950.71,No,Metropolitan,2025-02-14,0,,Delivered
P15651,Kestrel Power,Redesigned letter,878.67,No,Metropolitan,2025-02-10,0,,Delivered
P15652,Lumen Energy,Standard letter,243.65,No,Regional,2025-02-10,0,,Delivered
P15653,Everly Energy,Standard letter,614.88,No,Metropolitan,2025-02-07,1,13,Delivered
P15654,Lumen Energy,Redesigned letter,2016.98,No,Regional,2025-02-10,0,,Delivered
P15655,Lumen Energy,Standard letter,272.39,No,Metropolitan,2025-02-13,0,,Delivered
P15656,Everly Energy,Standard letter,588.04,Yes,Regional,2025-02-05,0,,Delivered
P15657,Harbour Energy,Standard letter,1904.07,No,Regional,2025-02-04,0,,Delivered
P15658,Lumen Energy,Standard letter,512.03,No,Metropolitan,2025-02-05,0,,Delivered
P15659,Kestrel Power,Redesigned letter,985.72,No,Metropolitan,2025-02-08,0,,Delivered
P15660,Everly Energy,Redesigned letter,869.39,Yes,Regional,2025-02-06,1,22,Delivered
P15661,Kestrel Power,Redesigned letter,701.92,No,Metropolitan,2025-02-05,0,,Delivered
P15662,Kestrel Power,Standard letter,717.96,Yes,Regional,2025-02-06,0,,Delivered
P15663,Everly Energy,Redesigned letter,695.99,Yes,Regional,2025-02-03,0,,Delivered
P15664,Summit Energy,Standard letter,795.91,No,Regional,2025-02-11,0,,Delivered
P15665,Harbour Energy,Redesigned letter,1060.07,No,Metropolitan,2025-02-07,0,,Delivered
P15666,Everly Energy,Standard letter,551.24,No,Metropolitan,2025-02-12,0,,Delivered
P15667,Summit Energy,Standard letter,828.08,No,Metropolitan,2025-02-06,0,,Delivered
P15668,Harbour Energy,Redesigned letter,1850.65,No,Metropolitan,2025-02-13,0,,Delivered
P15669,Everly Energy,Standard letter,588.78,Yes,Metropolitan,2025-02-06,0,,Delivered
P15670,Summit Energy,Redesigned letter,934.76,No,Metropolitan,2025-02-10,0,,Delivered
P15671,Summit Energy,Redesigned letter,572.97,No,Metropolitan,2025-02-13,1,21,Delivered
P15672,Everly Energy,Standard letter,1032.28,No,Metropolitan,2025-02-09,0,,Delivered
P15673,Lumen Energy,Redesigned letter,1462.18,No,Metropolitan,2025-02-03,0,,Delivered
P15674,Everly Energy,Redesigned letter,1031.3,No,Metropolitan,2025-02-04,0,,Delivered
P15675,Summit Energy,Standard letter,817.95,No,Metropolitan,2025-02-05,0,,Delivered
P15676,Everly Energy,Redesigned letter,1512.13,No,Metropolitan,2025-02-14,1,3,Delivered
P15677,Everly Energy,Redesigned letter,1610.2,No,Metropolitan,2025-02-09,0,,Delivered
P15678,Everly Energy,Standard letter,715.61,Yes,Metropolitan,2025-02-07,0,,Delivered
P15679,Harbour Energy,Redesigned letter,1234.59,No,Metropolitan,2025-02-08,0,,Delivered
P15680,Everly Energy,Redesigned letter,1731.48,No,Metropolitan,2025-02-05,0,,Delivered
P15681,Everly Energy,Redesigned letter,2765.77,No,Regional,2025-02-05,0,,Delivered
P15682,Lumen Energy,Redesigned letter,898.09,No,Metropolitan,2025-02-12,0,,Delivered
P15683,Summit Energy,Standard letter,1473.21,No,Metropolitan,2025-02-05,0,,Delivered
P15684,Kestrel Power,Standard letter,1780.87,No,Metropolitan,2025-02-09,0,,Delivered
P15685,Harbour Energy,Standard letter,770.34,No,Metropolitan,2025-02-09,0,,Delivered
P15686,Lumen Energy,Standard letter,607.51,No,Metropolitan,2025-02-11,0,,Delivered
P15687,Summit Energy,Redesigned letter,4344.2,No,Regional,2025-02-11,1,11,Delivered
P15688,Summit Energy,Redesigned letter,953.6,No,Metropolitan,2025-02-11,0,,Delivered
P15689,Solace Power,Standard letter,776.05,No,Metropolitan,2025-02-08,1,8,Delivered
P15690,Summit Energy,Redesigned letter,1619.2,No,Metropolitan,2025-02-14,1,29,Delivered
P15691,Kestrel Power,Standard letter,1866.84,No,Metropolitan,2025-02-10,1,18,Delivered
P15692,Everly Energy,Redesigned letter,1834.57,Yes,Metropolitan,2025-02-10,0,,Delivered
P15693,Kestrel Power,Redesigned letter,1334.12,Yes,Metropolitan,2025-02-12,1,2,Delivered
P15694,Everly Energy,Redesigned letter,832.32,No,Metropolitan,2025-02-12,1,12,Delivered
P15695,Kestrel Power,Standard letter,718.79,No,Regional,2025-02-11,0,,Delivered
P15696,Harbour Energy,Redesigned letter,747.46,No,Metropolitan,2025-02-04,0,,Delivered
P15697,Harbour Energy,Redesigned letter,455.05,No,Metropolitan,2025-02-04,0,,Delivered
P15698,Lumen Energy,Redesigned letter,1035.86,Yes,Metropolitan,2025-02-04,0,,Delivered
P15699,Everly Energy,Standard letter,1583.85,No,Regional,2025-02-03,,,Returned undeliverable
P15700,Everly Energy,Redesigned letter,263.45,No,Metropolitan,2025-02-06,0,,Delivered
P15701,Everly Energy,Redesigned letter,1371.02,No,Metropolitan,2025-02-10,0,,Delivered
P15702,Everly Energy,Standard letter,671.14,Yes,Metropolitan,2025-02-04,0,,Delivered
P15703,Summit Energy,Redesigned letter,2085.18,No,Metropolitan,2025-02-04,0,,Delivered
P15704,Harbour Energy,Redesigned letter,941.28,Yes,Metropolitan,2025-02-05,0,,Delivered
P15705,Harbour Energy,Standard letter,644.53,No,Metropolitan,2025-02-07,0,,Delivered
P15706,Everly Energy,Standard letter,965.87,No,Metropolitan,2025-02-09,0,,Delivered
P15707,Lumen Energy,Redesigned letter,722.5,Yes,Metropolitan,2025-02-10,0,,Delivered
P15708,Summit Energy,Redesigned letter,597.01,Yes,Regional,2025-02-04,0,,Delivered
P15709,Harbour Energy,Standard letter,1708.67,No,Metropolitan,2025-02-03,0,,Delivered
P15710,Kestrel Power,Standard letter,1209.0,No,Regional,2025-02-11,0,,Delivered
P15711,Kestrel Power,Standard letter,699.04,No,Metropolitan,2025-02-09,0,,Delivered
P15712,Everly Energy,Standard letter,981.63,No,Metropolitan,2025-02-03,0,,Delivered
P15713,Everly Energy,Standard letter,429.57,Yes,Regional,2025-02-14,0,,Delivered
P15714,Lumen Energy,Standard letter,623.96,No,Regional,2025-02-11,0,,Delivered
P15715,Harbour Energy,Redesigned letter,632.39,No,Metropolitan,2025-02-12,0,,Delivered
P15716,Harbour Energy,Redesigned letter,493.88,No,Metropolitan,2025-02-13,0,,Delivered
P15717,Everly Energy,Redesigned letter,1915.05,Yes,Metropolitan,2025-02-08,,,Returned undeliverable
P15718,Harbour Energy,Redesigned letter,473.19,No,Metropolitan,2025-02-08,0,,Delivered
P15719,Harbour Energy,Redesigned letter,512.33,No,Regional,2025-02-12,1,20,Delivered
P15720,Everly Energy,Standard letter,362.03,No,Metropolitan,2025-02-07,0,,Delivered
P15721,Everly Energy,Redesigned letter,1508.1,Yes,Regional,2025-02-06,0,,Delivered
P15722,Harbour Energy,Standard letter,556.74,No,Regional,2025-02-09,0,,Delivered
P15723,Harbour Energy,Standard letter,324.91,No,Regional,2025-02-06,0,,Delivered
P15724,Everly Energy,Redesigned letter,854.13,Yes,Metropolitan,2025-02-08,0,,Delivered
P15725,Harbour Energy,Standard letter,490.91,No,Regional,2025-02-13,0,,Delivered
P15726,Everly Energy,Standard letter,3237.55,Yes,Metropolitan,2025-02-05,0,,Delivered
P15727,Harbour Energy,Standard letter,786.2,No,Metropolitan,2025-02-06,0,,Delivered
P15728,Harbour Energy,Redesigned letter,586.78,Yes,Metropolitan,2025-02-05,0,,Delivered
P15729,Harbour Energy,Standard letter,1324.21,No,Regional,2025-02-05,0,,Delivered
P15730,Solace Power,Standard letter,1053.35,Yes,Metropolitan,2025-02-09,0,,Delivered
P15731,Everly Energy,Redesigned letter,365.38,No,Metropolitan,2025-02-08,,,Returned undeliverable
P15732,Everly Energy,Redesigned letter,1787.97,Yes,Regional,2025-02-09,0,,Delivered
P15733,Harbour Energy,Redesigned letter,1365.6,No,Regional,2025-02-12,0,,Delivered
P15734,Solace Power,Redesigned letter,728.87,No,Metropolitan,2025-02-06,0,,Delivered
P15735,Solace Power,Standard letter,1213.38,No,Metropolitan,2025-02-06,1,27,Delivered
P15736,Harbour Energy,Redesigned letter,714.82,Yes,Metropolitan,2025-02-06,0,,Delivered
P15737,Kestrel Power,Redesigned letter,255.19,No,Metropolitan,2025-02-13,0,,Delivered
P15738,Summit Energy,Redesigned letter,1370.9,No,Metropolitan,2025-02-11,0,,Delivered
P15739,Solace Power,Redesigned letter,999.37,Yes,Metropolitan,2025-02-05,1,7,Delivered
P15740,Harbour Energy,Redesigned letter,1292.38,No,Metropolitan,2025-02-06,0,,Delivered
P15741,Summit Energy,Standard letter,1074.47,No,Regional,2025-02-10,0,,Delivered
P15742,Everly Energy,Redesigned letter,359.93,No,Regional,2025-02-09,0,,Delivered
P15743,Solace Power,Redesigned letter,274.58,No,Regional,2025-02-10,0,,Delivered
P15744,Harbour Energy,Standard letter,847.27,Yes,Metropolitan,2025-02-11,0,,Delivered
P15745,Everly Energy,Redesigned letter,1261.06,Yes,Metropolitan,2025-02-11,0,,Delivered
P15746,Everly Energy,Standard letter,230.83,Yes,Metropolitan,2025-02-12,1,23,Delivered
P15747,Solace Power,Standard letter,2032.65,No,Regional,2025-02-12,0,,Delivered
P15748,Harbour Energy,Standard letter,875.86,No,Metropolitan,2025-02-07,0,,Delivered
P15749,Everly Energy,Redesigned letter,1392.43,Yes,Metropolitan,2025-02-08,0,,Delivered
P15750,Harbour Energy,Redesigned letter,978.15,No,Metropolitan,2025-02-03,0,,Delivered
P15751,Everly Energy,Redesigned letter,2373.73,No,Metropolitan,2025-02-14,1,29,Delivered
P15752,Kestrel Power,Standard letter,400.04,No,Metropolitan,2025-02-11,1,26,Delivered
P15753,Summit Energy,Standard letter,493.96,No,Metropolitan,2025-02-08,1,28,Delivered
P15754,Harbour Energy,Redesigned letter,385.53,No,Metropolitan,2025-02-07,0,,Delivered
P15755,Harbour Energy,Standard letter,767.72,No,Regional,2025-02-07,1,20,Delivered
P15756,Solace Power,Standard letter,990.76,No,Metropolitan,2025-02-07,0,,Delivered
P15757,Lumen Energy,Standard letter,806.09,Yes,Metropolitan,2025-02-08,0,,Delivered
P15758,Solace Power,Redesigned letter,1693.82,No,Regional,2025-02-09,1,10,Delivered
P15759,Lumen Energy,Standard letter,511.33,No,Regional,2025-02-10,0,,Delivered
P15760,Harbour Energy,Redesigned letter,234.17,No,Metropolitan,2025-02-14,1,17,Delivered
P15761,Kestrel Power,Redesigned letter,1517.36,No,Regional,2025-02-09,0,,Delivered
P15762,Everly Energy,Standard letter,294.02,No,Metropolitan,2025-02-12,0,,Delivered
P15763,Harbour Energy,Redesigned letter,1046.84,Yes,Regional,2025-02-04,1,6,Delivered
P15764,Kestrel Power,Standard letter,701.25,No,Regional,2025-02-11,0,,Delivered
P15765,Solace Power,Standard letter,443.96,No,Regional,2025-02-11,0,,Delivered
P15766,Kestrel Power,Redesigned letter,1134.5,No,Metropolitan,2025-02-12,0,,Delivered
P15767,Everly Energy,Redesigned letter,585.04,Yes,Metropolitan,2025-02-13,0,,Delivered
P15768,Summit Energy,Redesigned letter,548.03,Yes,Metropolitan,2025-02-05,0,,Delivered
P15769,Summit Energy,Redesigned letter,629.89,Yes,Metropolitan,2025-02-05,0,,Delivered
P15770,Kestrel Power,Redesigned letter,1352.77,No,Metropolitan,2025-02-10,0,,Delivered
P15771,Harbour Energy,Standard letter,583.72,Yes,Regional,2025-02-11,0,,Delivered
P15772,Everly Energy,Standard letter,800.34,No,Metropolitan,2025-02-13,0,,Delivered
P15773,Harbour Energy,Standard letter,1499.93,No,Metropolitan,2025-02-06,0,,Delivered
P15774,Summit Energy,Standard letter,618.53,Yes,Metropolitan,2025-02-05,0,,Delivered
P15775,Everly Energy,Standard letter,1065.7,No,Metropolitan,2025-02-09,0,,Delivered
P15776,Everly Energy,Redesigned letter,2722.28,No,Metropolitan,2025-02-07,0,,Delivered
P15777,Everly Energy,Redesigned letter,351.3,Yes,Metropolitan,2025-02-12,0,,Delivered
P15778,Summit Energy,Redesigned letter,1712.96,No,Regional,2025-02-04,1,22,Delivered
P15779,Kestrel Power,Redesigned letter,754.42,No,Regional,2025-02-05,0,,Delivered
P15780,Everly Energy,Redesigned letter,597.3,No,Regional,2025-02-13,0,,Delivered
P15781,Everly Energy,Redesigned letter,1053.18,Yes,Regional,2025-02-10,0,,Delivered
P15782,Lumen Energy,Standard letter,840.4,Yes,Regional,2025-02-03,0,,Delivered
P15783,Kestrel Power,Standard letter,794.1,No,Regional,2025-02-04,0,,Delivered
P15784,Harbour Energy,Standard letter,2513.24,No,Metropolitan,2025-02-06,0,,Delivered
P15785,Solace Power,Redesigned letter,918.3,No,Regional,2025-02-07,0,,Delivered
P15786,Solace Power,Redesigned letter,960.44,Yes,Metropolitan,2025-02-03,0,,Delivered
P15787,Summit Energy,Redesigned letter,700.01,Yes,Regional,2025-02-05,0,,Delivered
P15788,Harbour Energy,Redesigned letter,895.79,No,Metropolitan,2025-02-14,0,,Delivered
P15789,Kestrel Power,Redesigned letter,343.34,No,Regional,2025-02-04,0,,Delivered
P15790,Everly Energy,Standard letter,761.14,No,Metropolitan,2025-02-08,0,,Delivered
P15791,Harbour Energy,Redesigned letter,1100.11,Yes,Metropolitan,2025-02-09,0,,Delivered
P15792,Harbour Energy,Redesigned letter,2646.15,No,Metropolitan,2025-02-11,0,,Delivered
P15793,Everly Energy,Standard letter,321.15,Yes,Regional,2025-02-03,1,29,Delivered
P15794,Everly Energy,Redesigned letter,806.86,No,Regional,2025-02-11,0,,Delivered
P15795,Summit Energy,Redesigned letter,1021.55,No,Metropolitan,2025-02-03,0,,Delivered
P15796,Harbour Energy,Standard letter,2421.34,Yes,Metropolitan,2025-02-12,1,9,Delivered
P15797,Everly Energy,Redesigned letter,1672.97,No,Regional,2025-02-07,0,,Delivered
P15798,Summit Energy,Standard letter,1098.64,No,Metropolitan,2025-02-08,0,,Delivered
P15799,Lumen Energy,Standard letter,1406.26,Yes,Metropolitan,2025-02-12,0,,Delivered
P15800,Summit Energy,Redesigned letter,303.33,No,Metropolitan,2025-02-05,0,,Delivered
P15801,Harbour Energy,Redesigned letter,3066.59,No,Regional,2025-02-06,1,5,Delivered
P15802,Summit Energy,Redesigned letter,1855.2,Yes,Metropolitan,2025-02-14,0,,Delivered
P15803,Kestrel Power,Standard letter,489.37,No,Metropolitan,2025-02-03,0,,Delivered
P15804,Harbour Energy,Redesigned letter,540.47,No,Metropolitan,2025-02-07,0,,Delivered
P15805,Everly Energy,Standard letter,3214.2,Yes,Regional,2025-02-04,0,,Delivered
P15806,Harbour Energy,Redesigned letter,1117.73,Yes,Metropolitan,2025-02-13,1,19,Delivered
P15807,Everly Energy,Redesigned letter,319.37,No,Metropolitan,2025-02-14,0,,Delivered
P15808,Lumen Energy,Redesigned letter,1200.11,No,Regional,2025-02-13,0,,Delivered
P15809,Harbour Energy,Standard letter,801.27,No,Metropolitan,2025-02-04,0,,Delivered
P15810,Everly Energy,Redesigned letter,947.56,No,Metropolitan,2025-02-13,0,,Delivered
P15811,Kestrel Power,Standard letter,1404.18,Yes,Metropolitan,2025-02-05,,,Returned undeliverable
P15812,Lumen Energy,Redesigned letter,698.15,Yes,Regional,2025-02-06,0,,Delivered
P15813,Kestrel Power,Redesigned letter,1135.25,Yes,Metropolitan,2025-02-11,0,,Delivered
P15814,Harbour Energy,Redesigned letter,626.16,No,Metropolitan,2025-02-09,0,,Delivered
P15815,Summit Energy,Standard letter,2590.82,No,Regional,2025-02-03,0,,Delivered
P15816,Harbour Energy,Standard letter,1226.34,No,Metropolitan,2025-02-14,0,,Delivered
P15817,Kestrel Power,Redesigned letter,1254.58,No,Regional,2025-02-04,0,,Delivered
P15818,Everly Energy,Standard letter,3754.26,Yes,Regional,2025-02-08,0,,Delivered
P15819,Lumen Energy,Redesigned letter,2621.25,No,Regional,2025-02-04,1,14,Delivered
P15820,Harbour Energy,Redesigned letter,567.43,No,Regional,2025-02-12,0,,Delivered
P15821,Harbour Energy,Standard letter,1106.68,Yes,Metropolitan,2025-02-08,0,,Delivered
P15822,Everly Energy,Standard letter,1183.31,No,Metropolitan,2025-02-06,0,,Delivered
P15823,Summit Energy,Redesigned letter,1189.84,Yes,Metropolitan,2025-02-05,0,,Delivered
P15824,Harbour Energy,Redesigned letter,943.42,Yes,Metropolitan,2025-02-05,1,7,Delivered
P15825,Harbour Energy,Redesigned letter,1515.35,No,Metropolitan,2025-02-06,1,8,Delivered
P15826,Solace Power,Redesigned letter,1464.54,No,Metropolitan,2025-02-07,0,,Delivered
P15827,Kestrel Power,Redesigned letter,1463.83,No,Regional,2025-02-06,1,13,Delivered
P15828,Harbour Energy,Redesigned letter,890.12,No,Regional,2025-02-08,0,,Delivered
P15829,Summit Energy,Redesigned letter,541.23,No,Metropolitan,2025-02-05,0,,Delivered
P15830,Harbour Energy,Redesigned letter,1802.13,No,Regional,2025-02-07,0,,Delivered
P15831,Everly Energy,Redesigned letter,1598.24,No,Regional,2025-02-03,0,,Delivered
P15832,Harbour Energy,Standard letter,1363.44,No,Regional,2025-02-09,0,,Delivered
P15833,Everly Energy,Redesigned letter,1799.61,No,Regional,2025-02-13,0,,Delivered
P15834,Harbour Energy,Standard letter,353.07,Yes,Metropolitan,2025-02-11,1,27,Delivered
P15835,Everly Energy,Standard letter,619.61,No,Regional,2025-02-14,0,,Delivered
P15836,Solace Power,Redesigned letter,938.64,No,Metropolitan,2025-02-05,0,,Delivered
P15837,Harbour Energy,Standard letter,689.56,No,Metropolitan,2025-02-03,0,,Delivered
P15838,Everly Energy,Redesigned letter,375.23,No,Regional,2025-02-09,0,,Delivered
P15839,Everly Energy,Redesigned letter,1071.58,Yes,Metropolitan,2025-02-07,1,20,Delivered
P15840,Everly Energy,Standard letter,1124.02,No,Regional,2025-02-13,0,,Delivered
P15841,Kestrel Power,Standard letter,503.74,No,Metropolitan,2025-02-09,0,,Delivered
P15842,Harbour Energy,Redesigned letter,1401.86,Yes,Regional,2025-02-05,0,,Delivered
P15843,Everly Energy,Standard letter,944.57,No,Regional,2025-02-14,0,,Delivered
P15844,Kestrel Power,Standard letter,651.73,Yes,Metropolitan,2025-02-04,0,,Delivered
P15845,Harbour Energy,Standard letter,1325.59,Yes,Metropolitan,2025-02-06,1,14,Delivered
P15846,Everly Energy,Standard letter,1093.37,No,Regional,2025-02-05,0,,Delivered
P15847,Solace Power,Redesigned letter,632.98,Yes,Metropolitan,2025-02-14,0,,Delivered
P15848,Harbour Energy,Redesigned letter,379.74,No,Metropolitan,2025-02-13,0,,Delivered
P15849,Everly Energy,Redesigned letter,186.32,No,Metropolitan,2025-02-08,0,,Delivered
P15850,Everly Energy,Standard letter,1950.81,No,Regional,2025-02-12,0,,Delivered
P15851,Harbour Energy,Redesigned letter,395.24,No,Metropolitan,2025-02-11,0,,Delivered
P15852,Harbour Energy,Redesigned letter,841.24,No,Regional,2025-02-12,0,,Delivered
P15853,Harbour Energy,Redesigned letter,1529.75,Yes,Metropolitan,2025-02-14,0,,Delivered
P15854,Harbour Energy,Standard letter,282.99,No,Regional,2025-02-03,,,Returned undeliverable
P15855,Lumen Energy,Redesigned letter,732.24,No,Metropolitan,2025-02-11,0,,Delivered
P15856,Everly Energy,Redesigned letter,483.19,No,Metropolitan,2025-02-10,0,,Delivered
P15857,Everly Energy,Redesigned letter,1012.17,No,Metropolitan,2025-02-07,0,,Delivered
P15858,Solace Power,Redesigned letter,1776.02,No,Metropolitan,2025-02-06,1,4,Delivered
P15859,Summit Energy,Redesigned letter,871.36,Yes,Metropolitan,2025-02-03,0,,Delivered
P15860,Kestrel Power,Redesigned letter,776.87,No,Metropolitan,2025-02-14,1,28,Delivered
P15861,Everly Energy,Standard letter,2235.02,No,Metropolitan,2025-02-07,0,,Delivered
P15862,Lumen Energy,Standard letter,289.52,No,Regional,2025-02-11,0,,Delivered
P15863,Kestrel Power,Redesigned letter,470.23,Yes,Metropolitan,2025-02-12,0,,Delivered
P15864,Everly Energy,Redesigned letter,1359.02,No,Metropolitan,2025-02-06,,,Returned undeliverable
P15865,Solace Power,Redesigned letter,879.29,No,Metropolitan,2025-02-06,1,3,Delivered
P15866,Lumen Energy,Redesigned letter,2022.35,Yes,Metropolitan,2025-02-11,0,,Delivered
P15867,Harbour Energy,Redesigned letter,1041.73,Yes,Metropolitan,2025-02-06,1,5,Delivered
P15868,Everly Energy,Standard letter,537.22,Yes,Metropolitan,2025-02-08,0,,Delivered
P15869,Lumen Energy,Standard letter,400.07,No,Metropolitan,2025-02-04,0,,Delivered
P15870,Everly Energy,Redesigned letter,952.97,Yes,Metropolitan,2025-02-13,0,,Delivered
P15871,Everly Energy,Standard letter,951.91,No,Metropolitan,2025-02-11,0,,Delivered
P15872,Summit Energy,Redesigned letter,230.99,Yes,Metropolitan,2025-02-06,1,25,Delivered
P15873,Solace Power,Standard letter,971.47,No,Metropolitan,2025-02-06,0,,Delivered
P15874,Lumen Energy,Redesigned letter,2223.79,No,Regional,2025-02-06,1,14,Delivered
P15875,Everly Energy,Redesigned letter,869.66,Yes,Metropolitan,2025-02-09,0,,Delivered
P15876,Solace Power,Redesigned letter,738.22,No,Regional,2025-02-09,0,,Delivered
P15877,Everly Energy,Standard letter,1491.04,Yes,Metropolitan,2025-02-13,0,,Delivered
P15878,Summit Energy,Standard letter,711.91,No,Metropolitan,2025-02-10,1,23,Delivered
P15879,Harbour Energy,Standard letter,798.78,No,Metropolitan,2025-02-11,0,,Delivered
P15880,Everly Energy,Redesigned letter,433.2,Yes,Metropolitan,2025-02-12,1,11,Delivered
P15881,Harbour Energy,Redesigned letter,1342.26,Yes,Regional,2025-02-09,0,,Delivered
P15882,Harbour Energy,Standard letter,586.14,Yes,Metropolitan,2025-02-07,1,23,Delivered
P15883,Kestrel Power,Redesigned letter,1382.21,No,Metropolitan,2025-02-10,1,1,Delivered
P15884,Everly Energy,Redesigned letter,1684.41,No,Regional,2025-02-07,0,,Delivered
P15885,Kestrel Power,Standard letter,1289.75,No,Metropolitan,2025-02-07,0,,Delivered
P15886,Solace Power,Standard letter,1236.27,No,Regional,2025-02-04,0,,Delivered
P15887,Everly Energy,Redesigned letter,607.87,No,Metropolitan,2025-02-12,0,,Delivered
P15888,Everly Energy,Standard letter,832.14,No,Metropolitan,2025-02-13,0,,Delivered
P15889,Kestrel Power,Standard letter,1119.62,No,Regional,2025-02-13,0,,Delivered
P15890,Kestrel Power,Standard letter,462.6,Yes,Regional,2025-02-10,0,,Delivered
P15891,Harbour Energy,Standard letter,1545.9,No,Metropolitan,2025-02-03,1,7,Delivered
P15892,Harbour Energy,Redesigned letter,1051.98,No,Metropolitan,2025-02-10,0,,Delivered
P15893,Everly Energy,Standard letter,2853.98,Yes,Metropolitan,2025-02-13,0,,Delivered
P15894,Everly Energy,Standard letter,857.22,Yes,Metropolitan,2025-02-06,,,Returned undeliverable
P15895,Everly Energy,Standard letter,769.19,Yes,Metropolitan,2025-02-10,0,,Delivered
P15896,Solace Power,Standard letter,796.83,Yes,Metropolitan,2025-02-11,1,21,Delivered
P15897,Harbour Energy,Standard letter,1669.72,Yes,Metropolitan,2025-02-07,1,14,Delivered
P15898,Summit Energy,Standard letter,832.9,No,Metropolitan,2025-02-08,0,,Delivered
P15899,Harbour Energy,Standard letter,1796.0,No,Regional,2025-02-12,0,,Delivered
P15900,Lumen Energy,Standard letter,810.04,No,Regional,2025-02-05,0,,Delivered
P15901,Everly Energy,Redesigned letter,894.16,No,Regional,2025-02-06,0,,Delivered
P15902,Everly Energy,Standard letter,506.0,No,Metropolitan,2025-02-04,0,,Delivered
P15903,Solace Power,Redesigned letter,802.91,No,Metropolitan,2025-02-13,0,,Delivered
P15904,Kestrel Power,Redesigned letter,566.95,No,Metropolitan,2025-02-05,0,,Delivered
P15905,Everly Energy,Standard letter,787.29,Yes,Metropolitan,2025-02-06,0,,Delivered
P15906,Everly Energy,Standard letter,716.2,No,Metropolitan,2025-02-05,1,7,Delivered
P15907,Everly Energy,Redesigned letter,521.94,No,Regional,2025-02-07,0,,Delivered
P15908,Everly Energy,Redesigned letter,497.14,No,Regional,2025-02-11,0,,Delivered
P15909,Summit Energy,Redesigned letter,664.15,No,Regional,2025-02-11,1,22,Delivered
P15910,Everly Energy,Redesigned letter,1594.58,No,Regional,2025-02-08,1,25,Delivered
P15911,Everly Energy,Redesigned letter,1726.97,Yes,Metropolitan,2025-02-08,0,,Delivered
P15912,Kestrel Power,Standard letter,1669.69,Yes,Metropolitan,2025-02-04,0,,Delivered
P15913,Summit Energy,Redesigned letter,1693.09,No,Regional,2025-02-07,0,,Delivered
P15914,Everly Energy,Redesigned letter,1444.1,No,Metropolitan,2025-02-07,0,,Delivered
P15915,Harbour Energy,Redesigned letter,969.09,No,Metropolitan,2025-02-09,0,,Delivered
P15916,Everly Energy,Redesigned letter,266.1,No,Metropolitan,2025-02-03,0,,Delivered
P15917,Kestrel Power,Standard letter,420.12,No,Regional,2025-02-10,0,,Delivered
P15918,Summit Energy,Standard letter,711.86,No,Metropolitan,2025-02-05,0,,Delivered
P15919,Solace Power,Redesigned letter,1026.55,Yes,Regional,2025-02-04,0,,Delivered
P15920,Harbour Energy,Redesigned letter,1924.04,No,Metropolitan,2025-02-09,0,,Delivered
P15921,Everly Energy,Redesigned letter,436.22,No,Metropolitan,2025-02-08,1,13,Delivered
P15922,Lumen Energy,Redesigned letter,531.82,No,Metropolitan,2025-02-03,0,,Delivered
P15923,Everly Energy,Redesigned letter,902.73,No,Regional,2025-02-11,0,,Delivered
P15924,Harbour Energy,Redesigned letter,356.59,No,Metropolitan,2025-02-10,1,22,Delivered
P15925,Lumen Energy,Standard letter,961.91,Yes,Metropolitan,2025-02-03,0,,Delivered
P15926,Kestrel Power,Standard letter,487.49,No,Regional,2025-02-13,0,,Delivered
P15927,Everly Energy,Redesigned letter,1310.37,No,Regional,2025-02-08,0,,Delivered
P15928,Summit Energy,Standard letter,698.72,No,Regional,2025-02-07,0,,Delivered
P15929,Lumen Energy,Redesigned letter,10551.72,No,Regional,2025-02-10,0,,Delivered
P15930,Everly Energy,Redesigned letter,553.07,No,Metropolitan,2025-02-11,0,,Delivered
P15931,Harbour Energy,Redesigned letter,863.28,No,Metropolitan,2025-02-08,0,,Delivered
P15932,Harbour Energy,Redesigned letter,676.01,No,Metropolitan,2025-02-11,0,,Delivered
P15933,Solace Power,Redesigned letter,628.52,Yes,Metropolitan,2025-02-14,0,,Delivered
P15934,Kestrel Power,Redesigned letter,394.84,No,Metropolitan,2025-02-07,0,,Delivered
P15935,Harbour Energy,Redesigned letter,889.04,No,Metropolitan,2025-02-07,1,16,Delivered
P15936,Everly Energy,Standard letter,1744.0,No,Metropolitan,2025-02-05,1,11,Delivered
P15937,Everly Energy,Redesigned letter,580.61,No,Metropolitan,2025-02-11,0,,Delivered
P15938,Kestrel Power,Standard letter,601.18,Yes,Metropolitan,2025-02-06,0,,Delivered
P15939,Harbour Energy,Redesigned letter,569.09,Yes,Regional,2025-02-12,1,18,Delivered
P15940,Solace Power,Standard letter,947.72,No,Metropolitan,2025-02-14,0,,Delivered
P15941,Summit Energy,Standard letter,311.11,Yes,Metropolitan,2025-02-13,0,,Delivered
P15942,Harbour Energy,Standard letter,2490.92,Yes,Metropolitan,2025-02-14,0,,Delivered
P15943,Lumen Energy,Redesigned letter,594.99,No,Metropolitan,2025-02-11,0,,Delivered
P15944,Harbour Energy,Standard letter,995.87,No,Regional,2025-02-11,0,,Delivered
P15945,Kestrel Power,Standard letter,3301.57,No,Metropolitan,2025-02-05,1,14,Delivered
P15946,Lumen Energy,Redesigned letter,1226.0,No,Metropolitan,2025-02-03,1,23,Delivered
P15947,Harbour Energy,Standard letter,1152.62,No,Regional,2025-02-06,0,,Delivered
P15948,Harbour Energy,Standard letter,663.99,No,Metropolitan,2025-02-13,0,,Delivered
P15949,Solace Power,Redesigned letter,522.38,No,Metropolitan,2025-02-12,0,,Delivered
P15950,Everly Energy,Redesigned letter,609.3,No,Metropolitan,2025-02-14,0,,Delivered
P15951,Everly Energy,Redesigned letter,370.31,No,Regional,2025-02-13,1,5,Delivered
P15952,Kestrel Power,Standard letter,1161.45,No,Regional,2025-02-12,0,,Delivered
P15953,Harbour Energy,Redesigned letter,843.77,No,Regional,2025-02-06,0,,Delivered
P15954,Everly Energy,Standard letter,2036.66,No,Metropolitan,2025-02-06,1,14,Delivered
P15955,Kestrel Power,Standard letter,1666.95,Yes,Metropolitan,2025-02-10,0,,Delivered
P15956,Solace Power,Standard letter,579.49,Yes,Regional,2025-02-06,0,,Delivered
P15957,Summit Energy,Redesigned letter,916.32,No,Metropolitan,2025-02-10,0,,Delivered
P15958,Everly Energy,Redesigned letter,1088.12,No,Regional,2025-02-05,0,,Delivered
P15959,Kestrel Power,Standard letter,453.02,No,Metropolitan,2025-02-07,0,,Delivered
P15960,Lumen Energy,Redesigned letter,1937.98,No,Regional,2025-02-06,0,,Delivered
P15961,Everly Energy,Standard letter,2410.31,Yes,Metropolitan,2025-02-03,0,,Delivered
P15962,Everly Energy,Redesigned letter,1201.66,No,Regional,2025-02-09,0,,Delivered
P15963,Harbour Energy,Redesigned letter,666.47,No,Regional,2025-02-08,1,10,Delivered
P15964,Summit Energy,Redesigned letter,786.29,No,Metropolitan,2025-02-10,0,,Delivered
P15965,Everly Energy,Standard letter,929.33,No,Regional,2025-02-11,0,,Delivered
P15966,Everly Energy,Standard letter,3344.18,No,Metropolitan,2025-02-03,0,,Delivered
P15967,Kestrel Power,Standard letter,1299.32,No,Metropolitan,2025-02-03,0,,Delivered
P15968,Harbour Energy,Redesigned letter,886.99,Yes,Metropolitan,2025-02-08,0,,Delivered
P15969,Harbour Energy,Redesigned letter,1329.6,No,Regional,2025-02-12,0,,Delivered
P15970,Harbour Energy,Redesigned letter,392.65,No,Regional,2025-02-13,0,,Delivered
P15971,Everly Energy,Redesigned letter,686.45,Yes,Metropolitan,2025-02-04,0,,Delivered
P15972,Lumen Energy,Redesigned letter,1268.71,No,Regional,2025-02-14,1,21,Delivered
P15973,Everly Energy,Redesigned letter,1233.4,Yes,Metropolitan,2025-02-14,1,30,Delivered
P15974,Everly Energy,Redesigned letter,1753.47,No,Metropolitan,2025-02-04,0,,Delivered
P15975,Summit Energy,Redesigned letter,398.22,No,Regional,2025-02-10,0,,Delivered
P15976,Everly Energy,Standard letter,721.38,No,Metropolitan,2025-02-05,0,,Delivered
P15977,Summit Energy,Redesigned letter,516.15,No,Regional,2025-02-05,0,,Delivered
P15978,Kestrel Power,Standard letter,753.94,No,Metropolitan,2025-02-06,0,,Delivered
P15979,Everly Energy,Standard letter,295.28,No,Regional,2025-02-10,0,,Delivered
P15980,Everly Energy,Redesigned letter,2044.12,No,Metropolitan,2025-02-03,0,,Delivered
P15981,Summit Energy,Standard letter,784.01,No,Metropolitan,2025-02-13,0,,Delivered
P15982,Summit Energy,Redesigned letter,753.93,No,Metropolitan,2025-02-14,0,,Delivered
P15983,Kestrel Power,Redesigned letter,871.27,Yes,Metropolitan,2025-02-06,1,12,Delivered
P15984,Solace Power,Standard letter,365.0,No,Metropolitan,2025-02-04,0,,Delivered
P15985,Kestrel Power,Standard letter,404.87,Yes,Metropolitan,2025-02-05,0,,Delivered
P15986,Harbour Energy,Redesigned letter,435.17,Yes,Metropolitan,2025-02-09,0,,Delivered
P15987,Kestrel Power,Standard letter,1181.67,No,Metropolitan,2025-02-12,0,,Delivered
P15988,Summit Energy,Redesigned letter,2263.83,No,Regional,2025-02-07,1,22,Delivered
P15989,Everly Energy,Standard letter,1449.06,No,Metropolitan,2025-02-14,0,,Delivered
P15990,Summit Energy,Standard letter,1437.91,No,Metropolitan,2025-02-06,0,,Delivered
P15991,Harbour Energy,Standard letter,803.06,No,Regional,2025-02-12,0,,Delivered
P15992,Harbour Energy,Redesigned letter,1863.32,No,Regional,2025-02-13,0,,Delivered
P15993,Kestrel Power,Redesigned letter,526.45,No,Metropolitan,2025-02-08,0,,Delivered
P15994,Harbour Energy,Standard letter,728.62,Yes,Metropolitan,2025-02-06,0,,Delivered
P15995,Harbour Energy,Redesigned letter,494.6,No,Metropolitan,2025-02-04,0,,Delivered
P15996,Solace Power,Standard letter,745.4,Yes,Regional,2025-02-04,1,21,Delivered
P15997,Solace Power,Redesigned letter,632.57,No,Metropolitan,2025-02-06,0,,Delivered
P15998,Kestrel Power,Standard letter,998.56,No,Regional,2025-02-03,0,,Delivered
P15999,Harbour Energy,Redesigned letter,1643.65,Yes,Metropolitan,2025-02-09,1,29,Delivered
